galaxyID,FOV,pixel,view,band,b_a,PA,n,Re,Ie,Mstar_ahf_cat
939,14,700,projection_xy,band_u,0.8323901674294721,2.5246057189671207,1.6750572175823426,1.1658443999291632,6.711808690411956,40078200.0
939,14,700,projection_xy,band_r,0.8341187877985925,2.501520385866452,1.6453663102280287,1.6250576826011076,6.238341923584717,40078200.0
939,14,700,projection_xy,mockmass,0.9041691995832188,2.9692730157821483,0.979999574828617,1.8909187921823951,3.386588588914041,40078200.0
939,14,700,projection_yz,band_u,0.6618566643774495,2.777985707070068,1.9665100241805973,1.60853117853791,6.482739578907711,40078200.0
939,14,700,projection_yz,band_r,0.5066516493533213,2.827527115342142,1.796647520342019,2.792023311992906,5.974896227724121,40078200.0
939,14,700,projection_yz,mockmass,0.5225603151781586,2.848245701814484,0.9975973968131172,3.2340886939520543,3.162393534871578,40078200.0
939,14,700,projection_zx,band_u,0.7084495710869181,1.3381110085119312,1.9612441126016944,1.4735250336102623,6.513696985660359,40078200.0
939,14,700,projection_zx,band_r,0.5751159560119626,1.3923508200170331,2.023124689322414,2.862124448610728,5.891614991438584,40078200.0
939,14,700,projection_zx,mockmass,0.5309906869867406,1.6065206981490752,0.8249323170036842,3.014054845600965,3.232101105777348,40078200.0
1094,15,750,projection_xy,band_u,0.8173239061500929,1.8687055700597648,0.6993511462280518,2.651585571085521,5.516596422814473,34281500.0
1094,15,750,projection_xy,band_r,0.8278098439710234,1.876576991934199,0.6976061701765142,2.5877138572382488,5.414456843343459,34281500.0
1094,15,750,projection_xy,mockmass,0.8207321009079583,1.884141198870539,0.6964323470744884,2.6456333510374703,3.112508292156496,34281500.0
1094,15,750,projection_yz,band_u,0.8394050894689047,2.525091766528138,0.735004027593886,2.496779269389174,5.555846157715905,34281500.0
1094,15,750,projection_yz,band_r,0.8473236454035742,2.5128794518933977,0.7380156018867248,2.4479926193436894,5.449847162650787,34281500.0
1094,15,750,projection_yz,mockmass,0.8450273071038822,2.522161571154075,0.7375384396323172,2.488006667180643,3.149522753845685,34281500.0
1094,15,750,projection_zx,band_u,0.6193326330655065,2.484635035478761,0.6200470902216623,2.9508079000931025,5.553291698095488,34281500.0
1094,15,750,projection_zx,band_r,0.6225843571887117,2.483128918901468,0.6271774942475894,2.894258991605192,5.448164381852755,34281500.0
1094,15,750,projection_zx,mockmass,0.6186103355729342,2.4840843283425937,0.6256927344464358,2.9490783655172748,3.1474243654896097,34281500.0
1114,20,1000,projection_xy,band_u,0.8933542398934656,2.043576131115362,0.5017483794494397,0.6022989575044772,7.857343038521642,49428800.0
1114,20,1000,projection_xy,band_r,0.5728806299100991,1.5709102751924628,1.2288666965433852,1.9169810083474903,6.427809663579142,49428800.0
1114,20,1000,projection_xy,mockmass,0.6451641644558945,2.3752689239891995,1.4074859296950804,4.037222624320493,2.9055511314939624,49428800.0
1114,20,1000,projection_yz,band_u,0.9246032234596178,2.7142721036805364,0.5114023400181544,0.6334381634943295,7.86257011591695,49428800.0
1114,20,1000,projection_yz,band_r,0.8643860084785595,1.2054767145044585,0.7527284937256763,0.9291602241998912,6.90823159357548,49428800.0
1114,20,1000,projection_yz,mockmass,0.5789014512769579,1.3145181032916369,1.3594703614660455,3.3274274832046014,3.111847708940254,49428800.0
1114,20,1000,projection_zx,band_u,0.8251984342893349,0.6581793314459545,0.5564126733381334,0.6626784404802782,7.815575117184199,49428800.0
1114,20,1000,projection_zx,band_r,0.4121885539024529,0.2417258490559102,0.3706284304017061,1.5693265456065273,6.865841882135193,49428800.0
1114,20,1000,projection_zx,mockmass,0.5690002120158332,2.802429401973419,1.557559443815384,3.551800029657335,3.0529087814249967,49428800.0
1204,14,700,projection_xy,band_u,0.7812606679445349,1.8580287870411685,1.2174669538413911,1.815970906591028,5.794563634225296,32406300.0
1204,14,700,projection_xy,band_r,0.78112953963852,1.8471685241907976,1.0512050384880331,1.760938493157604,5.725208687022851,32406300.0
1204,14,700,projection_xy,mockmass,0.8137550858098345,1.9265697123974173,0.88145294641556,1.963279505661004,3.308138143724061,32406300.0
1204,14,700,projection_yz,band_u,0.635533780575378,0.0813529119282601,1.29182337603181,2.351887982204699,5.662771974106508,32406300.0
1204,14,700,projection_yz,band_r,0.6279574507890803,0.0927759149555173,1.0677912329845434,2.234854403408937,5.617173279891949,32406300.0
1204,14,700,projection_yz,mockmass,0.6673322016446923,0.1730770232245454,0.8687262843944914,2.401931512428842,3.2223336939292904,32406300.0
1204,14,700,projection_zx,band_u,0.7288224519998934,1.1707728544909126,1.356279679616982,2.4346936310503136,5.572167169360052,32406300.0
1204,14,700,projection_zx,band_r,0.7115646846189717,1.1416933572732684,1.113706547275568,2.3011792317356408,5.536418638583314,32406300.0
1204,14,700,projection_zx,mockmass,0.7465834757484457,1.14698666032609,0.9468391587112516,2.475259215145479,3.138650944683282,32406300.0
1241,19,950,projection_xy,band_u,0.5734843549962609,2.4505137484104083,0.9178078938959958,3.0212600933561538,6.100703579790563,40643300.0
1241,19,950,projection_xy,band_r,0.6282414846397896,2.4260151118503006,0.7527786851764282,2.9960660894416,5.879493895381222,40643300.0
1241,19,950,projection_xy,mockmass,0.78775334054063,2.3889437689301087,0.8493587776612603,3.219433615147778,3.007700368698597,40643300.0
1241,19,950,projection_yz,band_u,0.4226883128729113,2.3608252207148896,0.45098467110309,2.8488489362168283,6.318104666937518,40643300.0
1241,19,950,projection_yz,band_r,0.5131745295163869,2.390354188549831,0.5402123683759223,2.958144985639945,5.993515270151414,40643300.0
1241,19,950,projection_yz,mockmass,0.789939711284766,2.438673054897381,0.7772670255861533,3.088612943666541,3.0457408565995885,40643300.0
1241,19,950,projection_zx,band_u,0.5710968198713793,0.8532821770339271,1.4566769501188186,3.5682610384952973,5.918700197445782,40643300.0
1241,19,950,projection_zx,band_r,0.615912639333651,0.910251420137466,0.6684796523815457,2.9687762128421573,5.9006142823406975,40643300.0
1241,19,950,projection_zx,mockmass,0.7266532494767955,0.8338789363830353,0.8006525856039879,3.2897222545601164,3.022527214026134,40643300.0
1291,17,850,projection_xy,band_u,0.6966165032910424,0.7937172671391801,1.156732251144433,2.80156015748858,5.726300674929671,36767200.0
1291,17,850,projection_xy,band_r,0.6679496619836758,0.7893976249397763,0.9506730880065828,2.7838354929999007,5.641815090680386,36767200.0
1291,17,850,projection_xy,mockmass,0.650725613026943,0.7512023278702332,0.6924839749368001,3.1724647424027217,3.0766823101098755,36767200.0
1291,17,850,projection_yz,band_u,0.8889293674086349,2.019337184179975,0.9113739016130488,2.242236937155174,5.813854753300969,36767200.0
1291,17,850,projection_yz,band_r,0.8893589216258684,2.0094305646929054,0.8746915308909265,2.2872740515717687,5.675254731426314,36767200.0
1291,17,850,projection_yz,mockmass,0.853900623386722,2.194060614642578,0.8909178679858972,2.919601841517792,2.9933193209859184,36767200.0
1291,17,850,projection_zx,band_u,0.9196047781088152,0.6171626507777511,0.9608670494761918,2.31760606949172,5.778214168857885,36767200.0
1291,17,850,projection_zx,band_r,0.92045195034186,0.5148146849246609,0.9038693926133458,2.3343233619875265,5.649251597668227,36767200.0
1291,17,850,projection_zx,mockmass,0.914743996458698,0.6910392720238228,0.8338800374616357,2.814896245051232,3.0096732261784505,36767200.0
1303,17,850,projection_xy,band_u,0.8843090231509487,1.1475543898095475,0.8334381173390158,0.6491425884244901,6.809783843343713,29476700.0
1303,17,850,projection_xy,band_r,0.8374572363778905,1.685949521474196,1.417040815922754,1.2205124572087414,6.054871920607828,29476700.0
1303,17,850,projection_xy,mockmass,0.5817770807710373,1.9910486590951888,1.025016021700012,2.952724011473828,3.044069178573287,29476700.0
1303,17,850,projection_yz,band_u,0.8368665908099888,2.804091891799479,0.9168950949508392,0.7410730029803452,6.730202734592569,29476700.0
1303,17,850,projection_yz,band_r,0.8161728063419414,2.939357538760533,1.378504711859935,1.2612917635998526,6.0433770566165705,29476700.0
1303,17,850,projection_yz,mockmass,0.6654487845213432,0.1073346421176526,1.1307814137468344,3.025777726355368,2.951593011071594,29476700.0
1303,17,850,projection_zx,band_u,0.8970582683671439,2.0797924323624186,0.9464581366544764,0.6974707365725012,6.699644807623133,29476700.0
1303,17,850,projection_zx,band_r,0.9460581938069,2.107762679200278,1.6638766117052644,1.3772383482396149,5.867271962295215,29476700.0
1303,17,850,projection_zx,mockmass,0.8349250860871696,0.9140743062740754,1.061861626777143,3.242451671413476,2.814649279283445,29476700.0
1311,16,800,projection_xy,band_u,0.4734931911027136,2.7137598744262306,0.4950666293038103,2.4479279744913383,6.245849768952689,41381400.0
1311,16,800,projection_xy,band_r,0.6402818539016308,2.937994832400788,0.599589039362483,2.5941814980456743,5.891236369527142,41381400.0
1311,16,800,projection_xy,mockmass,0.7319036177357332,0.1670018835874241,0.6755362860435785,3.0586533361378607,3.10666555117343,41381400.0
1311,16,800,projection_yz,band_u,0.4065168251928717,1.9881618393138685,0.5140706574136398,2.607474550805202,6.302557162168398,41381400.0
1311,16,800,projection_yz,band_r,0.4275763040157855,2.006530780657764,0.5696677180475265,2.7983886333301498,6.017226935487569,41381400.0
1311,16,800,projection_yz,mockmass,0.463505226535501,2.016206566491515,0.7071298410500089,3.309567352006632,3.235365307663166,41381400.0
1311,16,800,projection_zx,band_u,0.6646016866637898,0.5436305283603239,0.6084629413988325,1.7823756560057098,6.382702338717342,41381400.0
1311,16,800,projection_zx,band_r,0.8376073380055732,0.3212107825098649,0.6857587381263421,1.837015055572245,6.065346959643185,41381400.0
1311,16,800,projection_zx,mockmass,0.8093853287820202,2.867943383675517,0.7119003865520653,2.3655744290715126,3.2851484111171128,41381400.0
1363,14,700,projection_xy,band_u,0.5627998255737978,2.74002451732599,0.6892779194101659,1.107223200098412,7.0507094167166295,45778000.0
1363,14,700,projection_xy,band_r,0.7271309554861425,2.739167829989148,0.885445202046921,1.5217339087980437,6.361348806622014,45778000.0
1363,14,700,projection_xy,mockmass,0.804790217831507,2.3181819644170405,0.7742344201551614,2.046919090411728,3.4549623304798645,45778000.0
1363,14,700,projection_yz,band_u,0.778455742327165,0.5059597378842867,1.5598168828852017,2.0119547530037947,6.356299069917665,45778000.0
1363,14,700,projection_yz,band_r,0.5905888146422208,3.0286261871018145,0.8027345808505613,2.447330809428105,6.080453815609041,45778000.0
1363,14,700,projection_yz,mockmass,0.5330722884230316,2.915598405587468,0.7757672854081588,3.240125645674218,3.244133840407449,45778000.0
1363,14,700,projection_zx,band_u,0.5718783518955746,1.736931002703867,1.2237040393111702,1.6079179169372646,6.666802947918511,45778000.0
1363,14,700,projection_zx,band_r,0.4940693169158246,1.5272647353999338,1.016869746390629,2.6166535186830906,6.060978270021417,45778000.0
1363,14,700,projection_zx,mockmass,0.5408300664997415,1.3280915903175523,0.8080749932703967,3.284209188270692,3.220004118662465,45778000.0
1368,19,950,projection_xy,band_u,0.9280447323263912,2.304771554428648,1.5245710432211506,1.920319834944008,5.611461147050147,28465100.0
1368,19,950,projection_xy,band_r,0.9562408481369368,2.275617463054596,1.287166374139063,2.04976433161438,5.431221766531904,28465100.0
1368,19,950,projection_xy,mockmass,0.9477449901285244,1.5811554483089425,0.8627047521245309,2.3879300344083902,3.0004130028838456,28465100.0
1368,19,950,projection_yz,band_u,0.81461618626462,3.029380685083692,1.5858021687445003,2.236074019611927,5.517787832519468,28465100.0
1368,19,950,projection_yz,band_r,0.8195773732827502,3.018578870079847,1.474820843489136,2.5367466268920986,5.290024860765534,28465100.0
1368,19,950,projection_yz,mockmass,0.6824775915279354,2.979532303104884,0.917286594709602,3.3245534827964365,2.853027690082963,28465100.0
1368,19,950,projection_zx,band_u,0.8458727729296416,1.5584341156921708,1.584533277781086,2.274660470715603,5.48827121593347,28465100.0
1368,19,950,projection_zx,band_r,0.8461780489364589,1.4180204945682335,1.5224613229955417,2.647642630458207,5.239206486521642,28465100.0
1368,19,950,projection_zx,mockmass,0.7245805375492143,1.4022760208374176,0.8918582007140784,3.393570015109434,2.816800693562284,28465100.0
1447,17,850,projection_xy,band_u,0.540714719342812,0.688712796330272,1.525351813768891,3.689572983332426,5.740173516420426,35846500.0
1447,17,850,projection_xy,band_r,0.5811739091622442,0.6699072485645776,1.3636040437423351,4.053709557513931,5.436073612155708,35846500.0
1447,17,850,projection_xy,mockmass,0.7116139332291882,0.7170749010609564,0.7113686696176162,3.718178408799662,2.905924057964788,35846500.0
1447,17,850,projection_yz,band_u,0.4661351880222452,1.5129250322719026,1.2329370912926108,2.8677010718454405,6.056687736560141,35846500.0
1447,17,850,projection_yz,band_r,0.4763002784734209,1.5301611551554488,1.1126407003793903,3.128014509508134,5.764396006818343,35846500.0
1447,17,850,projection_yz,mockmass,0.5708007665180638,1.5775654916020805,0.7125446406948266,3.275634091357018,3.1076697003759137,35846500.0
1447,17,850,projection_zx,band_u,0.5422136832630151,0.0014847313866006,1.0979018948199886,2.3332671174364696,6.158973659842157,35846500.0
1447,17,850,projection_zx,band_r,0.5317570157462432,0.0028389298881252,1.1013981803201278,2.798119722382787,5.799697725806891,35846500.0
1447,17,850,projection_zx,mockmass,0.5914853138485713,0.0311988030621259,0.8077067554613295,3.313940683288397,3.06978798511132,35846500.0
1510,21,1050,projection_xy,band_u,0.3629401516934021,1.3286251983981558,0.5310525823179384,4.005177297426021,5.919253215514961,42436400.0
1510,21,1050,projection_xy,band_r,0.5057801323947461,1.3360372750724805,0.6539735131719974,3.596154927424424,5.660430049830038,42436400.0
1510,21,1050,projection_xy,mockmass,0.6828406794264211,1.4218769888390663,0.7245595667476286,3.513319931219345,2.992190142437203,42436400.0
1510,21,1050,projection_yz,band_u,0.8506556795437552,0.9139913089356148,1.1276550062628146,2.2083612218179822,5.9861587069705,42436400.0
1510,21,1050,projection_yz,band_r,0.8105578105274779,0.6512202993511058,0.9411944982858488,2.419960923440504,5.752521195329493,42436400.0
1510,21,1050,projection_yz,mockmass,0.7177963666216814,0.4510304208429809,0.7620421421297097,3.1292578016660886,3.0661337474586063,42436400.0
1510,21,1050,projection_zx,band_u,0.3581342917891182,0.0566290285115197,0.5984877199011537,4.625108886644996,5.824431846484531,42436400.0
1510,21,1050,projection_zx,band_r,0.5432265772892506,0.0952907173021815,0.6518082039423287,3.922463196863839,5.567607535603543,42436400.0
1510,21,1050,projection_zx,mockmass,0.8149081044768101,0.15988278279054,0.7979697907917986,3.706365534493896,2.8645028980252585,42436400.0
1561,15,750,projection_xy,band_u,0.9067855287558776,2.283378057349113,0.8002139526799921,0.6386850197850723,6.9789150551418855,33648700.0
1561,15,750,projection_xy,band_r,0.7558841216376302,2.3151464244893063,1.634013032837481,2.0538302365635017,5.8243237738587545,33648700.0
1561,15,750,projection_xy,mockmass,0.7865821954375902,2.229078748752152,0.7831678654874503,2.7222269059440256,3.060717882019694,33648700.0
1561,15,750,projection_yz,band_u,0.9394182313930572,0.7388974213498893,0.7732587679657521,0.6279124715750779,6.984124743587178,33648700.0
1561,15,750,projection_yz,band_r,0.8975234236387343,1.0645291420142855,1.6260023935382255,1.829025123033416,5.8486137546864425,33648700.0
1561,15,750,projection_yz,mockmass,0.7880353801554212,0.897539086327257,0.8142164073082956,2.651645456278718,3.085863731908236,33648700.0
1561,15,750,projection_zx,band_u,0.9651590879508966,2.4033597542293825,0.7744700740340653,0.6214579319173724,6.986097944796377,33648700.0
1561,15,750,projection_zx,band_r,0.7987588143523628,2.5236132307538,1.6359832483914185,1.9847229510833344,5.843426542582612,33648700.0
1561,15,750,projection_zx,mockmass,0.6244045929281052,2.4768459198574777,0.727670453084656,2.952997728818098,3.122257591077688,33648700.0
1700,17,850,projection_xy,band_u,0.6641491953339582,0.0582636053546078,0.4825399073589328,2.812374223194567,6.010374835253811,33351700.0
1700,17,850,projection_xy,band_r,0.7306032185306606,0.2617176554436169,0.5093429939097958,2.6832153983224885,5.794789154036684,33351700.0
1700,17,850,projection_xy,mockmass,0.7895431129255718,0.5955175610569227,0.5442590055153729,2.810316237886785,3.081030056115149,33351700.0
1700,17,850,projection_yz,band_u,0.574248834615876,1.132058691794283,0.4080913269589376,2.8887460476196054,6.047701828760719,33351700.0
1700,17,850,projection_yz,band_r,0.6531716284552598,1.0253018625600534,0.4663532474821104,2.820605798742371,5.795444219883644,33351700.0
1700,17,850,projection_yz,mockmass,0.684566013013696,0.6903314036437693,0.623259639982511,3.2971863051476378,2.989342272926562,33351700.0
1700,17,850,projection_zx,band_u,0.8521027213300714,1.805918800018812,0.7034811699559914,2.118849121895075,6.074971011608591,33351700.0
1700,17,850,projection_zx,band_r,0.8420648536384726,1.2733821784346124,0.7839293364627596,2.357961322858422,5.78002693799554,33351700.0
1700,17,850,projection_zx,mockmass,0.7141450043516404,1.0751064083423374,0.6960309241581493,3.1621368188675985,2.9972458387669856,33351700.0
1770,21,1050,projection_xy,band_u,0.4419170369997525,0.909784336015342,0.7029314079607967,3.653197353728881,5.934034611573198,29243000.0
1770,21,1050,projection_xy,band_r,0.4037511106841022,0.910076324010522,0.4887694207576126,3.996017799133448,5.690851895582587,29243000.0
1770,21,1050,projection_xy,mockmass,0.4932313460450977,0.8538156617114079,0.6011972071657722,4.286147256748644,2.8457074042305,29243000.0
1770,21,1050,projection_yz,band_u,0.733149296553465,2.6651187505183107,0.3600000333824563,3.183508923994787,5.920406715169827,29243000.0
1770,21,1050,projection_yz,band_r,0.7045809660785626,2.6397484333016963,0.3600000379529921,3.427378165475758,5.627873281646789,29243000.0
1770,21,1050,projection_yz,mockmass,0.8695086606609254,2.946926817707128,0.5390364527988278,3.57607238838669,2.787268831142604,29243000.0
1770,21,1050,projection_zx,band_u,0.6616486999628585,2.2644552134101223,0.4582996955209235,3.41155899541566,5.8674362294902895,29243000.0
1770,21,1050,projection_zx,band_r,0.6477625527692555,2.353779421498432,0.3720636524874504,3.748136018715136,5.57733658830075,29243000.0
1770,21,1050,projection_zx,mockmass,0.8720871921588942,2.196018605719284,0.606366384363988,3.7039175080475912,2.730751620753882,29243000.0
1799,24,1200,projection_xy,band_u,0.6572219121485142,2.712402711597186,1.3815822881358728,2.5924121226403662,6.054935734733543,46565900.0
1799,24,1200,projection_xy,band_r,0.582877309989689,2.8088170801943613,1.3657145885631654,3.975643321407639,5.578339715724106,46565900.0
1799,24,1200,projection_xy,mockmass,0.5899005445344676,2.9371530756947424,1.104654076783722,5.572842150471111,2.689739806448688,46565900.0
1799,24,1200,projection_yz,band_u,0.4618274337315335,0.5577272295761598,1.0481180370994614,3.6797692559222734,5.96083325909086,46565900.0
1799,24,1200,projection_yz,band_r,0.4597264633070056,0.7559000877372528,1.0583893500662351,4.676313666715364,5.575461256467747,46565900.0
1799,24,1200,projection_yz,mockmass,0.475362252992745,0.8926064209780586,1.238435299702909,7.134722196294233,2.5672641591326646,46565900.0
1799,24,1200,projection_zx,band_u,0.4726482383045456,1.741203877377194,0.8383117726445062,3.2114574765096338,6.103847751561711,46565900.0
1799,24,1200,projection_zx,band_r,0.5987469802149912,1.6775102795924826,1.067080885232655,3.6925462886843534,5.666174949001459,46565900.0
1799,24,1200,projection_zx,mockmass,0.7147568650168168,1.5715644393241817,1.0660125552216266,4.612592893661169,2.759110590155928,46565900.0
1808,15,750,projection_xy,band_u,0.8578449187468851,1.0960231626744386,0.6879005019118227,2.374427070561109,5.659624154293776,47685200.0
1808,15,750,projection_xy,band_r,0.8560382124630379,1.0697697646269284,0.6950801606594927,2.3343081961663588,5.59898642154049,47685200.0
1808,15,750,projection_xy,mockmass,0.8632982060425353,1.0671669823704997,0.6873233141578112,2.369084715595644,3.3177114067632534,47685200.0
1808,15,750,projection_yz,band_u,0.9067832661079388,0.1671601891894593,0.6887639108796779,2.2608758728691347,5.681803426949389,47685200.0
1808,15,750,projection_yz,band_r,0.9128202982602208,0.1239872082585646,0.6930530928308303,2.216416105844796,5.621661859044217,47685200.0
1808,15,750,projection_yz,mockmass,0.920344791832769,0.1343675984926872,0.6953190121292956,2.251882606641717,3.338240745362728,47685200.0
1808,15,750,projection_zx,band_u,0.7592838226938339,2.367952673740078,0.7740491655702817,2.6311887496985342,5.609681522677502,47685200.0
1808,15,750,projection_zx,band_r,0.7588997115476261,2.363685756432846,0.7856975342041569,2.5841064635483018,5.548732567320978,47685200.0
1808,15,750,projection_zx,mockmass,0.7655816185343474,2.3770746044909457,0.7882952959177942,2.6279862949751216,3.2640841388306607,47685200.0
1917,18,900,projection_xy,band_u,0.7339662866908867,1.6995238708687683,0.7061389071479298,2.857649055061458,5.559650400589443,37590400.0
1917,18,900,projection_xy,band_r,0.7377470449382876,1.7137354210619336,0.707453301984892,2.8406617275869697,5.412634642199389,37590400.0
1917,18,900,projection_xy,mockmass,0.7403270472669493,1.7258229072916396,0.7135352405692407,2.848859422937286,3.117096383331217,37590400.0
1917,18,900,projection_yz,band_u,0.67673635318511,0.2401203528583921,0.7299289944725302,3.054521632964903,5.539003494588297,37590400.0
1917,18,900,projection_yz,band_r,0.6806293050206758,0.2428228059073425,0.7318099525706547,3.039037633024636,5.39118985002504,37590400.0
1917,18,900,projection_yz,mockmass,0.6821652655879568,0.2447316278918272,0.7370882868351731,3.05580789631647,3.094500208987413,37590400.0
1917,18,900,projection_zx,band_u,0.5330859984825336,2.306415136749129,0.6779531613338806,3.69809105804349,5.487448828602276,37590400.0
1917,18,900,projection_zx,band_r,0.5349774634723331,2.308597591392453,0.6888814434031479,3.679951004367571,5.338552328808,37590400.0
1917,18,900,projection_zx,mockmass,0.5370386490041287,2.305464129142528,0.700706907909258,3.694261961838664,3.0411947258914926,37590400.0
2303,16,800,projection_xy,band_u,0.8598668343013408,0.1465666126711156,0.6668973149472923,2.920272487216414,5.418769950359304,32893600.0
2303,16,800,projection_xy,band_r,0.8406882464217702,0.1421887015224819,0.6544275531491448,2.9069482329479137,5.318197919429056,32893600.0
2303,16,800,projection_xy,mockmass,0.8418314806817542,0.1057871506545406,0.6421099780176434,2.942672593197483,3.005102770797064,32893600.0
2303,16,800,projection_yz,band_u,0.7698338208829097,1.802851803562013,0.6722829177035772,2.945270236998079,5.45749816814456,32893600.0
2303,16,800,projection_yz,band_r,0.773916034253711,1.8073303224243509,0.6531734187660504,2.9194154312052354,5.349998993144085,32893600.0
2303,16,800,projection_yz,mockmass,0.7738772745532482,1.7909086933469072,0.6505149367266672,2.959792120892121,3.0349303456730192,32893600.0
2303,16,800,projection_zx,band_u,0.6988622081937721,2.4805641436979107,0.6795335661422143,2.781312820420468,5.5467316056946325,32893600.0
2303,16,800,projection_zx,band_r,0.7022682261073794,2.442992016977493,0.6807986364994429,2.7489027021568964,5.438527037329388,32893600.0
2303,16,800,projection_zx,mockmass,0.7107284306386431,2.448146634515127,0.66801461769435,2.7616016617816737,3.1270886279274825,32893600.0
2327,10,500,projection_xy,band_u,0.428355936445512,2.8734171350820565,0.7850316180057086,3.106512654260866,6.160516257455243,34181400.0
2327,10,500,projection_xy,band_r,0.4223861916736823,2.8342620355592456,0.7756432391449982,3.303657935495192,5.878699856811725,34181400.0
2327,10,500,projection_xy,mockmass,0.4574429249423944,2.771470724745176,0.7525951230541111,3.627320835640724,3.087479336319666,34181400.0
2327,10,500,projection_yz,band_u,0.7851223376026375,1.470106398775707,1.0132497998253054,2.8835297026116744,5.911249284490352,34181400.0
2327,10,500,projection_yz,band_r,0.7903088438098603,1.1323351028198103,1.037893601571213,3.2593255842179105,5.573398179295396,34181400.0
2327,10,500,projection_yz,mockmass,0.6445317691911366,0.6884633991210634,0.851636427266141,4.335272919126269,2.780572718220437,34181400.0
2327,10,500,projection_zx,band_u,0.6953689732498629,1.583770749753202,1.2215331585544105,2.3405278632899704,6.122093880563343,34181400.0
2327,10,500,projection_zx,band_r,0.6169395518287561,1.7598931299612708,1.1451953399572066,2.7590938094322905,5.810581464024031,34181400.0
2327,10,500,projection_zx,mockmass,0.4833181613706594,1.8460165102372483,0.8082227820159118,3.788020210035588,3.0237569401639086,34181400.0
2345,33,1650,projection_xy,band_u,0.9701082845421632,0.8849277987106435,1.236631810234062,9.01224733366352,4.73092063049168,42172600.0
2345,33,1650,projection_xy,band_r,0.9715944305054124,0.939335548234658,1.204890802418693,9.025584977241968,4.550343337032642,42172600.0
2345,33,1650,projection_xy,mockmass,0.8885789582526524,1.4251263280649866,0.9051661367582712,9.761577601570597,2.021051397884868,42172600.0
2345,33,1650,projection_yz,band_u,0.8924734534138495,1.9980049546738985,0.9637233503863382,8.253666058702306,4.865479050812441,42172600.0
2345,33,1650,projection_yz,band_r,0.8903953816684224,2.010364714079208,0.942228637371485,8.30174402344438,4.682421707841217,42172600.0
2345,33,1650,projection_yz,mockmass,0.881754159418472,2.45749715784008,0.8383696369851157,9.003834251600777,2.0985437166557466,42172600.0
2345,33,1650,projection_zx,band_u,0.8565496603944899,2.7037789003714106,1.2124766857298463,8.828212564120944,4.789711415072093,42172600.0
2345,33,1650,projection_zx,band_r,0.8493957780312867,2.695852637518344,1.2003547882593015,8.927067199982938,4.603394560391397,42172600.0
2345,33,1650,projection_zx,mockmass,0.7858310698361223,2.6271181990586503,1.051309285818301,10.4393856342311,1.9932540050729008,42172600.0
2405,26,1300,projection_xy,band_u,0.8602968937508868,1.979139819765726,0.614432032158341,4.688981352162501,5.124557501340088,39116100.0
2405,26,1300,projection_xy,band_r,0.8544820727584216,1.972551638922452,0.6202786247369338,4.700274886415378,4.983319992589663,39116100.0
2405,26,1300,projection_xy,mockmass,0.8529572875869613,1.976607225565756,0.623965641517618,4.739102518222081,2.6711515460524784,39116100.0
2405,26,1300,projection_yz,band_u,0.6778694757645627,1.1694780108665592,0.6755395992619406,4.2835225437749935,5.2759198106375935,39116100.0
2405,26,1300,projection_yz,band_r,0.6836276300374712,1.178604526193522,0.6873544160450027,4.265842247408599,5.132512443956669,39116100.0
2405,26,1300,projection_yz,mockmass,0.6923642727431792,1.1805177810802656,0.6918849765113577,4.294954116025421,2.815847694960352,39116100.0
2405,26,1300,projection_zx,band_u,0.6608196421455829,0.2471066675076046,0.612429516501397,4.562890067407283,5.245844572088827,39116100.0
2405,26,1300,projection_zx,band_r,0.6586937922471245,0.2403355279185137,0.6136366951316787,4.55840553725782,5.105970974696933,39116100.0
2405,26,1300,projection_zx,mockmass,0.6624477439527161,0.2442083663859934,0.6228065268185261,4.602938617678614,2.7878474927971744,39116100.0
2554,22,1100,projection_xy,band_u,0.6693855953089561,1.2420083541155935,0.6613962580326841,3.920586923262388,5.419459959504892,43541400.0
2554,22,1100,projection_xy,band_r,0.6816311200612507,1.2524239368379115,0.6510221588338186,3.7845841134363103,5.321458625286006,43541400.0
2554,22,1100,projection_xy,mockmass,0.6792781389910595,1.2577524618669664,0.6578829436666069,3.8625731053955694,2.969819288917142,43541400.0
2554,22,1100,projection_yz,band_u,0.6371566780621577,0.3452467722532151,0.6458224392283018,4.078849923661137,5.41271658934842,43541400.0
2554,22,1100,projection_yz,band_r,0.6427170929870402,0.3493175159619389,0.6458713719284404,3.973183861004192,5.309195157079645,43541400.0
2554,22,1100,projection_yz,mockmass,0.6464704416903203,0.3437263266680584,0.6479458870797061,4.025242297136148,2.960359500951056,43541400.0
2554,22,1100,projection_zx,band_u,0.5350458948495201,0.7801350335812639,0.709259600875539,4.877016843586527,5.321712441770529,43541400.0
2554,22,1100,projection_zx,band_r,0.5460430062798122,0.7815290938005687,0.7040375204360356,4.70519738710714,5.221414149665288,43541400.0
2554,22,1100,projection_zx,mockmass,0.546720501581713,0.7766114645643221,0.7065240459861009,4.786460004122757,2.8711934411892264,43541400.0
2661,20,1000,projection_xy,band_u,0.8045203415249693,1.7742409594560284,0.7374276331591278,3.184009422652305,5.30863642827372,27882600.0
2661,20,1000,projection_xy,band_r,0.8096168176536933,1.7801294765561435,0.7368352332065707,3.1350702437604028,5.1745788306518765,27882600.0
2661,20,1000,projection_xy,mockmass,0.7990024883566227,1.816017678843991,0.7565829498749661,3.221674365281056,2.8419916354495736,27882600.0
2661,20,1000,projection_yz,band_u,0.8214364324036333,2.7098863200042413,0.6513748296043447,3.0206302137627965,5.362942960649632,27882600.0
2661,20,1000,projection_yz,band_r,0.8274628213948406,2.692042614491344,0.6434849687897195,2.963418189170326,5.232608409146876,27882600.0
2661,20,1000,projection_yz,mockmass,0.8285234109947825,2.6949741719816784,0.6496271163589047,3.0160320039147632,2.904107165095981,27882600.0
2661,20,1000,projection_zx,band_u,0.889217807754944,0.394102077217543,0.6656447752666034,3.196401261166858,5.270097253986947,27882600.0
2661,20,1000,projection_zx,band_r,0.8841185178524902,0.4104476929786265,0.6650956143356437,3.146946192489428,5.140550320175738,27882600.0
2661,20,1000,projection_zx,mockmass,0.8802935909160327,0.3998289183485176,0.676433447939763,3.2299145707785444,2.80674770808618,27882600.0
2677,18,900,projection_xy,band_u,0.9153841310211404,1.496054571707661,0.6289494372783717,0.4576121915846173,7.051551772965407,49344500.0
2677,18,900,projection_xy,band_r,0.7266231592166706,2.3222902903848075,2.2596899899578444,3.34143265555026,5.407874506502998,49344500.0
2677,18,900,projection_xy,mockmass,0.5836529439174195,2.4325224130887926,0.7669280106997723,3.781489636943165,3.088734757716559,49344500.0
2677,18,900,projection_yz,band_u,0.9879327981894004,2.653977102759487,0.6662080982909646,0.4423164140297971,7.057087230229753,49344500.0
2677,18,900,projection_yz,band_r,0.8071642862157162,1.4439394510570245,2.0951373095788663,2.686153153239254,5.545846882294664,49344500.0
2677,18,900,projection_yz,mockmass,0.7063281669203268,1.4395872569873005,0.8093410169364985,3.077734189633756,3.162873831155845,49344500.0
2677,18,900,projection_zx,band_u,0.8950794861370729,2.799870144816143,0.7350615796201361,0.5067557233824647,6.991391282186427,49344500.0
2677,18,900,projection_zx,band_r,0.7309297140149676,2.856435153209577,1.9479294061329016,2.7505522335683112,5.585058200738484,49344500.0
2677,18,900,projection_zx,mockmass,0.731721957931303,3.0269990911282947,0.946794238737746,3.1722114723221604,3.1184812510685624,49344500.0
3468,24,1200,projection_xy,band_u,0.7399499592667819,1.4779280285015106,0.7264935060683098,3.4281120770242373,5.35136961910775,29378200.0
3468,24,1200,projection_xy,band_r,0.7383460028428499,1.474221050842102,0.7307416337510142,3.422984143793193,5.200430499568986,29378200.0
3468,24,1200,projection_xy,mockmass,0.7358172442094024,1.459718440201592,0.7361964238375847,3.5408538848251574,2.837628466827473,29378200.0
3468,24,1200,projection_yz,band_u,0.842461900462,2.9457125823526247,0.7307099194260672,2.9850890307998017,5.409027748712626,29378200.0
3468,24,1200,projection_yz,band_r,0.8433280488571314,2.958681215249209,0.7358409280172464,2.970657236148213,5.258905946479228,29378200.0
3468,24,1200,projection_yz,mockmass,0.8413672808464936,2.98424918433166,0.7530062843022691,3.1082346522961424,2.8866737390944657,29378200.0
3468,24,1200,projection_zx,band_u,0.8651722106695666,3.0726803036703663,0.7725519758451123,3.4666567606557512,5.268054837344799,29378200.0
3468,24,1200,projection_zx,band_r,0.8623361326814358,3.036653155757936,0.7866961917781174,3.4736995434595723,5.113548131668007,29378200.0
3468,24,1200,projection_zx,mockmass,0.8657769734601166,3.0190865593296685,0.804345282909786,3.628727445631221,2.7395538112555045,29378200.0
3815,17,850,projection_xy,band_u,0.7100058648469418,1.0314327280547488,1.5772329410200094,2.5016861085268505,5.651729888873573,31982800.0
3815,17,850,projection_xy,band_r,0.6383028651000786,1.0121968545466984,0.8765961819934185,2.791838327297719,5.517733116576003,31982800.0
3815,17,850,projection_xy,mockmass,0.6803140986985166,0.9542841354269036,0.7523227149109479,3.044214978478461,3.021030752476461,31982800.0
3815,17,850,projection_yz,band_u,0.987209338591222,2.8293761906082144,1.5648038224937642,1.9883919107750645,5.704276968471263,31982800.0
3815,17,850,projection_yz,band_r,0.8897552763540181,2.490799242608857,0.9138805188895216,2.302565545296112,5.537263729215488,31982800.0
3815,17,850,projection_yz,mockmass,0.8397391984814347,2.277055405183525,0.6610302956432238,2.5263894415457693,3.0955546381950065,31982800.0
3815,17,850,projection_zx,band_u,0.7516131493038508,0.5134316581657573,1.689206540030756,2.5760890110523804,5.598756674734623,31982800.0
3815,17,850,projection_zx,band_r,0.7124625939523896,0.5610710012149241,0.737631377483302,2.653444651787712,5.538420130341034,31982800.0
3815,17,850,projection_zx,mockmass,0.7960194140300683,0.4555478963983882,0.6451229954658428,2.7685470194007578,3.0529733551752614,31982800.0
4036,22,1100,projection_xy,band_u,0.8093193210960749,2.0297930019784385,0.7863932735661541,6.020501215503255,5.289105201334003,43735500.0
4036,22,1100,projection_xy,band_r,0.8307507765307113,2.0721433442221926,0.6783963152351151,5.948415820769855,5.179026650527408,43735500.0
4036,22,1100,projection_xy,mockmass,0.9223064487231312,2.415039777495608,0.5473910650858083,6.434985525696439,2.537535112762862,43735500.0
4036,22,1100,projection_yz,band_u,0.40634091438373,2.930281026975861,1.507743373874995,14.9870610987493,4.773653001750701,43735500.0
4036,22,1100,projection_yz,band_r,0.3739811467904158,2.9256787732933263,1.4423880380269585,16.979585677079132,4.60266580295019,43735500.0
4036,22,1100,projection_yz,mockmass,0.2822383871447108,2.928164471934286,0.7900414548790613,22.30484567823345,2.0577677328626987,43735500.0
4036,22,1100,projection_zx,band_u,0.4717846292901673,1.5783822764886,1.1152886646672997,14.242315832880657,4.790917568085649,43735500.0
4036,22,1100,projection_zx,band_r,0.435632340267679,1.5903844172606385,0.8801486482844784,14.515144788164845,4.712546345189606,43735500.0
4036,22,1100,projection_zx,mockmass,0.3279924287777253,1.654501267877053,0.5206717633281213,18.72494857398824,2.153685883827197,43735500.0
4091,23,1150,projection_xy,band_u,0.7414383304048482,2.326879512711822,1.1858158362838518,5.771379473977827,5.021506179288027,40223400.0
4091,23,1150,projection_xy,band_r,0.7375495176486843,2.341135775734541,1.1941918867306844,5.685944160295381,4.879458952771796,40223400.0
4091,23,1150,projection_xy,mockmass,0.7278243838876419,2.3648907167659887,1.2131536132481031,5.881476238066028,2.522130208919213,40223400.0
4091,23,1150,projection_yz,band_u,0.7406478704623735,2.231380988236272,1.0263393456445886,4.976950007457454,5.164990128648185,40223400.0
4091,23,1150,projection_yz,band_r,0.7326487466927573,2.213776439693659,1.0262318221976396,4.906766295229568,5.024459400520943,40223400.0
4091,23,1150,projection_yz,mockmass,0.7300653179999258,2.190983368333228,1.0396513906160605,5.025351182819689,2.670477791423626,40223400.0
4091,23,1150,projection_zx,band_u,0.6257889629160488,0.645521174177155,0.9025543865090327,5.273638935077741,5.190878951093412,40223400.0
4091,23,1150,projection_zx,band_r,0.6283456450153888,0.6494609448509657,0.8975292264195825,5.153813659233037,5.053190024884801,40223400.0
4091,23,1150,projection_zx,mockmass,0.6273389914069517,0.6565393641726306,0.9092980893890862,5.25594600885157,2.7018336239511043,40223400.0
4392,32,1600,projection_xy,band_u,0.8640187008508967,2.780675451288797,0.8141638000713544,6.042108282031514,4.8957880843103405,43461500.0
4392,32,1600,projection_xy,band_r,0.8635175556817443,2.765897588590469,0.8012406487953829,5.912890585360778,4.8025982216365,43461500.0
4392,32,1600,projection_xy,mockmass,0.8581051875139889,2.776845643605051,0.7418175416521062,6.17090758055884,2.42862437907714,43461500.0
4392,32,1600,projection_yz,band_u,0.7988778114606618,1.0664039674145338,0.8368045526599985,6.069616632574835,4.915910844962851,43461500.0
4392,32,1600,projection_yz,band_r,0.8085083262394575,1.089433981457966,0.8394941921703946,5.915403782028968,4.8187173001776085,43461500.0
4392,32,1600,projection_yz,mockmass,0.7837768977866721,1.0420160860049978,0.7702386899209499,6.243223673247619,2.4467123064889367,43461500.0
4392,32,1600,projection_zx,band_u,0.930523065203954,0.8343440090277365,0.8130186129604052,5.6486747810529305,4.935210855226274,43461500.0
4392,32,1600,projection_zx,band_r,0.9375910282050756,0.7902969827304523,0.7995982898852285,5.482191745917006,4.844090858837738,43461500.0
4392,32,1600,projection_zx,mockmass,0.9466288558040088,0.9197495844908722,0.7432246698986977,5.7014017783802124,2.4679877927964187,43461500.0
4559,20,1000,projection_xy,band_u,0.7812685008874167,0.8646702277179001,0.7152437398704612,3.572141755442441,5.338184092056026,41822900.0
4559,20,1000,projection_xy,band_r,0.7782201380319854,0.872456797465529,0.7163306278937818,3.5179460231222226,5.274775670315676,41822900.0
4559,20,1000,projection_xy,mockmass,0.7889017594651072,0.9015308834839184,0.7292952405419276,3.5489420701952725,2.9407829381624464,41822900.0
4559,20,1000,projection_yz,band_u,0.7626667737831121,2.570532657327868,0.7275592601235497,3.822041181277583,5.301595564009579,41822900.0
4559,20,1000,projection_yz,band_r,0.7666204869111393,2.5998523795828543,0.739272330232362,3.773304452637109,5.231121494928603,41822900.0
4559,20,1000,projection_yz,mockmass,0.7703797364651912,2.60311377768925,0.752322190411886,3.8007417795681473,2.901561771127918,41822900.0
4559,20,1000,projection_zx,band_u,0.9073964101663012,1.8586620499114184,0.7046200740606356,3.579517436780128,5.283918450908903,41822900.0
4559,20,1000,projection_zx,band_r,0.9021878533088604,1.861875419650782,0.7057887698661797,3.5590289570385205,5.213649793347087,41822900.0
4559,20,1000,projection_zx,mockmass,0.9116615352422702,1.8769939665299755,0.7167041036995621,3.5878422553275646,2.8819885953731164,41822900.0
5404,18,900,projection_xy,band_u,0.8877010726945459,1.2416178656355756,0.774449729530255,4.32806968708292,5.157951254709621,35992000.0
5404,18,900,projection_xy,band_r,0.8984867472654458,1.2550282983135723,0.7690529043798691,4.227832497809182,5.027371936307693,35992000.0
5404,18,900,projection_xy,mockmass,0.8973619322618298,1.2305916415668547,0.7511883391511219,4.373929767237298,2.643514596387199,35992000.0
5404,18,900,projection_yz,band_u,0.7285879639381051,2.80441142491214,0.7377125994889941,5.235537565630192,5.096343538137687,35992000.0
5404,18,900,projection_yz,band_r,0.7363322481386172,2.7850833840055778,0.7574484450585814,5.145333431130566,4.957044573601559,35992000.0
5404,18,900,projection_yz,mockmass,0.7313986690172685,2.796499907751129,0.7265701281391941,5.333779706531035,2.576741214019036,35992000.0
5404,18,900,projection_zx,band_u,0.8466706165916102,1.309055276931868,0.8268955564004847,4.973051712962008,5.042353874124671,35992000.0
5404,18,900,projection_zx,band_r,0.8510900677373777,1.2952749378384696,0.819890372644076,4.8404710100101775,4.916282914506184,35992000.0
5404,18,900,projection_zx,mockmass,0.8450639101664159,1.3276866619821883,0.820414187478553,5.081099506388328,2.5219791963100824,35992000.0
5632,12,600,projection_xy,band_u,0.8409219229388509,1.6816542532770875,0.7360784121831931,2.1565041400212923,5.521849613555824,28345000.0
5632,12,600,projection_xy,band_r,0.8335679437621306,1.7134002111877444,0.7489337241352516,2.155338612286256,5.417776314003639,28345000.0
5632,12,600,projection_xy,mockmass,0.8363383431515691,1.7315062712422158,0.7519135971697086,2.1618718921333016,3.1799857145004937,28345000.0
5632,12,600,projection_yz,band_u,0.8810416203026287,2.7366206735783694,0.8980756486949955,2.144756538859164,5.489793171457252,28345000.0
5632,12,600,projection_yz,band_r,0.8823364825688819,2.761377041780231,0.9092007837589468,2.127213643522223,5.388316521589056,28345000.0
5632,12,600,projection_yz,mockmass,0.8891472097334886,2.762424181480951,0.9080776648268464,2.126438621198721,3.152152439616535,28345000.0
5632,12,600,projection_zx,band_u,0.9009012640568068,0.304586870453907,0.912696873772728,2.2898525022884635,5.419190230804204,28345000.0
5632,12,600,projection_zx,band_r,0.8994219251217366,0.3000565267300497,0.910344485396092,2.2759844954855595,5.318919426717451,28345000.0
5632,12,600,projection_zx,mockmass,0.9008587389812338,0.2904845632398677,0.9157196348995472,2.2844636726280614,3.080802209923826,28345000.0
5665,19,950,projection_xy,band_u,0.8439487368697224,2.895691544419396,0.7879220121280712,5.362317751326631,5.29970572382287,44058700.0
5665,19,950,projection_xy,band_r,0.8277020356769977,2.943786009533353,0.7311014333923571,5.447132115043744,5.152347669659661,44058700.0
5665,19,950,projection_xy,mockmass,0.7940886808364018,3.021614310826153,0.646583887752004,6.093587308899978,2.5886500666999224,44058700.0
5665,19,950,projection_yz,band_u,0.5057729984312298,2.791708516029109,0.4130155717298338,9.290045021004824,5.149407064751802,44058700.0
5665,19,950,projection_yz,band_r,0.5110350899277541,2.7553408968236432,0.4269975930233017,9.262358138416555,4.994028778937695,44058700.0
5665,19,950,projection_yz,mockmass,0.5394719139095752,2.6673895565314103,0.4727028286647581,9.544315417081156,2.434195356872664,44058700.0
5665,19,950,projection_zx,band_u,0.4303479467979659,1.2600233297432617,0.4537974264072634,8.903354766642728,5.242018494761037,44058700.0
5665,19,950,projection_zx,band_r,0.4246472813045023,1.229918201260377,0.4499506830564966,8.904116478184022,5.0979073007681,44058700.0
5665,19,950,projection_zx,mockmass,0.422726248629688,1.16220210837856,0.4490547162364061,9.17900510238803,2.569937997527985,44058700.0
9244,17,850,projection_xy,band_u,0.893072714703302,1.0981169758195035,0.7284416680736417,3.0571971978789008,5.446575578812493,49358800.0
9244,17,850,projection_xy,band_r,0.8949014530135417,1.1278632714679937,0.7313210957053873,3.0420078775270487,5.333527731089628,49358800.0
9244,17,850,projection_xy,mockmass,0.8948997923978828,1.139123363994249,0.7350455140751699,3.0353586548137,3.1048623463563447,49358800.0
9244,17,850,projection_yz,band_u,0.9627256478514398,1.705821743230517,0.7449606168414711,2.8870809066759104,5.479810297577693,49358800.0
9244,17,850,projection_yz,band_r,0.97599786444542,1.6304005174121816,0.7405368896849425,2.860589506850952,5.366824786781324,49358800.0
9244,17,850,projection_yz,mockmass,0.9819954404695868,1.508419705398831,0.7398771995950879,2.845705499565288,3.1388669748558087,49358800.0
9244,17,850,projection_zx,band_u,0.8979780450425547,2.841534448493801,0.7382195835771207,3.008003601347996,5.458064260727168,49358800.0
9244,17,850,projection_zx,band_r,0.9101881447600536,2.9005204340181465,0.7228781717238393,2.9790540084205968,5.346957677809203,49358800.0
9244,17,850,projection_zx,mockmass,0.9151650231603288,2.93262523617282,0.7143127191008641,2.96406563881247,3.120353451225193,49358800.0
939,14,700,projection_xy,band_g,0.8288509629284959,2.4926441059108906,1.706521660003674,1.390358981009116,6.464285954771763,40078200.0
939,14,700,projection_yz,band_g,0.5839467507495416,2.808792031389523,2.0497099652445847,2.265915189178404,6.16717760594777,40078200.0
939,14,700,projection_zx,band_g,0.6393183944182895,1.3583682539441058,2.139443542682536,2.184210280581622,6.149207619952412,40078200.0
1094,15,750,projection_xy,band_g,0.8248479729667781,1.87319242175201,0.6985154833258342,2.6085992047299,5.441041554027395,34281500.0
1094,15,750,projection_yz,band_g,0.8446044066074238,2.5167942527542,0.7364172207313098,2.464743316073032,5.477929388208939,34281500.0
1094,15,750,projection_zx,band_g,0.6215064202548257,2.4832842171490954,0.6247887983644489,2.913343876819756,5.475902003642567,34281500.0
1114,20,1000,projection_xy,band_g,0.7178384103328554,1.6215839505647165,1.104476444547363,1.15461579009052,6.941807542418948,49428800.0
1114,20,1000,projection_yz,band_g,0.979491415768271,0.9004685508064618,0.6137592350999515,0.7372929933516355,7.294912811862264,49428800.0
1114,20,1000,projection_zx,band_g,0.47262887433449696,0.3181554015533999,0.9266807517383134,1.5981850770273305,6.9527614706052026,49428800.0
1204,14,700,projection_xy,band_g,0.7783895199860509,1.8474809347121648,1.1421001996433544,1.7669610944427188,5.749820918766309,32406300.0
1204,14,700,projection_yz,band_g,0.6288500876807941,0.0818179572873349,1.194519854387749,2.274221646873974,5.626571081855002,32406300.0
1204,14,700,projection_zx,band_g,0.7184526734326613,1.156182876755753,1.249118683907251,2.3467623685603995,5.540678576984301,32406300.0
1241,19,950,projection_xy,band_g,0.5877798049113256,2.4443603866327885,0.7946125577297609,2.967829636569017,6.007972983227122,40643300.0
1241,19,950,projection_yz,band_g,0.45139979180836665,2.3745360996445304,0.4798405466462318,2.894440553029141,6.166445020227059,40643300.0
1241,19,950,projection_zx,band_g,0.5507885117206357,0.8915968424162984,1.0625579001915255,3.36993717960332,5.900870284339567,40643300.0
1291,17,850,projection_xy,band_g,0.6908258721582805,0.7914461718093267,1.105346336641332,2.7611692778258163,5.66773819514413,36767200.0
1291,17,850,projection_yz,band_g,0.8906712129743551,2.003883741601,0.8858442587006092,2.2145443375840785,5.748128274212253,36767200.0
1291,17,850,projection_zx,band_g,0.9232959356796822,0.582167368045641,0.9390572647404078,2.281113893574376,5.712533374877673,36767200.0
1303,17,850,projection_xy,band_g,0.8852835749669506,1.3285792481596477,1.0097454462614597,0.7696141992767896,6.517177960135124,29476700.0
1303,17,850,projection_yz,band_g,0.8298307016165197,2.8349954537767204,1.0739467089266763,0.8782769876461476,6.447554604265324,29476700.0
1303,17,850,projection_zx,band_g,0.9050304364728446,2.106022819977191,1.1657558100230223,0.8492363508809385,6.383211737899625,29476700.0
1311,16,800,projection_xy,band_g,0.5547272732163195,2.792631998624932,0.5637732708025092,2.521730584527195,6.057498136592644,41381400.0
1311,16,800,projection_yz,band_g,0.4188520740395171,1.9950565691149251,0.5337835639684029,2.6809738192716144,6.1590495330855735,41381400.0
1311,16,800,projection_zx,band_g,0.7525928532380637,0.4869096406187302,0.6527103745678511,1.7941357995941627,6.220606318635817,41381400.0
1363,14,700,projection_xy,band_g,0.6582099611852797,2.773537388404076,0.8406032062197588,1.3724135482729805,6.605064916784093,45778000.0
1363,14,700,projection_yz,band_g,0.5989249881637674,3.1398852655641374,0.6421466158378887,2.20267397037256,6.305574832040851,45778000.0
1363,14,700,projection_zx,band_g,0.46996099975376204,1.5869232403829607,1.0211384479761567,2.3797963149436687,6.273054229014968,45778000.0
1368,19,950,projection_xy,band_g,0.9344831003977636,2.3060721728453544,1.464550441156446,1.942863279510768,5.514747642799878,28465100.0
1368,19,950,projection_yz,band_g,0.8278989916162479,3.02666790304397,1.5582075736820458,2.256790299609036,5.415695309851229,28465100.0
1368,19,950,projection_zx,band_g,0.8583992218556181,1.5140035153349147,1.5705259497372333,2.3115082992025835,5.380130812137261,28465100.0
1447,17,850,projection_xy,band_g,0.5517104203459887,0.6826133512020564,1.4861418949995584,3.895001093385027,5.576258206800627,35846500.0
1447,17,850,projection_yz,band_g,0.46733824662577844,1.5192280363166637,1.1948589147379796,2.9821445447240045,5.907101598368855,35846500.0
1447,17,850,projection_zx,band_g,0.5332330640259806,0.0009541750862154,1.1131455334624674,2.532280986092838,5.979430761324326,35846500.0
1510,21,1050,projection_xy,band_g,0.41721825831221726,1.333325071762975,0.5234671669486024,3.755252486187738,5.805749217009792,42436400.0
1510,21,1050,projection_yz,band_g,0.8356193746395408,0.8042198850317319,1.033701176335794,2.275690781272362,5.865676972797469,42436400.0
1510,21,1050,projection_zx,band_g,0.42036588401728936,0.0684964934533117,0.5436582112245636,4.269546863306513,5.713127151168076,42436400.0
1561,15,750,projection_xy,band_g,0.7926221913941477,2.3192556113031078,1.5401602041755589,1.5282959720044935,6.126113630104894,33648700.0
1561,15,750,projection_yz,band_g,0.9187257164620755,1.0036720951871414,1.511929141922849,1.3810110532081266,6.148734924058459,33648700.0
1561,15,750,projection_zx,band_g,0.855148908384586,2.5138744908163906,1.5308478600873592,1.465846744623219,6.140697385156721,33648700.0
1700,17,850,projection_xy,band_g,0.6946277066318761,0.146244295916285,0.4938151750263851,2.740073464663862,5.898158748649058,33351700.0
1700,17,850,projection_yz,band_g,0.611267257756198,1.102669815576791,0.426047992654238,2.832787480564237,5.923097506307554,33351700.0
1700,17,850,projection_zx,band_g,0.8705632396152343,1.546860503031845,0.7483889305058081,2.179959424649739,5.927805520538854,33351700.0
1770,21,1050,projection_xy,band_g,0.4116351440930208,0.90847736961895,0.5837651672537534,3.852091382397485,5.81019185328789,29243000.0
1770,21,1050,projection_yz,band_g,0.7023872017743594,2.643964285757069,0.3600000086205981,3.3426470510693096,5.767072151987815,29243000.0
1770,21,1050,projection_zx,band_g,0.642264145878667,2.320525214828755,0.4008924677626558,3.611833321491204,5.718459522422648,29243000.0
1799,24,1200,projection_xy,band_g,0.6147447980727913,2.749200247445262,1.4231003894847962,3.22804974481849,5.800436033338149,46565900.0
1799,24,1200,projection_yz,band_g,0.4595973250986653,0.6523930892800748,0.9737978617697216,3.9722757694342223,5.7981148141518,46565900.0
1799,24,1200,projection_zx,band_g,0.5241715285327158,1.7180628571665757,0.932251587040986,3.4108495724185746,5.889609860795005,46565900.0
1808,15,750,projection_xy,band_g,0.8566855820970546,1.0798444889308907,0.6928073053312577,2.347520444523396,5.612769477427171,47685200.0
1808,15,750,projection_yz,band_g,0.9104913149902055,0.1389667741792331,0.6914007705487131,2.231484096399356,5.635312982494011,47685200.0
1808,15,750,projection_zx,band_g,0.7586271781577336,2.3651161502024127,0.7818921146209543,2.600811380241962,5.562520920212921,47685200.0
1917,18,900,projection_xy,band_g,0.7366407129066445,1.7090118578918847,0.7072870475379189,2.847772034824574,5.453085745941896,37590400.0
1917,18,900,projection_yz,band_g,0.6792041296992405,0.2421442279931975,0.7310823958380999,3.0463065331189,5.431975826275155,37590400.0
1917,18,900,projection_zx,band_g,0.5345246350333885,2.3073626275845656,0.6853215093150952,3.687631777687804,5.379668873515776,37590400.0
2303,16,800,projection_xy,band_g,0.8467929270563062,0.1425292551957141,0.6584001716786807,2.913034750939388,5.344333535949407,32893600.0
2303,16,800,projection_yz,band_g,0.7722406977073206,1.8057840549144208,0.6597196399648024,2.930194613253948,5.378335959631259,32893600.0
2303,16,800,projection_zx,band_g,0.7013493739312502,2.45559666292547,0.6800329322300613,2.76035811774986,5.4672477458191935,32893600.0
2327,10,500,projection_xy,band_g,0.4224031953478995,2.859622990153024,0.7756976684455934,3.1844707457980097,6.023815998104607,34181400.0
2327,10,500,projection_yz,band_g,0.7918243531785203,1.360294668562607,1.0284724457276575,3.0105484305703523,5.748903592006844,34181400.0
2327,10,500,projection_zx,band_g,0.669254325706064,1.6681931878282457,1.1976252840238537,2.4710958618210386,5.973415538775333,34181400.0
2345,33,1650,projection_xy,band_g,0.9749205585580293,0.7437083199070886,1.2379217060324632,8.911155871171578,4.623995585032185,42172600.0
2345,33,1650,projection_yz,band_g,0.8878335766359012,1.9634039437493185,0.9628374884451965,8.217182070148878,4.757677853880235,42172600.0
2345,33,1650,projection_zx,band_g,0.8605017779302415,2.7130891838864484,1.2141134375646292,8.697705499057902,4.6854541063114015,42172600.0
2405,26,1300,projection_xy,band_g,0.8570311700618642,1.9747453285011751,0.6186669679898613,4.694829305973824,5.023151486374726,39116100.0
2405,26,1300,projection_yz,band_g,0.6816981425203609,1.1755828403737765,0.6836004607075014,4.27209091820663,5.173068912952144,39116100.0
2405,26,1300,projection_zx,band_g,0.659534611668441,0.242900914652656,0.6133685340558528,4.55861219361601,5.145514795161691,39116100.0
2554,22,1100,projection_xy,band_g,0.6772876624336213,1.249031856083518,0.6542328926133046,3.8284938533840247,5.347248099313328,43541400.0
2554,22,1100,projection_yz,band_g,0.6404591570640462,0.347414397624725,0.6454349739381009,4.008340721528364,5.336767953482664,43541400.0
2554,22,1100,projection_zx,band_g,0.5417059655458294,0.7813575399791027,0.7063485948214792,4.764171737011502,5.247629055558173,43541400.0
2661,20,1000,projection_xy,band_g,0.8078179145636567,1.7779949684270988,0.7373451698154947,3.1525185197936025,5.21198179783501,27882600.0
2661,20,1000,projection_yz,band_g,0.8253797920460173,2.6967808453030133,0.6458417984593596,2.982687509233954,5.269045590527336,27882600.0
2661,20,1000,projection_zx,band_g,0.8855435873256694,0.4037088447050903,0.6652842983976744,3.164258743263249,5.176636283573669,27882600.0
2677,18,900,projection_xy,band_g,0.8389574285233633,2.16662964327728,2.0593399520420825,1.8060115044549097,5.838449949650984,49344500.0
2677,18,900,projection_yz,band_g,0.8914354296979835,1.467051485471622,1.9497115833277416,1.6014982446704966,5.927364727793866,49344500.0
2677,18,900,projection_zx,band_g,0.782620074051605,2.82777700852808,1.9291264422894585,1.8267771666736827,5.89815266810725,49344500.0
3468,24,1200,projection_xy,band_g,0.7388338555205667,1.4758824405801876,0.7294558823167687,3.4248402488825644,5.244499737409811,29378200.0
3468,24,1200,projection_yz,band_g,0.8429120994951411,2.951781443748265,0.7344719691392754,2.9758589426164224,5.302613499849567,29378200.0
3468,24,1200,projection_zx,band_g,0.8632566343097671,3.048522438356543,0.7818557178239568,3.471025078015386,5.158921018297792,29378200.0
3815,17,850,projection_xy,band_g,0.6338685362897682,1.0283110639019384,1.0686786227730432,2.7748081189408578,5.554608238333975,31982800.0
3815,17,850,projection_yz,band_g,0.9392695186124531,2.5799193297974568,1.2122976783637514,2.2820784372690794,5.543020931654815,31982800.0
3815,17,850,projection_zx,band_g,0.6929997479004781,0.5414312153081832,1.0860985244451746,2.8000538616528288,5.515686289764368,31982800.0
4036,22,1100,projection_xy,band_g,0.8144190338000008,2.040875078476686,0.7388241149301755,5.949439567598654,5.232892149245704,43735500.0
4036,22,1100,projection_yz,band_g,0.3984957426642,2.928325216074532,1.4894313842752314,15.370537518041266,4.695214664356847,43735500.0
4036,22,1100,projection_zx,band_g,0.46388313267588865,1.579354131318464,1.0331048607612363,14.1094322089832,4.742913000615507,43735500.0
4091,23,1150,projection_xy,band_g,0.7392331391149719,2.33267421882302,1.1994875240632332,5.744197845043426,4.915021830160109,40223400.0
4091,23,1150,projection_yz,band_g,0.7380496382275419,2.225633993237499,1.0345301276534804,4.956577630115667,5.058973600634367,40223400.0
4091,23,1150,projection_zx,band_g,0.6264218329889023,0.6476439033120835,0.9050055549585188,5.220109276087282,5.088058639129825,40223400.0
4392,32,1600,projection_xy,band_g,0.864525066178543,2.774774272858957,0.8125666536677207,5.939676491601542,4.828378754557489,43461500.0
4392,32,1600,projection_yz,band_g,0.8072871805166956,1.0853047318363762,0.8468303871486438,5.947869642540509,4.845395607524742,43461500.0
4392,32,1600,projection_zx,band_g,0.934496843678238,0.8037591905198591,0.8106419176951201,5.525170070652464,4.86939520445164,43461500.0
4559,20,1000,projection_xy,band_g,0.779054370273729,0.8693832114909413,0.7154735442581752,3.5346459841860454,5.28986377677684,41822900.0
4559,20,1000,projection_yz,band_g,0.7653532711072001,2.590893050701983,0.7349231906243321,3.788855105077208,5.248286105043332,41822900.0
4559,20,1000,projection_zx,band_g,0.9033521142879971,1.859983654014776,0.7046851504721096,3.566203723035793,5.230867265756741,41822900.0
5404,18,900,projection_xy,band_g,0.8952200482063964,1.2491674290780577,0.7718068479333893,4.259073007369307,5.063980670823465,35992000.0
5404,18,900,projection_yz,band_g,0.734084560427616,2.791787300036023,0.7515002051300435,5.172896297186049,4.996621208702958,35992000.0
5404,18,900,projection_zx,band_g,0.8495442663365913,1.2989061800354105,0.8224811284622324,4.88221887473258,4.951683179059819,35992000.0
5632,12,600,projection_xy,band_g,0.8367583248121613,1.703149560919922,0.7441602594288179,2.156664610324415,5.445158179091643,28345000.0
5632,12,600,projection_yz,band_g,0.8825018091385517,2.752614038326628,0.9044091609564964,2.1342390784505016,5.4148827230135135,28345000.0
5632,12,600,projection_zx,band_g,0.9002004333967746,0.3012594373991561,0.9109176721508048,2.2820727518382564,5.345070326904518,28345000.0
5665,19,950,projection_xy,band_g,0.83744824680472,2.905398535797162,0.7691199776049513,5.345072117682458,5.212026775473489,44058700.0
5665,19,950,projection_yz,band_g,0.5051592926986833,2.7811853512627467,0.414518110145278,9.23973522173048,5.057882608414275,44058700.0
5665,19,950,projection_zx,band_g,0.42793689095418425,1.2545328188992688,0.4509105140594853,8.864173123989596,5.152529289146404,44058700.0
9244,17,850,projection_xy,band_g,0.8942081205029702,1.1165723570305477,0.7302813440062433,3.047912452488274,5.364162833740649,49358800.0
9244,17,850,projection_yz,band_g,0.9710856359380896,1.6662162196868526,0.7421678426200153,2.8703777945474127,5.397488181654203,49358800.0
9244,17,850,projection_zx,band_g,0.9057422773235635,2.877354387133065,0.7283076704011109,2.9898099275352754,5.376948594327823,49358800.0
