18,35,1750,projection_xy,band_g,0.9999999880335733,2.5238384843403274,0.9877970162779928,26.782120268606395,5.819517240725156
18,35,1750,projection_yz,band_g,0.9488172937980572,2.4672378523185485,0.36000000002850324,18.88366124103851,6.162819136147291
18,35,1750,projection_zx,band_g,0.8889013679491946,1.6882084251649316,0.36000000089602663,19.24811065932723,6.151412681917597
23,33,1650,projection_xy,band_g,0.8828455090956112,2.8696790899439395,0.36000000000448784,16.924455149622524,6.622426434858152
23,33,1650,projection_yz,band_g,0.2325601285169898,1.3209814561049056,0.3601179246602179,19.04021339017114,6.7490853875077095
23,33,1650,projection_zx,band_g,0.1470431797610953,0.23804837257393838,2.07138424920259,38.430804238027015,6.283209055586472
26,35,1750,projection_xy,band_g,0.900706203191355,1.8229795994189988,0.3600000027388987,18.280309834198924,6.032494881761371
26,35,1750,projection_yz,band_g,0.9493246754974854,3.026086288589041,0.36000000021642214,17.347044286905803,6.0535616175244975
26,35,1750,projection_zx,band_g,0.9560238308538944,2.9651558358408985,0.36000000361511214,17.87770127049095,6.048692709829631
31,29,1450,projection_xy,band_g,0.7929017173479069,1.0048223030894246,0.36000000061631904,18.329648077346842,6.6247336065566556
31,29,1450,projection_yz,band_g,0.23990333463642216,0.917454589005918,4.863638239701634,245.46715952769253,5.006795916278275
31,29,1450,projection_zx,band_g,0.41371887073614605,2.525319976729623,0.36064746075914583,20.576267081852738,6.70119905467405
65,12,600,projection_xy,band_g,0.9431205681524911,1.6502254988574336,0.3600000003865765,9.029881143136542,6.238417634856995
65,12,600,projection_yz,band_g,0.9999999933167635,0.612047431439386,1.6331930670376016,35.72066234331786,5.4253500653459295
65,12,600,projection_zx,band_g,0.9196743671341034,0.18477991129491997,0.36000000150318373,8.975642206140895,6.249212512441936
81,26,1300,projection_xy,band_g,0.28651090627779446,2.709542711170057,0.44712937018664384,14.94187124848079,6.451108617534847
81,26,1300,projection_yz,band_g,0.8853260527439434,0.4966864916406379,0.3600000016873049,11.73338773758995,6.500542537043313
81,26,1300,projection_zx,band_g,0.9999999458239528,1.7434626920936935,0.652154974031661,11.622064725309297,6.228642776015009
86,24,1200,projection_xy,band_g,0.5539604399897357,0.5461325220718077,0.36000000208587185,10.626225582926022,6.44313214684544
86,24,1200,projection_yz,band_g,0.7567120690778715,2.3951410179182404,0.3600000008521094,10.453621171045793,6.384397163613937
86,24,1200,projection_zx,band_g,0.5261267313141448,0.9906494999248091,0.3600000018227851,10.988061321428876,6.443009724693207
89,35,1750,projection_xy,band_g,0.7104758771801823,1.0993162963390934,0.3600000000185707,12.329363680124212,6.550101056047804
89,35,1750,projection_yz,band_g,0.5652215580794935,2.3094186112402166,0.3600000003028325,12.120181462010715,6.5709504251752975
89,35,1750,projection_zx,band_g,0.5718263139885634,0.5385769919439762,0.3600000002510234,13.195139259886526,6.558392720617369
92,21,1050,projection_xy,band_g,0.3899432548353266,2.449785411609113,0.360000000373282,11.737087395685025,6.523394962138925
92,21,1050,projection_yz,band_g,0.7576248529027091,2.83309007547226,0.3600000019757943,10.797702634715092,6.5517509339833975
92,21,1050,projection_zx,band_g,0.9999999923020954,1.4492485305691716,0.701947215824652,11.518578183173272,6.291559943981041
93,30,1500,projection_xy,band_g,0.5718146997177631,1.1814977995732219,0.3600000006649336,10.428869377278899,6.742468685879185
93,30,1500,projection_yz,band_g,0.6305981416255588,2.697038431897509,0.36000001279186283,9.59947222406106,6.75882300518074
93,30,1500,projection_zx,band_g,0.8094023060061177,0.42991857070474543,0.3600000005896167,9.810809380688285,6.763437276190388
94,21,1050,projection_xy,band_g,0.8581850207044254,0.050458575290179324,0.3600000034267391,10.0345127313973,6.404083003346311
94,21,1050,projection_yz,band_g,0.6578465663338872,2.6343677446007963,0.3600000004915663,13.084795487346701,6.393872618756731
94,21,1050,projection_zx,band_g,0.5971480444528443,1.7626518998052274,0.3600000024019584,13.158892346113017,6.378303983678362
96,31,1550,projection_xy,band_g,0.8547047722411515,2.076913442215772,0.3600000000564319,11.875259420201287,6.491069052299698
96,31,1550,projection_yz,band_g,0.3966652355340884,1.9601170848917404,0.3600000012834698,12.369471078627985,6.59399388198347
96,31,1550,projection_zx,band_g,0.9999998265724784,2.901662092664999,0.6373534291473609,10.717535929766541,6.282042273273277
98,16,800,projection_xy,band_g,0.8532306641707244,1.4146369417101223,0.36000000218495953,9.793168892605712,6.299804225443484
98,16,800,projection_yz,band_g,0.69867270604593,0.13847231648081842,0.3600000009898716,11.685542461362994,6.271576585445256
98,16,800,projection_zx,band_g,0.999999968426699,1.5974254808611192,0.4247947800513968,10.562882244591892,6.199870849713321
125,15,750,projection_xy,band_g,0.8480854284430486,0.23397135300626637,0.3600000046369656,8.798713837672873,6.1631510417025055
125,15,750,projection_yz,band_g,0.8476739081667329,1.7968392378649027,0.4142975996792997,8.893847533421045,6.11232508588984
125,15,750,projection_zx,band_g,0.9999997132340167,0.5059688489275445,0.3946138574390745,6.483080916795682,6.282848659337249
128,20,1000,projection_xy,band_g,0.5784549623198737,0.5945011478661532,0.36000000290454093,8.458433608498574,6.230396494636048
128,20,1000,projection_yz,band_g,0.8928959604764819,0.19858767956955214,0.3600000030680216,7.635356445904463,6.250375450108393
128,20,1000,projection_zx,band_g,0.7255089068641252,1.739742850442596,0.36000000206654403,7.972773581169612,6.245134743150293
131,32,1600,projection_xy,band_g,0.7401160911404127,0.07464206639482357,0.3600000018645385,10.340208959899995,6.525555816406289
131,32,1600,projection_yz,band_g,0.9044613463905897,1.3117290355245423,0.3600000020645985,9.863357496000324,6.550612211009498
131,32,1600,projection_zx,band_g,0.5395217980982812,0.9929309123282928,0.4275750039574121,11.389164485036488,6.480683028215845
150,19,950,projection_xy,band_g,0.6757969423356324,0.9030202174195487,0.4975002965758566,6.496197347268092,6.470449196067612
150,19,950,projection_yz,band_g,0.7615704530316239,0.26203856406183623,0.36000000641204005,6.406050981856647,6.506789414647238
150,19,950,projection_zx,band_g,0.8296360409650836,1.8729659473152467,0.3600000085820225,6.28155937890082,6.522153326764632
153,30,1500,projection_xy,band_g,0.7619907907848734,1.5130192664579964,0.36000000025619705,8.819079615155552,6.715308062020892
153,30,1500,projection_yz,band_g,0.35780530478357947,0.7837254465753586,0.3600000125813989,10.473452579887624,6.667201752721488
153,30,1500,projection_zx,band_g,0.7600528169251426,3.0318837883257426,0.3600000013237637,8.90742181521446,6.703892995259401
159,19,950,projection_xy,band_g,0.7023924688792359,1.2323460579334997,0.36000000455964637,7.405793833332389,6.434045731075215
159,19,950,projection_yz,band_g,0.5412962759681965,0.6552990058567475,0.36000000404194904,7.781887234736964,6.419898295362419
159,19,950,projection_zx,band_g,0.8143318799685093,2.712101455239973,0.3600000028079485,7.208306807536281,6.432780757398375
162,2,100,projection_xy,band_g,0.7842916183471697,1.628389851899513,2.5708586192227054,2.0991621398609652,5.896728335863632
162,2,100,projection_yz,band_g,0.8566637938188679,2.2221260783628636,0.7975652472737872,0.5447864965317575,6.778384938243411
162,2,100,projection_zx,band_g,0.8560668858442627,0.3662065426801995,0.3600000051118803,0.1770375917706081,7.4340415891748775
165,26,1300,projection_xy,band_g,0.5781637866079417,0.1040056036909085,0.39157052620119437,10.197822164231502,6.311119157798103
165,26,1300,projection_yz,band_g,0.9099564124697327,2.83220910892382,0.36000019308648545,9.606045900469539,6.352470638530506
165,26,1300,projection_zx,band_g,0.5339169415633864,1.5044920105731987,0.3919774240705311,10.870935894671529,6.312126711464707
168,28,1400,projection_xy,band_g,0.827667814485156,3.0395932048981362,0.3920897767796743,8.114470496979445,6.6942886004824755
168,28,1400,projection_yz,band_g,0.7009928076288966,1.6696360814342859,0.36000000233660695,8.62689480734885,6.665520304908541
168,28,1400,projection_zx,band_g,0.44517439369661577,2.4807468590517945,0.364943628603416,9.606965768100514,6.644013883092878
173,24,1200,projection_xy,band_g,0.9999999206407097,2.347111341687526,0.7298030571791154,9.009300527381601,6.2208024790072685
173,24,1200,projection_yz,band_g,0.46270199621841973,2.5529736551222535,0.36000000055161124,9.735132131699398,6.476443976020599
173,24,1200,projection_zx,band_g,0.7791279765338508,0.7635853977559833,0.3600000009988894,8.813651159218571,6.466490283347077
175,21,1050,projection_xy,band_g,0.6908212594121433,0.7159501101041111,0.36000000079386263,9.068242373052316,6.30188819920316
175,21,1050,projection_yz,band_g,0.5031100019321899,0.8629565279873702,0.3600000068496621,10.017287570352533,6.31269661325646
175,21,1050,projection_zx,band_g,0.6833415500655494,2.4161121902923868,0.36000000017878175,8.853547144170987,6.309992074920689
178,31,1550,projection_xy,band_g,0.6894527819244818,2.718131318938868,0.3600000022096699,8.10292267648837,6.660472669515789
178,31,1550,projection_yz,band_g,0.8341540518611225,2.2306573792575475,0.3641258233267579,7.368084766713309,6.725102692130548
178,31,1550,projection_zx,band_g,0.374520715582856,2.2881076851826885,0.4681211543733215,9.721749628111795,6.6558301576862435
180,17,850,projection_xy,band_g,0.9175211405081292,1.6603023182181804,0.3734665606267172,5.356863338983806,6.468395219152332
180,17,850,projection_yz,band_g,0.6549315575721518,0.9610270900538862,0.5198725030646993,5.910243218018508,6.449003441968328
180,17,850,projection_zx,band_g,0.9999999985716714,1.3456946018949587,0.8693651126953347,6.15926274209057,6.234384291908915
181,24,1200,projection_xy,band_g,0.38326888664798114,1.866766161461082,0.36020175937631554,8.354772964563248,6.758806984521744
181,24,1200,projection_yz,band_g,0.3179335481459206,0.1384666360835772,1.609967057888885,10.405457110294718,6.489333543918037
181,24,1200,projection_zx,band_g,0.8485121230522888,0.14526987052275633,0.3600000022426016,7.58742124747215,6.638173789645883
183,27,1350,projection_xy,band_g,0.5522485907513945,0.642387445302942,0.3600000016139708,9.964604211324636,6.597705783426941
183,27,1350,projection_yz,band_g,0.8046450546625654,1.2852356314983557,0.3600000000629706,8.597222806259936,6.593423534485694
183,27,1350,projection_zx,band_g,0.40891056093490036,2.3698000987330206,0.36000000258694137,10.166051967805904,6.592112456465126
190,31,1550,projection_xy,band_g,0.38568371636446147,1.4840921936149192,0.3600000011399552,10.742667922433984,6.722437617697285
190,31,1550,projection_yz,band_g,0.20325023367162762,0.35891471609262393,0.547198243220717,11.799154746395589,6.736959489054302
190,31,1550,projection_zx,band_g,0.7339610823951022,0.6576261637059667,0.36000000152201145,10.147189615389834,6.691590216011789
206,13,650,projection_xy,band_g,0.692383803467559,2.011167187695807,0.36000000246753067,5.102859216874431,6.447211246163473
206,13,650,projection_yz,band_g,0.5391531337894069,2.3923202225275633,0.3600000015724031,5.17913830712843,6.458624120433864
206,13,650,projection_zx,band_g,0.6881306648688722,2.6241254260193507,0.36000000046481584,5.171654601505979,6.443618933393133
223,18,900,projection_xy,band_g,0.6424193526556055,2.7109798001268657,0.36000000374492136,7.347234582787531,6.305807453091297
223,18,900,projection_yz,band_g,0.8971832839804885,0.6652655412949067,0.36000000463277526,6.853399690238308,6.3245288877737025
223,18,900,projection_zx,band_g,0.6619401253529016,1.2147009017912795,0.36000000462883014,7.303286698492725,6.31147219710209
227,9,450,projection_xy,band_g,0.8936893072898702,1.1541963319425106,0.3600000094197813,4.202223567934777,6.3765015632666335
227,9,450,projection_yz,band_g,0.7420503040018527,2.199738719564509,0.3600000009199891,4.3601200821110115,6.381928156120273
227,9,450,projection_zx,band_g,0.9999995239856452,1.6200064629702915,0.658656209494461,4.645786144701099,6.191173905125654
231,24,1200,projection_xy,band_g,0.46791755906972016,0.61397096795357,0.4602884349559888,6.923155622185691,6.686164525250632
231,24,1200,projection_yz,band_g,0.7815555735961467,0.21070950500859412,0.3600000028756246,6.619354303373411,6.70821377202261
231,24,1200,projection_zx,band_g,0.4757049061312242,2.0258302185178945,0.36000000249893743,7.663531628628784,6.674052005684635
237,19,950,projection_xy,band_g,0.6777613622286565,0.00022498987004819057,0.3600000007328041,6.9438710661835215,6.37247912279339
237,19,950,projection_yz,band_g,0.9352033147460233,1.3821872142076046,0.36000000334366417,6.4890818681189355,6.381967392815935
237,19,950,projection_zx,band_g,0.5799000976851663,1.1202397697037063,0.3600000061331559,7.14343479525177,6.369113831738431
242,20,1000,projection_xy,band_g,0.9439299228878123,1.9806078939640668,0.42902903489368205,5.792235919871316,6.356419442318507
242,20,1000,projection_yz,band_g,0.8408432625194634,1.0349133429588218,0.4194730403627004,5.7519089394620755,6.400203474218268
242,20,1000,projection_zx,band_g,0.8774565244753828,3.1035737661893177,0.3787428767059031,5.775852111548686,6.388787569865136
248,29,1450,projection_xy,band_g,0.39601113576104213,0.7389736699156466,0.38079406018336576,8.98133221059305,7.034956014636486
248,29,1450,projection_yz,band_g,0.8400616905656119,2.151829029568006,0.4133573801894927,6.858434319113674,6.981418930515316
248,29,1450,projection_zx,band_g,0.5311358179395631,0.7613942964517313,0.3600000006526618,8.027798101992742,7.02676436506969
253,22,1100,projection_xy,band_g,0.970478600506564,0.22675446663014975,0.36000000023718465,7.382289995119122,6.3440748843010555
253,22,1100,projection_yz,band_g,0.9999998359946904,0.7424384393177235,0.5657782929167929,6.705400914010215,6.1848871144417235
253,22,1100,projection_zx,band_g,0.5014979008839726,3.102893255187254,0.3600000040922213,8.444533623962869,6.33168788656932
254,14,700,projection_xy,band_g,0.8922255349772191,1.489185997276704,0.36604041238764307,5.762454389095227,6.210525230075916
254,14,700,projection_yz,band_g,0.5819952424754817,1.0155488873865015,0.36000000079908806,6.353854877501937,6.164742891077437
254,14,700,projection_zx,band_g,0.6910530104123443,3.0445571256562998,0.3600000030797253,6.044460074329902,6.2109804111179985
258,25,1250,projection_xy,band_g,0.8013361278178237,0.32755297384590937,0.39255873188197044,5.477176451034986,6.971704625757588
258,25,1250,projection_yz,band_g,0.6966460944939908,1.570300596158855,6.413450534461512,57.44680481165955,4.936103093463351
258,25,1250,projection_zx,band_g,0.34791365362464305,0.5166702125781978,0.9089296560233192,6.803633490755625,6.8323859327443515
259,19,950,projection_xy,band_g,0.9999999738519241,2.7451439568890628,0.44381872659390087,5.488677523278511,6.3973666199830515
259,19,950,projection_yz,band_g,0.45897204619864174,0.40419900546812737,0.360088774610735,7.241809060832939,6.485602214749197
259,19,950,projection_zx,band_g,0.9999999771807986,1.160229080494755,0.4221736963776168,6.114012999418053,6.444973029842374
270,23,1150,projection_xy,band_g,0.8309749415582205,0.8013718777148463,0.5972911357912005,5.208460252645877,6.4375651172769475
270,23,1150,projection_yz,band_g,0.9490271309560919,2.5267009817533106,0.7805773398614448,4.9073866098017485,6.417101594794463
270,23,1150,projection_zx,band_g,0.9622492183725646,0.7636008320615714,0.4809317390873205,4.713389443498108,6.481386043992458
274,32,1600,projection_xy,band_g,0.34145494269776294,0.8930705395557259,0.7108318399498122,5.651101018401291,7.03566871125358
274,32,1600,projection_yz,band_g,0.6821033313865483,0.8946651691689017,0.7806893798279438,4.094219603424447,7.035122238752579
274,32,1600,projection_zx,band_g,0.5846473997602942,0.5116912367063314,0.6098609964873974,4.367094208687899,7.090130479302739
279,24,1200,projection_xy,band_g,0.7428253287625743,0.10593824539458667,0.39443624006919403,7.146030555934426,6.437057866680445
279,24,1200,projection_yz,band_g,0.838559919021534,1.4795490126364366,0.3811857922293591,6.98394470504242,6.433020093147732
279,24,1200,projection_zx,band_g,0.5473058172782767,2.2506998447474786,0.41309992820361313,7.732752442844189,6.419298350573514
280,30,1500,projection_xy,band_g,0.8331754916318529,0.5185218477348659,0.37394577544313756,8.34930823634232,6.270964635176194
280,30,1500,projection_yz,band_g,0.8561063577010594,1.9864468561156332,0.3600000032840609,8.130523760329561,6.293037433087933
280,30,1500,projection_zx,band_g,0.8506957208557944,0.7267627662962437,0.36000000306222973,7.988136576921495,6.288862484079818
286,23,1150,projection_xy,band_g,0.6692406078934114,1.533649512590714,7.748635942962672,22.96049097086622,5.565881827701008
286,23,1150,projection_yz,band_g,0.596493094572883,0.462259342401981,7.248035080259823,10.439645226598403,6.131348459652274
286,23,1150,projection_zx,band_g,0.8573346166742671,0.13189856256348012,0.5847205774332194,0.10544676864945554,9.223378376408645
296,21,1050,projection_xy,band_g,0.6229934300666178,1.772607841509705,5.538887889238001,28.203714659722145,5.444966144023764
296,21,1050,projection_yz,band_g,0.6233296112886688,0.41195519390876095,6.050348834781133,19.25677107701355,5.643561481346101
296,21,1050,projection_zx,band_g,0.8542093404367557,0.8276686284507657,6.478180927836325,15.967534677801883,5.769226507838571
300,31,1550,projection_xy,band_g,0.8092627293047048,0.9843607302758206,0.4200234258807161,8.922446698521743,6.3359751537540525
300,31,1550,projection_yz,band_g,0.830232549844164,3.0799448763266417,0.4151267397075993,9.015927631078156,6.342001517770578
300,31,1550,projection_zx,band_g,0.892175427512578,1.7901453874040971,0.43916074540894146,8.959380878082905,6.328950323569512
303,23,1150,projection_xy,band_g,0.3769765363333378,2.9613211493266802,1.3203356171290066,8.605860758502558,6.638015435206222
303,23,1150,projection_yz,band_g,0.8517860957566278,2.380041688495545,0.3600000040236823,5.633758325218598,6.943172639092808
303,23,1150,projection_zx,band_g,0.4495595058077136,1.8304832022382012,0.5986297452581966,7.069818781997799,6.7750825361996325
305,35,1750,projection_xy,band_g,0.47055707391396306,0.5921217995165825,0.9634164896843872,8.307054891169889,6.70852772638639
305,35,1750,projection_yz,band_g,0.7188658572015919,2.890679260969067,0.5458931347663953,6.861992803437641,6.875177607239102
305,35,1750,projection_zx,band_g,0.5570217189633502,1.4477966191031775,0.6712097041280025,7.651401486096209,6.810382035948472
313,20,1000,projection_xy,band_g,0.9415892029004129,2.8184559722322797,0.3758014216180484,6.503320675830221,6.277848736256733
313,20,1000,projection_yz,band_g,0.9999999925054741,1.5989160283677535,0.360004096184255,6.1846185211665485,6.286591415747795
313,20,1000,projection_zx,band_g,0.7551741923079043,0.7111983402503995,0.36362223710127656,7.024497202959192,6.264282836374025
315,15,750,projection_xy,band_g,0.8456424031963322,1.5514250916422792,0.36000000194956494,6.4070468180838,6.444538369413776
315,15,750,projection_yz,band_g,0.24987345080024315,2.2071005562191357,0.3766742582888983,7.789150924418373,6.545399780113091
315,15,750,projection_zx,band_g,0.9999995615138796,2.092343411495289,1.0211229183532686,8.359689517562677,6.044277839586755
316,31,1550,projection_xy,band_g,0.49684415742778415,2.4781371704971744,0.579067430174194,5.884740803964512,7.227445492129918
316,31,1550,projection_yz,band_g,0.7576345870823437,2.0263332118413047,0.4866941510422076,5.098532170647643,7.194779138495065
316,31,1550,projection_zx,band_g,0.6103955778923233,2.3885437282015474,0.7367658087056606,5.748983516980807,7.120529265636747
325,25,1250,projection_xy,band_g,0.7621785442121898,0.4004903719435389,0.4418488265105178,7.888218014310198,6.389949897796951
325,25,1250,projection_yz,band_g,0.8937912277448524,0.539240105702817,0.41016908387638834,7.602488751160868,6.407457510056903
325,25,1250,projection_zx,band_g,0.7842725759533249,1.299170232306294,0.36000000720274805,7.618433908278296,6.461813187998714
328,17,850,projection_xy,band_g,0.8984619002767796,0.5048226039743149,0.36000000325064,5.647842788013411,6.733406837268801
328,17,850,projection_yz,band_g,0.6005434197892524,1.347961902575907,0.4849239138040425,6.630449289760373,6.6249050620150145
328,17,850,projection_zx,band_g,0.9999999958984797,2.5824586625520283,0.494972651264759,5.364752476130516,6.559488048156327
329,22,1100,projection_xy,band_g,0.8414201990783009,0.49033245539560055,0.45440126563260586,6.039211645166663,6.4200701794424875
329,22,1100,projection_yz,band_g,0.75158079640146,1.1419474546422281,0.44737026363845045,6.304685006396933,6.416380949441911
329,22,1100,projection_zx,band_g,0.710305783050202,2.485639846626834,0.425929479447115,6.210980609692431,6.43900851986805
332,22,1100,projection_xy,band_g,0.6432390118617696,0.18343798495377167,0.4347463102351514,6.591505161217141,6.433156925376289
332,22,1100,projection_yz,band_g,0.9340850375487872,0.7384182774654018,0.4985805464923683,6.073685486718825,6.415823086832959
332,22,1100,projection_zx,band_g,0.6456103368555418,1.7470913498995513,0.438361309683783,6.493529982650362,6.451948794841738
333,27,1350,projection_xy,band_g,0.8037525175576433,2.0057113838360445,0.3967819908354669,7.755581542049541,6.493127011060626
333,27,1350,projection_yz,band_g,0.9666046216446165,2.421907285313471,0.43229885016789316,7.01529599954046,6.464802668200858
333,27,1350,projection_zx,band_g,0.6175443231873131,2.5336755799973942,0.5288075346048964,9.223896640035505,6.418849753520231
338,21,1050,projection_xy,band_g,0.9999999896268235,0.8255878059071087,1.7045804866432608,8.21330111021649,5.984493151845232
338,21,1050,projection_yz,band_g,0.802331827284383,2.3656019078334336,0.48723967692526216,4.219810673254805,6.631518334706576
338,21,1050,projection_zx,band_g,0.6356687067314453,0.73342419425441,4.511084408992099,20.08528127767176,5.329907558044804
340,37,1850,projection_xy,band_g,0.7769324383893212,2.4318040404459156,0.5068695734546098,5.648052264550236,7.047518769154448
340,37,1850,projection_yz,band_g,0.6563239607202368,1.2373749834782188,0.4659131464513341,5.556049086612266,7.079357585903975
340,37,1850,projection_zx,band_g,0.5371839621668731,0.4965125174131658,0.49014651221800387,6.025786962324722,7.042644112472754
348,21,1050,projection_xy,band_g,0.9659660014200764,1.3907557365598924,0.5861311949689476,6.1826410343903415,6.6341810147252875
348,21,1050,projection_yz,band_g,0.5724340728723112,1.3922245710108425,0.5059739653362615,7.062805795043945,6.635579407203648
348,21,1050,projection_zx,band_g,0.5518314458330185,0.1733115664773629,0.8098784203817355,7.416112674973335,6.5837257495006645
349,22,1100,projection_xy,band_g,0.6355196659667594,0.3515412054988639,0.5075404899550158,5.041010237864761,6.8817311486384805
349,22,1100,projection_yz,band_g,0.6945903106535202,0.9977205156342658,0.7204255568075588,5.2016640289734255,6.818380746745017
349,22,1100,projection_zx,band_g,0.4139404474457251,0.9178232836274938,0.632389401928477,5.594069656889042,6.893846030477115
352,25,1250,projection_xy,band_g,0.5470766432172466,2.3827451146077245,0.3690840877287582,7.697454792722165,6.5272857050750295
352,25,1250,projection_yz,band_g,0.7449448669545429,0.6634444563490123,0.39090435262736223,7.004273688900919,6.541167524789859
352,25,1250,projection_zx,band_g,0.7264591604064193,0.9441724383888237,0.442643977237845,6.982973895628261,6.542857908554441
359,25,1250,projection_xy,band_g,0.5393162126741337,0.7260251391867952,0.48436609916703266,7.934767416791109,6.425222019843681
359,25,1250,projection_yz,band_g,0.7369178793953393,2.402842466044056,0.44674223922669304,7.048015266320036,6.452477642158573
359,25,1250,projection_zx,band_g,0.7736976203148577,0.9658316929236753,0.44097946982987946,6.831805762719928,6.456560954054043
365,22,1100,projection_xy,band_g,0.7369722625688774,0.4112249583914037,0.38219776084592366,6.988752187774456,6.2885915715977205
365,22,1100,projection_yz,band_g,0.9207848420106018,1.068919816952038,0.4042035625397692,6.565311107683795,6.286056676326552
365,22,1100,projection_zx,band_g,0.6999533756001763,2.117896154882102,0.3643698023940596,7.009202518743255,6.296481407372698
367,35,1750,projection_xy,band_g,0.3696626359240036,1.8479267888587054,2.090702878547815,8.527631553425433,6.726938852592387
367,35,1750,projection_yz,band_g,0.6663339497743594,0.34375001859236975,0.4852679460826356,3.800885995368006,7.247171467739974
367,35,1750,projection_zx,band_g,0.617809842812045,2.710225020210892,0.37020573677737956,4.7104693217362446,7.191720247649069
370,26,1300,projection_xy,band_g,0.4168769282387862,1.4574919001504063,0.3600000023319144,6.3385085806045325,7.24296820212548
370,26,1300,projection_yz,band_g,0.19810480227224633,0.3072439472189223,0.4216568300031325,7.663241795547678,7.361748347919306
370,26,1300,projection_zx,band_g,0.9251321778136166,0.5640474156859678,0.5977931796295748,6.468694923823387,6.832746578027537
372,15,750,projection_xy,band_g,0.9999997439019344,0.3456124412591919,1.3109450192222178,6.884019123123765,5.962288981875553
372,15,750,projection_yz,band_g,0.6437104914634348,2.399409733919852,0.36000000489329387,4.851266444791325,6.463646206425449
372,15,750,projection_zx,band_g,0.7667628468982445,2.5102414753610445,0.36000000994717357,4.6337822632378725,6.464367159466922
381,30,1500,projection_xy,band_g,0.8256929543265599,0.9153809053683252,0.8516489480781345,8.307049949053969,6.328789546362271
381,30,1500,projection_yz,band_g,0.5843383047475318,1.272883027496669,0.48763084211034363,8.36778180145641,6.393001284399243
381,30,1500,projection_zx,band_g,0.6041512042882698,2.961630905813807,0.506861475655345,8.264243047828856,6.404683032355167
383,31,1550,projection_xy,band_g,0.5473025882503791,1.996717879531853,0.6361776810047437,6.872153928054545,6.721737288561087
383,31,1550,projection_yz,band_g,0.5135478432093165,2.8299305783424584,0.5449597901264821,7.312162862118504,6.738960802294656
383,31,1550,projection_zx,band_g,0.8166016498650625,1.563457243291024,0.4968596990052735,6.21630424098302,6.7632101708912895
384,28,1400,projection_xy,band_g,0.4095767568751053,0.09722094632789098,0.36000000258310366,4.126868704015363,7.280099072241724
384,28,1400,projection_yz,band_g,0.6898794061376718,2.556648181494348,0.3600000100790898,4.9414460185004625,7.0264716490978945
384,28,1400,projection_zx,band_g,0.33613101616920005,1.64308408755601,0.5376105259128937,5.063469460856006,7.171323360326097
388,21,1050,projection_xy,band_g,0.7449062020543477,1.3782441371737437,0.3881126480638874,5.92730653621303,6.450282289709161
388,21,1050,projection_yz,band_g,0.7467555428616715,0.1945001704611648,0.41738100844945514,5.946136118893324,6.436203033312005
388,21,1050,projection_zx,band_g,0.9776190275784022,2.690589285941958,0.39784578028664574,5.483857895625488,6.471742743470079
397,29,1450,projection_xy,band_g,0.6066923972909799,1.1591596851883377,2.7767293692454915,0.9564108231590739,7.919308601299314
397,29,1450,projection_yz,band_g,0.5940006972827446,2.690843897773517,0.9726593550904513,0.2913237764596354,8.899150947899514
397,29,1450,projection_zx,band_g,0.5387574524490729,2.5603069869216233,2.1840321383688326,0.8071086021989817,8.133706183000426
399,25,1250,projection_xy,band_g,0.37392096253695145,1.9461529721390831,0.3621849347355671,2.3634470177318625,8.199644190008046
399,25,1250,projection_yz,band_g,0.7256378205189719,0.9041463581703885,1.2117632343907516,1.8671707729366234,7.989404924212888
399,25,1250,projection_zx,band_g,0.4937338293186431,2.8057095175662052,0.3600000004171495,2.36855936903452,8.118222112502554
404,22,1100,projection_xy,band_g,0.21996817869671834,1.7168060763441557,0.7106994039219408,6.339070010874259,7.06381680862252
404,22,1100,projection_yz,band_g,0.3330747784369531,2.985178971378561,0.4634595039843669,5.285703299566717,7.039868166061648
404,22,1100,projection_zx,band_g,0.6565907735501082,2.7582472384345955,6.304456499870609,99.58339284824297,4.668886787337588
406,20,1000,projection_xy,band_g,0.6181297546837781,1.8290050456486464,0.36000000132552407,18.197300488043634,5.942027885201051
406,20,1000,projection_yz,band_g,0.8053007420253968,0.18736338186274581,0.3600000001159979,14.153568795474687,5.970414139428881
406,20,1000,projection_zx,band_g,0.8134460431124169,2.9270090973791256,7.99999999546752,1732.8277961322015,2.8883891567422464
413,22,1100,projection_xy,band_g,0.766685018616532,1.040999812059617,0.36000000439565977,6.679533674985755,6.201571016631116
413,22,1100,projection_yz,band_g,0.8257582831649707,0.03872728859456531,0.36000000815779537,6.650777884695215,6.21996449128591
413,22,1100,projection_zx,band_g,0.8443080799688554,2.114106086047302,0.36160409589915826,6.75274485563933,6.198727105965183
414,19,950,projection_xy,band_g,0.7619019463212984,2.154821088432398,0.3600000006440193,4.497286912233956,7.047371065072173
414,19,950,projection_yz,band_g,0.359174399532689,1.9981764852823567,0.3975662901838914,4.852913484419967,7.024702952381326
414,19,950,projection_zx,band_g,0.44998278578907436,2.954733013539668,0.582578216033018,4.869926094093687,6.990549834384426
433,22,1100,projection_xy,band_g,0.676708511835569,0.7475580199027001,4.5110763815694845,7.130672238014088,6.498775227935118
433,22,1100,projection_yz,band_g,0.6434649905919949,1.8982226917613234,4.845236481807719,7.236671990259487,6.498176226892048
433,22,1100,projection_zx,band_g,0.453004770074449,2.5573431824799187,2.6434417535138,6.759346375684215,6.7340362617928955
436,24,1200,projection_xy,band_g,0.4680531266797053,0.5820953718782208,0.36387596908746295,5.462504206762269,7.128020391970069
436,24,1200,projection_yz,band_g,0.4873675965439078,1.941293618835727,0.3600739555309819,5.233884738100528,7.135848028997921
436,24,1200,projection_zx,band_g,0.7657900567260741,0.3582139523166279,0.40317582397673185,4.129792884351779,7.098335402283677
443,26,1300,projection_xy,band_g,0.6472553567656972,0.8920486602075021,4.1053390410714465,3.539561905800499,6.686859954018799
443,26,1300,projection_yz,band_g,0.9999999992749189,0.7777197591700364,2.8703969384202694,8.67995441560427,6.1101393876218
443,26,1300,projection_zx,band_g,0.6118392971393317,1.501888055469091,0.371147197357703,5.239932940070722,6.944977794456868
445,17,850,projection_xy,band_g,0.6229911518938209,1.9736504134389319,0.39501885710724793,5.1647529796750895,6.568404090424643
445,17,850,projection_yz,band_g,0.6561657704877845,0.29919137814346136,0.36514695164740113,5.077956903093341,6.573337214178049
445,17,850,projection_zx,band_g,0.9616932191597438,0.5840428068046007,0.3739969522772969,4.338628891740932,6.653758206004753
453,21,1050,projection_xy,band_g,0.6106582614492647,1.3005376474719552,0.5483379116685361,3.5365639976411978,7.084210423433271
453,21,1050,projection_yz,band_g,0.798452220989971,2.4146390574956578,0.9548768176484261,2.745414143362466,7.102973575054898
453,21,1050,projection_zx,band_g,0.5815592529538366,2.9787946844192574,0.5358177030081323,3.458012174262259,7.128524908743187
457,30,1500,projection_xy,band_g,0.7057144082774833,0.8164234408520485,3.2509085215206257,12.558978542382734,5.955644566076241
457,30,1500,projection_yz,band_g,0.5884676947394626,1.3013530164618643,4.504207200815165,18.67477590018695,5.661112283049383
457,30,1500,projection_zx,band_g,0.5174382292952567,0.6518457581449905,3.1261157474455703,7.4792648293116555,6.416694275506417
462,26,1300,projection_xy,band_g,0.4804863796862941,2.8012269150425295,0.3600000012569116,3.548741732438359,7.317807895915165
462,26,1300,projection_yz,band_g,0.2824097679327401,2.1805329021631037,0.3600000012974539,4.043963225963426,7.396999217239042
462,26,1300,projection_zx,band_g,0.7482844198814221,0.20812294449631796,4.202430240806329,4.0439875359512465,6.6492481681016935
469,26,1300,projection_xy,band_g,0.5387150653225857,0.70228664198448,0.4399649350028547,4.608302773196218,7.119896935246514
469,26,1300,projection_yz,band_g,0.37289872337576807,0.9254231614260651,0.49496988981913603,5.208438833375884,7.127288021817918
469,26,1300,projection_zx,band_g,0.40325305989621624,0.7155974746340069,0.6430518013654034,4.916307512177224,7.1116779420155245
471,24,1200,projection_xy,band_g,0.35607817801193553,3.0442282510855394,0.36011129849679757,4.816935347829886,7.077908950921101
471,24,1200,projection_yz,band_g,0.43403649069777256,1.9852614485677254,0.4774294255583684,4.86867588159686,7.024399084361846
471,24,1200,projection_zx,band_g,0.7050626504590284,1.5743354253350261,1.4227977326250834,3.738299065929781,6.809252530119517
478,23,1150,projection_xy,band_g,0.6997981475683837,0.18207637349975828,0.6298653762147262,4.950238676640196,6.501589671334148
478,23,1150,projection_yz,band_g,0.8603934173170432,1.5180942255386094,0.7273598472359842,4.633842658128058,6.500565343954447
478,23,1150,projection_zx,band_g,0.5678615124147275,0.9805523072020207,0.606356709388933,5.273316418670843,6.499555158063017
479,24,1200,projection_xy,band_g,0.5058639846737563,0.7926630769245455,4.98958851276177,9.597764841076243,6.153793638336017
479,24,1200,projection_yz,band_g,0.9589988016600114,1.3896332895687644,0.5207996806987196,0.14335401929351452,8.900526284627647
479,24,1200,projection_zx,band_g,0.5531799222724951,0.09398836721607129,0.521905311173416,0.2561980728571245,8.681898751878151
482,19,950,projection_xy,band_g,0.3781442854707544,2.5524426516216137,0.6228046349248002,4.711750270476165,6.74689619654693
482,19,950,projection_yz,band_g,0.6935076043797114,2.9590821394872666,0.49231984053014366,4.306198395434946,6.804345058702017
482,19,950,projection_zx,band_g,0.5290804114061678,1.4922833545970455,0.4703130899340282,4.511488721151693,6.83120471791007
484,22,1100,projection_xy,band_g,0.6141774473580484,0.5304473560499824,0.6196167728715014,4.822118542778623,6.5783774867871285
484,22,1100,projection_yz,band_g,0.4947970477145124,1.1237019687433742,2.1079707857207155,8.17269226820562,6.134594063967219
484,22,1100,projection_zx,band_g,0.774651671923538,2.8666469430567054,0.7273859382884704,4.35146139234779,6.48837812325677
492,25,1250,projection_xy,band_g,0.5908856388106924,1.9970093513514646,0.726306209018388,2.9646193995258177,7.298103535119824
492,25,1250,projection_yz,band_g,0.8539882439080326,1.3295707701527268,3.4024188810115925,5.638883681204903,6.491151088288853
492,25,1250,projection_zx,band_g,0.6005887472488557,2.9831210594669475,0.853276687453931,3.010046758819154,7.266016809534179
495,8,400,projection_xy,band_g,0.6074041044267126,0.3631323579896582,0.3600000006545199,4.047201706502993,7.107104120063848
495,8,400,projection_yz,band_g,0.9999999973331657,1.025646715609561,1.2562375398204315,7.671664877589304,6.5204094511533395
495,8,400,projection_zx,band_g,0.4647006943320721,2.0153688986769867,0.36000000357474105,4.698234139140602,7.064903476456012
497,27,1350,projection_xy,band_g,0.554926099734356,1.061621575016479,3.5604700058251533,15.756385195697286,5.814993559472247
497,27,1350,projection_yz,band_g,0.6943243291643553,2.6593904915328452,4.636132877812829,24.84775663148002,5.369077259553169
497,27,1350,projection_zx,band_g,0.26815655998631854,2.3140659195968682,0.3600638182645325,6.03152133390747,7.069276063607216
499,24,1200,projection_xy,band_g,0.7916828453594584,0.5663140387436586,0.6234216866144564,5.01812312263098,6.404075127874641
499,24,1200,projection_yz,band_g,0.7630277345293155,2.2522128934113192,0.5971834388423332,5.084784640887586,6.424612529568782
499,24,1200,projection_zx,band_g,0.8988338826406983,0.996966297006182,0.6438181233544147,4.710034476440801,6.397948754613305
500,29,1450,projection_xy,band_g,0.6306434463498247,1.5441374532747223,1.940901060337319,7.808310302618838,6.586730832008933
500,29,1450,projection_yz,band_g,0.7508824481508157,0.6586467407829649,1.7117566466805125,5.099442425803745,6.8433046467588445
500,29,1450,projection_zx,band_g,0.4318137701537148,2.6571554912845774,2.097742298882662,9.110509491137249,6.601671111118897
501,33,1650,projection_xy,band_g,0.5166935959247774,2.9254644076993146,0.6954542138248303,6.2503384144888425,6.605246158423946
501,33,1650,projection_yz,band_g,0.9263004705769898,1.89143588978194,0.5274793565148357,4.97810961184684,6.687826242307679
501,33,1650,projection_zx,band_g,0.5807480161810856,1.715957130934582,1.4802288055222999,7.350234885419894,6.374778675602197
512,25,1250,projection_xy,band_g,0.44519170768832145,0.10904439882020403,0.9013313804861763,4.290710536688197,7.040030584024385
512,25,1250,projection_yz,band_g,0.8599219647810943,0.7982313169601204,0.7939152781923169,3.8378662597258892,6.926044989680283
512,25,1250,projection_zx,band_g,0.43561878124894793,1.747886399794902,0.5650278355419689,3.7889913442745593,7.142394613070796
517,27,1350,projection_xy,band_g,0.614856623162472,2.446049437140988,1.1218537539778801,2.2275809163049356,7.358955604410409
517,27,1350,projection_yz,band_g,0.346761586796259,2.7463928513578915,1.441143116155537,4.669347441906526,7.023062102693674
517,27,1350,projection_zx,band_g,0.44231943475789665,1.2993541163146929,1.822881605786605,4.450812695069536,6.868860309652895
534,28,1400,projection_xy,band_g,0.544297698747318,1.4345886806199972,4.291507779107254,21.759779167353756,5.805369291139663
534,28,1400,projection_yz,band_g,0.6159778022722046,2.0636827693056716,4.5757477816900645,15.236019036816261,5.955908349676051
534,28,1400,projection_zx,band_g,0.4840797729434292,3.009839197390781,0.6256744957729128,4.959189620148562,7.141683215748689
557,24,1200,projection_xy,band_g,0.8049707161389577,0.8878683552854785,0.6563236654385982,4.127773374107371,6.64859077355129
557,24,1200,projection_yz,band_g,0.42711887444646773,1.1867189361517938,0.7101695023565723,4.281293220049056,6.816913025385433
557,24,1200,projection_zx,band_g,0.4984457015625374,2.904544479890627,0.5807538311761815,4.005916437964006,6.839322463724692
562,23,1150,projection_xy,band_g,0.5967761269011386,0.8505043236764648,0.8365295651116147,6.113314247171773,6.298573954266189
562,23,1150,projection_yz,band_g,0.7683973710377474,0.390941493620857,0.49046630200190955,5.106668904621723,6.436319475110317
562,23,1150,projection_zx,band_g,0.8170119575311393,1.191817784498964,0.4964396905388614,5.025795515641882,6.427941735584569
564,23,1150,projection_xy,band_g,0.35993066992919615,3.0636656276214302,2.2725424003338595,4.920165868835532,6.705112836449442
564,23,1150,projection_yz,band_g,0.5060571024777185,1.9430991306779666,3.3894577678881705,6.77694143534329,6.233115507293795
564,23,1150,projection_zx,band_g,0.5192417898012129,1.7860301669280672,2.5115868968795896,3.4154507478459117,6.821103500656735
565,24,1200,projection_xy,band_g,0.31809195593835193,1.556159065163897,1.7460828052270072,3.4166378227492875,7.378817442988837
565,24,1200,projection_yz,band_g,0.36061265848035734,2.9410799716954124,1.958911558595414,4.4094486928872065,7.0794772489915205
565,24,1200,projection_zx,band_g,0.6142627873968554,2.986849885083749,1.707256857079095,4.214845248512518,7.061607858627082
570,33,1650,projection_xy,band_g,0.8674223296360154,1.3253827090303796,6.051496391450611,35.251821055121006,4.83144064509348
570,33,1650,projection_yz,band_g,0.8351672275902275,2.1703837744951393,7.283024956391821,41.58830281176469,4.662927091424666
570,33,1650,projection_zx,band_g,0.6414204053490952,2.5299853223149955,5.228523538973534,17.733639894968434,5.382791751471527
575,26,1300,projection_xy,band_g,0.9386816974775213,1.0118247767619264,0.485031246018586,5.11656562979016,6.253286538401377
575,26,1300,projection_yz,band_g,0.8619705865461879,1.4506998357528202,0.46043228564930533,5.098578125994184,6.266161048280948
575,26,1300,projection_zx,band_g,0.832370245322366,0.22901101108604324,0.46560506428973325,5.257214636741853,6.266863933959795
576,39,1950,projection_xy,band_g,0.8722142132192133,2.2206022868202435,6.776769306688034,57.80927798545081,4.677676949358292
576,39,1950,projection_yz,band_g,0.7937708941659325,2.444090866324661,2.054280910362116,6.600798835075205,6.40206080879881
576,39,1950,projection_zx,band_g,0.9105101705592691,2.6759923981981553,6.482102019150435,43.79222066221781,4.866410678017205
585,29,1450,projection_xy,band_g,0.7844136954609421,1.8959879999975802,0.5544911695496055,6.121817854232343,6.304475175282058
585,29,1450,projection_yz,band_g,0.6959553474067016,0.5856702695128932,0.5493046346206266,6.324253502634327,6.309384139129621
585,29,1450,projection_zx,band_g,0.9229678523230311,0.3076589932309444,0.6067624171608488,5.950354195231164,6.269569509352709
595,25,1250,projection_xy,band_g,0.6424395349808923,1.2043429643035766,0.7964121699511435,2.7999992535366465,7.05624234030947
595,25,1250,projection_yz,band_g,0.3102716042043282,0.3763214124124429,0.7207794685341935,4.223978178442819,7.024999304994237
595,25,1250,projection_zx,band_g,0.6469109762724385,1.4397825050208208,0.7709063227622472,4.015128969489527,6.770876952259964
596,29,1450,projection_xy,band_g,0.5578424774225355,1.0315613869514149,0.38382118297447443,3.8136775354665797,7.083532304113732
596,29,1450,projection_yz,band_g,0.8297764230946224,2.353767220849334,0.46978714207523986,2.9297350669099034,7.103715240050376
596,29,1450,projection_zx,band_g,0.4110337237510041,2.514430360772125,0.6909050492961912,4.45233089538424,7.012493695649292
601,26,1300,projection_xy,band_g,0.5266377874543193,0.8957893362975442,0.5729449759263456,4.05327781614371,6.942480052966815
601,26,1300,projection_yz,band_g,0.6541715071099604,2.9797422515121195,0.651270946628619,4.488353614792035,6.815198200295486
601,26,1300,projection_zx,band_g,0.6573835757997482,1.1737206300726275,0.611968999430325,4.602328577494759,6.801498093909179
602,25,1250,projection_xy,band_g,0.8168893477383057,2.022223135956387,1.7687156554375552,6.008260863543911,6.131283405180532
602,25,1250,projection_yz,band_g,0.5700607933555583,0.5918910935100717,1.525668797617735,6.016681305675187,6.275441933971822
602,25,1250,projection_zx,band_g,0.845887344965708,2.262256478980471,0.9807539968855781,4.541643426578027,6.39607850111734
609,12,600,projection_xy,band_g,0.7623261098119103,2.270774732421626,1.5309239106292223,1.5527033876506307,7.06535877381535
609,12,600,projection_yz,band_g,0.4982299925456227,2.7925278509661404,1.8810602856652379,2.78195452187848,6.7543743632547155
609,12,600,projection_zx,band_g,0.5572966722713083,1.284194784341773,1.8970868578619489,2.755152179186204,6.704538549953045
614,25,1250,projection_xy,band_g,0.5409032497727064,2.2879261490172187,3.1700804766908504,3.3673241444232453,6.993807539002317
614,25,1250,projection_yz,band_g,0.4720524002391339,2.0147804281825263,2.4622910766266948,2.6589335834228662,7.277066437393296
614,25,1250,projection_zx,band_g,0.4304059603157268,0.416850415257532,3.0891086425608703,4.1608164196456565,6.947720900615182
615,52,2600,projection_xy,band_g,0.3638762222506599,3.0926086167368556,0.698491229430336,16.865835680568413,5.864011310452493
615,52,2600,projection_yz,band_g,0.32044973314336134,1.5621281547386525,0.7234197328246095,17.85014628302255,5.8917207273884316
615,52,2600,projection_zx,band_g,0.7327137629044542,3.0833889539719173,0.6413271590876124,10.510438835834535,5.861128580109306
624,28,1400,projection_xy,band_g,0.26234192893168895,0.7517973809825216,0.6065982228853309,5.270094995082909,6.653844238592446
624,28,1400,projection_yz,band_g,0.48016452079325744,2.733272490918732,0.3622131102611035,6.3437690186316855,6.297060313989195
624,28,1400,projection_zx,band_g,0.361608285519462,2.0216150358262617,0.45897658405644354,6.768646060026933,6.340448926491827
625,20,1000,projection_xy,band_g,0.5889989731897883,1.7772910891507074,0.3601590658128241,3.3121894642499683,7.318985712401177
625,20,1000,projection_yz,band_g,0.4739172022889106,2.505741684354851,2.743586701077347,6.597664838271778,6.564899457131046
625,20,1000,projection_zx,band_g,0.9279801261083938,0.687229520267111,5.51881876422163,23.366797721434143,5.416124406899533
636,39,1950,projection_xy,band_g,0.9199619273913578,2.2311804671845072,0.7553160802064904,6.516946576440695,6.2510926368998145
636,39,1950,projection_yz,band_g,0.6576691167914603,2.286654289628063,0.8150488222642872,7.479455482495699,6.248726020121326
636,39,1950,projection_zx,band_g,0.9295041871890343,3.0758604509905614,0.8123612856558688,6.515643068653064,6.231730145804953
640,22,1100,projection_xy,band_g,0.8047745114396803,2.0329550358024226,0.3600000013531444,2.6346122951967845,7.222466014234827
640,22,1100,projection_yz,band_g,0.3931938788071238,1.0733379234779756,0.41280146252646416,2.87122265594023,7.285231442642118
640,22,1100,projection_zx,band_g,0.5544033330673798,0.3121629716998793,2.7119008795736823,5.386465086573176,6.5564188230881655
643,30,1500,projection_xy,band_g,0.5989214079341891,2.563511523050051,0.4724136490973992,4.556989360406511,6.977958003103715
643,30,1500,projection_yz,band_g,0.6478501874798352,2.355719848316136,0.36016897596864345,4.785879175999415,6.9194386462795485
643,30,1500,projection_zx,band_g,0.6623566559602723,1.955307065320215,0.5824212568991347,4.65864511638435,6.896806670935068
647,29,1450,projection_xy,band_g,0.6278332019219894,1.9535665548946548,0.6519019426528214,3.165639727075957,7.140467046954264
647,29,1450,projection_yz,band_g,0.7681687373013071,1.0078998995219617,0.5808705911937756,2.5435511533763817,7.202782021959614
647,29,1450,projection_zx,band_g,0.6096832536405716,2.893415138465901,0.5449790546467164,3.207968985432684,7.152188280934586
650,13,650,projection_xy,band_g,0.9581655568222367,1.880314860456654,3.860088643459878,14.457855662832173,5.622692578382244
650,13,650,projection_yz,band_g,0.7540202043432629,1.0047125103732386,4.884362041368619,13.27862366695164,5.661278966650128
650,13,650,projection_zx,band_g,0.6442507830787261,2.843805451341616,0.4341662818306793,4.030770740444648,6.872886702715297
660,45,2250,projection_xy,band_g,0.6940384580141113,1.1745161275196798,1.8374741790860227,6.723829532513583,6.106223168767842
660,45,2250,projection_yz,band_g,0.7947465481933653,2.8235830832492157,1.9958728429424473,6.486842273125899,6.0737096702454885
660,45,2250,projection_zx,band_g,0.7812128626113902,2.49055076694043,2.411818828179514,8.529495547492873,5.85383992329593
664,26,1300,projection_xy,band_g,0.5216992707591995,0.2588038761257587,0.49778903505925526,3.757567387440219,6.920074267230268
664,26,1300,projection_yz,band_g,0.554873153668899,2.7449295322203136,0.4787531612084533,5.365671260461834,6.682567944585365
664,26,1300,projection_zx,band_g,0.2863708008970193,1.8132038397041264,0.48777897071932363,5.489208043716828,6.881624426726709
666,31,1550,projection_xy,band_g,0.9407284137460965,3.1359609318118418,1.0961497427728428,2.8933925775779166,6.811319003804959
666,31,1550,projection_yz,band_g,0.8022168467867821,2.9777044605907896,0.9744068064339364,3.3840148879061127,6.757647523118387
666,31,1550,projection_zx,band_g,0.6888692206406178,1.9224965884718273,1.1721807995328901,3.6445165619634463,6.737450371150267
674,11,550,projection_xy,band_g,0.9999999978261597,2.4922035271733733,0.36000000715076724,3.6052316706025302,6.317180171444434
674,11,550,projection_yz,band_g,0.9612201222933228,2.557929363505305,0.3600000067967417,3.681729767903276,6.314727176395721
674,11,550,projection_zx,band_g,0.9558708771280702,2.3568569100046264,0.3741430631949902,3.691126067385514,6.318407865244173
676,14,700,projection_xy,band_g,0.40609625190918114,0.971205023529933,0.48701010427137936,3.4478096970363596,7.623033351170597
676,14,700,projection_yz,band_g,0.4784605102777264,0.44679136623906995,4.242356378598956,19.789055087864195,6.014797122768319
676,14,700,projection_zx,band_g,0.49565048812648954,0.8861212976203426,4.899070541130224,28.782444874584307,5.7187169903608535
682,2,100,projection_xy,band_g,0.9999996656708552,0.3243206972394077,0.44189378178259736,1.1968107438983182,6.73914377471119
682,2,100,projection_yz,band_g,0.23655549314610608,3.131810327912441,0.363272995165148,0.3851931787997819,8.62910611160674
682,2,100,projection_zx,band_g,0.5314883329564787,3.0832351159845843,2.51427137744236,0.6436018420824056,6.937649966896006
683,22,1100,projection_xy,band_g,0.8744432534692151,0.9927483516996123,0.5985946897607208,2.42410119011423,7.190533204501339
683,22,1100,projection_yz,band_g,0.5803427004407359,2.739748189676898,0.5181023839422625,3.250295490972416,7.154660005516032
683,22,1100,projection_zx,band_g,0.7394498075032745,1.8403244266375367,0.828091185562644,3.297067220430764,7.010888289342137
704,16,800,projection_xy,band_g,0.9999999999454288,0.8609212700730389,0.4284526859938427,5.126431404957748,5.954136643333246
704,16,800,projection_yz,band_g,0.8923296901514782,3.092796525739038,0.38344648021621913,5.246307127847008,5.988606723692003
704,16,800,projection_zx,band_g,0.8982969646287109,2.875210707602322,0.49770510210062896,5.611556219001823,5.955754240636127
705,36,1800,projection_xy,band_g,0.8233707881683283,0.022720713797506953,0.8017776614219605,4.98430937901268,6.457036892386924
705,36,1800,projection_yz,band_g,0.735560463214655,2.7360266426164443,0.8087753576710159,6.2913444237509815,6.332645635280413
705,36,1800,projection_zx,band_g,0.5725929745736573,1.1870560480713417,0.9242127813900978,6.4383716524674535,6.383893878837917
707,24,1200,projection_xy,band_g,0.9037092381188854,0.1954772067584507,2.7093451777279483,6.46389182225593,6.117707166773894
707,24,1200,projection_yz,band_g,0.4326611119361708,0.5090042830899275,3.4356915182762178,13.36029430999665,5.827169239925639
707,24,1200,projection_zx,band_g,0.5942446697884229,1.2784383979936853,4.9169181494876115,22.976831093931473,5.296113809414799
708,28,1400,projection_xy,band_g,0.6594712457117111,2.496649984357018,0.6928126154454002,2.2911606856175424,7.070157741542935
708,28,1400,projection_yz,band_g,0.6468926882777932,1.4538427858714764,0.5995074604231387,2.0053036477601682,7.186942696028022
708,28,1400,projection_zx,band_g,0.7136666122883542,2.9421239915250696,0.8087144146395987,1.89705377223984,7.1511071500604135
720,15,750,projection_xy,band_g,0.8093500582089722,1.819355552405545,0.6523148432817104,2.247097898966718,7.016888084014137
720,15,750,projection_yz,band_g,0.8778435837312517,2.980142965939866,0.6171103008106705,2.0010138519819765,7.0748761168523995
720,15,750,projection_zx,band_g,0.6566884537816491,2.463510226025502,0.705127216465629,2.5516474483922313,6.981453997052727
737,11,550,projection_xy,band_g,0.936862786785116,1.4934898410890203,0.38859874825143254,3.213425165373516,6.379155418645371
737,11,550,projection_yz,band_g,0.999999725364892,2.7766773564847753,0.4577910353356702,2.93808475108886,6.366044543245425
737,11,550,projection_zx,band_g,0.9282856940670432,0.07588403649731434,0.38671014067002757,3.2251471401501464,6.378553918581142
746,33,1650,projection_xy,band_g,0.6921678034146809,1.7505211122297224,0.9594077329056394,4.603042882340762,6.760601659654524
746,33,1650,projection_yz,band_g,0.7275783401773283,0.2236956201958578,0.6978003639672028,3.9120783400346144,6.906112858013161
746,33,1650,projection_zx,band_g,0.9362181800572187,2.5861074508985253,0.6979691358117753,4.352858768992198,6.732475043374277
747,36,1800,projection_xy,band_g,0.7583174152650698,1.1376350496104402,0.8931031517860895,4.956067923375356,6.582383829130713
747,36,1800,projection_yz,band_g,0.5502219672615889,0.3644502145586199,0.901981338561626,6.229612845846045,6.523650677916957
747,36,1800,projection_zx,band_g,0.5861486113324115,1.017899673313395,0.9785483714495118,6.46248112983099,6.47065582126651
748,12,600,projection_xy,band_g,0.5487823682696438,0.643968970145956,2.3882020205338046,4.656492924137645,6.852023849185544
748,12,600,projection_yz,band_g,0.46760087472610956,0.978425390695934,2.137893874780271,3.95878883580114,7.069451293410428
748,12,600,projection_zx,band_g,0.5620584575748188,0.574918618475217,2.692723109063298,5.001404642770417,6.8017439592330025
751,22,1100,projection_xy,band_g,0.701341717987185,2.7787722805369617,0.5600303369267111,4.462264525086871,6.655916521928629
751,22,1100,projection_yz,band_g,0.47990498463800174,1.7478557475927248,0.4763525573613647,4.246663849455751,6.861499582646303
751,22,1100,projection_zx,band_g,0.5713036937426712,2.854473883533,0.5010109538034495,3.4195749907810575,6.947275236066336
781,23,1150,projection_xy,band_g,0.6991061348804201,2.971622595599259,2.5277378605467486,2.6819658024040187,6.851531176489782
781,23,1150,projection_yz,band_g,0.609671151015181,0.3814062886520663,2.360950425592389,4.216569895876878,6.629225480337501
781,23,1150,projection_zx,band_g,0.4030089782747291,2.0095730696867737,2.9182360881951586,4.725290291629142,6.625809587822026
786,37,1850,projection_xy,band_g,0.6820724402538694,3.012776095933427,3.468287605660442,9.013772055831847,5.894850740724949
786,37,1850,projection_yz,band_g,0.7605735468769652,1.6060859534245613,3.978451934056487,10.534827088139323,5.706322704423043
786,37,1850,projection_zx,band_g,0.6020073866455997,0.9544831631715547,2.57658336779344,5.970202595839169,6.286243434169908
787,27,1350,projection_xy,band_g,0.6346070268196322,2.667562908339686,3.369402920092723,5.775790103124193,6.365095909667521
787,27,1350,projection_yz,band_g,0.6183760132943267,2.309581665437181,3.034486003323775,5.444256397481699,6.439541873113755
787,27,1350,projection_zx,band_g,0.9298803915291217,1.3498651532431694,3.632398584185781,4.588425744543458,6.404468070070907
788,26,1300,projection_xy,band_g,0.7219757405059904,2.8575262702839366,0.5456153885898545,4.1325729118762355,6.597493391601878
788,26,1300,projection_yz,band_g,0.8210089207153441,2.187247402946247,0.4598873729182439,4.057415045635855,6.582036270575684
788,26,1300,projection_zx,band_g,0.49900885849563437,2.210747888440044,0.6405295772791798,4.409519778423792,6.663903391684889
806,25,1250,projection_xy,band_g,0.4361247499008596,2.7778931072192696,0.5575644609822319,4.542264133325236,6.2766757610651895
806,25,1250,projection_yz,band_g,0.33964313728439066,1.3654374917402865,0.753014804069783,4.353054615994723,6.388222951750093
806,25,1250,projection_zx,band_g,0.6514166639311378,2.908896896696949,0.781707369107306,2.5320563257102724,6.565347041485029
810,19,950,projection_xy,band_g,0.9017349028065986,1.6469472128777984,4.50443064640765,11.882362269599048,5.679552839168816
810,19,950,projection_yz,band_g,0.574752966445035,1.6202187213399004,3.7956651326009467,9.020999974006584,6.0652553676644905
810,19,950,projection_zx,band_g,0.4979267198694547,0.15419509070295548,0.7109295341781425,3.1500457704898355,7.048500890980907
815,32,1600,projection_xy,band_g,0.579741781748678,2.565317271251742,0.5278410465216603,4.6902548237043735,6.694144888929694
815,32,1600,projection_yz,band_g,0.6757937308996405,1.574027161051367,0.6641316523942069,4.347024596830021,6.667460253619512
815,32,1600,projection_zx,band_g,0.7676536184973275,0.2973668800716984,0.629339975388143,3.5800472487926482,6.760803581035614
838,25,1250,projection_xy,band_g,0.6730576615526169,0.49913283036764317,0.877037870456168,2.8566977526248265,6.469100116871166
838,25,1250,projection_yz,band_g,0.39028434448760413,0.8082678602977277,0.815758925092781,3.336128608464262,6.581679913369723
838,25,1250,projection_zx,band_g,0.8095160892738328,1.1866010554444189,0.7365633568045515,2.4603550014163797,6.553965816440139
865,25,1250,projection_xy,band_g,0.3690731142968986,2.548832055191268,0.6106491184522909,12.77066466885949,5.9520697648644525
865,25,1250,projection_yz,band_g,0.5552033375228931,1.546095949985365,0.7108492223000258,10.780659348895211,5.907214862811868
865,25,1250,projection_zx,band_g,0.7291507514498504,0.10614821154789006,0.7014362651307811,8.932956340497878,5.9114213763721555
868,27,1350,projection_xy,band_g,0.8350232454631532,2.093294682459731,0.8297364792859886,4.658510045295617,6.3603793502163795
868,27,1350,projection_yz,band_g,0.7731230783251714,0.1723115800674916,0.9034059738803314,4.9788489272812795,6.352020073686647
868,27,1350,projection_zx,band_g,0.8042143332785493,1.9918504862385635,0.7592010279208249,4.6768811476594685,6.424423330191909
870,7,350,projection_xy,band_g,0.57630684827473,2.4799889202289145,0.5374875234743228,3.879088766529246,6.618961525457717
870,7,350,projection_yz,band_g,0.7172157614203672,2.6798842974776265,0.5218546205351144,3.783094789820327,6.673940694954529
870,7,350,projection_zx,band_g,0.4358244151695662,1.042785866274494,2.684883080073236,13.855890767047484,5.8039210615341315
874,14,700,projection_xy,band_g,0.5265936119358744,0.2235837573180883,0.36000000013433,2.415830474954016,7.019251546278643
874,14,700,projection_yz,band_g,0.18980660889023057,0.5044020240251555,0.36000000177347175,4.486788040802987,6.919444228116945
874,14,700,projection_zx,band_g,0.31174475751562186,1.4180392245162228,0.36000000003454946,4.001172832498805,6.817032274287871
890,46,2300,projection_xy,band_g,0.6461073310144678,1.2785337271704018,0.9417179975272738,5.932680754688,6.201540104048861
890,46,2300,projection_yz,band_g,0.922561120411416,2.356561160539729,0.9095051370938466,4.066471361767715,6.343882115346914
890,46,2300,projection_zx,band_g,0.6188348674439,2.8212265957062486,0.9054953630747501,5.712537728561756,6.23977262814479
892,13,650,projection_xy,band_g,0.9608496432543187,0.011177685482837152,0.39370766880111274,3.6688639069789906,6.2842994352913095
892,13,650,projection_yz,band_g,0.8662809355799503,1.397910496025959,0.3795708329356943,3.773799334217955,6.278464554034412
892,13,650,projection_zx,band_g,0.8901426024533844,2.832425275434741,0.3720239371296417,3.66986204388165,6.2870009139955005
893,29,1450,projection_xy,band_g,0.957708218592875,0.17047732506246982,1.1208846156944703,0.4217689421393243,7.773605912615663
893,29,1450,projection_yz,band_g,0.9496906322656082,2.38462766110222,0.7699738313973956,0.3150128036718651,7.963548131201177
893,29,1450,projection_zx,band_g,0.8455802210403569,1.9665942385428659,2.043096341964076,1.0471596263191565,7.225789579342856
900,23,1150,projection_xy,band_g,0.5098872630438194,2.0252173791219423,0.5208093802092819,3.109487561567569,6.740492125708506
900,23,1150,projection_yz,band_g,0.4633187958033109,0.45795048889708606,0.7514744963768161,3.3610747704744135,6.694845565075186
900,23,1150,projection_zx,band_g,0.8114116920459473,2.4147072385477077,0.460365051821374,3.1225394999948333,6.580427676702696
904,19,950,projection_xy,band_g,0.503821365154895,2.830001229923529,0.37783132902005606,2.7055847761298755,7.2279987549368565
904,19,950,projection_yz,band_g,0.6862966855194866,2.610034955116448,0.6892685825435596,3.369383595476338,6.885019458114563
904,19,950,projection_zx,band_g,0.4574354884975564,1.3027715582400612,0.45530008948148876,3.073930179824073,7.145241442667745
905,20,1000,projection_xy,band_g,0.6975792615602671,0.19743946655479275,1.8290357160480437,1.4937547496559496,7.115135697522497
905,20,1000,projection_yz,band_g,0.8607797185360908,2.2294625398557657,2.0366050669677134,1.3266229219383803,7.026506912091608
905,20,1000,projection_zx,band_g,0.7644240989490861,1.6142909544140258,1.9865753579159708,1.4039303744928464,7.111601680099423
907,23,1150,projection_xy,band_g,0.5692357419719082,1.4194939234415287,0.6113572595680377,2.8860182687199107,6.908596780936304
907,23,1150,projection_yz,band_g,0.6358342265818846,0.1923374857869233,0.8203403725529959,2.5682933198749054,6.912706568068074
907,23,1150,projection_zx,band_g,0.8369809348649861,0.02333628224763773,0.4371277192449964,2.665134025512032,6.848163921629241
920,21,1050,projection_xy,band_g,0.5688245617191732,2.4454220874985135,1.632908022891233,3.9950036140704146,6.1654770688335985
920,21,1050,projection_yz,band_g,0.566618940895586,1.620770676414391,1.429144483225453,2.998108337912598,6.426161530361288
920,21,1050,projection_zx,band_g,0.5715102089459051,3.0230903129686424,1.4795271705372581,3.1454432446434066,6.3917775835855934
921,27,1350,projection_xy,band_g,0.7346632377207275,0.2109579543293964,2.3462896060278697,3.029202940250948,6.540586580779225
921,27,1350,projection_yz,band_g,0.8411511106864509,2.2340491930779915,2.5351894601014826,3.5733274273035636,6.388651746762748
921,27,1350,projection_zx,band_g,0.6625124674603987,1.1419529317891597,2.588076996461616,3.5199600353596354,6.46427268825518
926,57,2850,projection_xy,band_g,0.7373571616229121,1.6234137883555246,0.9663661649307284,8.71016962226174,5.780926510412776
926,57,2850,projection_yz,band_g,0.9206161965862649,0.8180138048759079,0.9431171208621265,7.058311710139506,5.894303124071065
926,57,2850,projection_zx,band_g,0.530510024585635,2.6695180644520216,1.1407394880255626,11.070515895042224,5.725140930648708
929,23,1150,projection_xy,band_g,0.4102708493832911,1.7256829317808116,1.449259291214823,2.288163906841795,6.795802338896418
929,23,1150,projection_yz,band_g,0.6507397769308948,2.8392635891240485,1.7281240528533601,2.2970140889484454,6.6764077052786375
929,23,1150,projection_zx,band_g,0.5605397626672972,0.5997807370467179,2.2745128117021056,3.3626128182512316,6.400805921693122
932,22,1100,projection_xy,band_g,0.711196305778888,2.630362136335038,2.8464117489201968,4.204215565771849,6.157147521894961
932,22,1100,projection_yz,band_g,0.5754558816999719,2.194394331269004,2.799038439725148,5.359863963895534,6.094843239457315
932,22,1100,projection_zx,band_g,0.6608249082868278,0.928564233192623,2.386140337077306,3.7701004836618814,6.328674594591819
941,20,1000,projection_xy,band_g,0.30678520944733745,0.13797009444023686,0.4587910220511261,3.5698487707626954,6.921445340080967
941,20,1000,projection_yz,band_g,0.3754921279653196,1.928129690991792,2.026751348894289,7.0791454874964534,6.136520492253541
941,20,1000,projection_zx,band_g,0.5287376364706424,1.7947772609488846,1.3174433012246776,2.642080722455836,6.8181406265073194
954,24,1200,projection_xy,band_g,0.788704639536106,0.818606315835978,0.8282197308937962,4.1604291499039485,6.338019053787489
954,24,1200,projection_yz,band_g,0.7658021419326655,1.9751942671963336,0.7018700815511916,3.7525078165409558,6.45306732472251
954,24,1200,projection_zx,band_g,0.7978274529018192,0.29775428683206323,0.578136937461193,3.61527272265147,6.50617240098167
967,22,1100,projection_xy,band_g,0.630617296693672,1.9807347866018223,0.8431125139644844,4.34744326735994,6.3703602038138545
967,22,1100,projection_yz,band_g,0.8435329065590048,1.2923552326320389,0.6826337206217914,2.9679522754253913,6.58073836869591
967,22,1100,projection_zx,band_g,0.6691510329998875,3.0406858467118547,0.5922623590944118,3.78919847133773,6.491503204184024
975,22,1100,projection_xy,band_g,0.791962185119428,2.762342589201043,2.915313668215645,4.459479481503733,6.032447884246488
975,22,1100,projection_yz,band_g,0.8103909673378896,0.5110033920754837,2.8063576180224277,4.188476260666593,6.065373617925788
975,22,1100,projection_zx,band_g,0.7628917754658818,1.4271496468485454,2.1122362501313554,3.229194281736263,6.317423829555403
979,22,1100,projection_xy,band_g,0.6820294102968973,1.7512627362742734,1.4805706746495422,2.752295639969797,6.352543602701633
979,22,1100,projection_yz,band_g,0.5115901072146336,2.907782503540262,0.7712940632434415,3.124905357425891,6.456970959270865
979,22,1100,projection_zx,band_g,0.6379861657224001,1.8981487173749836,1.1608835286287245,3.637432886345625,6.190149563692223
982,51,2550,projection_xy,band_g,0.8543199102364324,2.4410250454284457,0.8086665109779896,6.393326529405093,6.15007995967501
982,51,2550,projection_yz,band_g,0.556192908119958,2.853713364254643,0.792603225907607,10.230668614697969,5.976650148738787
982,51,2550,projection_zx,band_g,0.5891250034286698,1.4084447353224445,0.938788455368678,10.41390017680467,5.918373748909654
984,36,1800,projection_xy,band_g,0.853195890586719,1.6370147100007362,0.9317427618370634,5.163805652279209,6.240101918582208
984,36,1800,projection_yz,band_g,0.9679450137051399,2.56308608953312,0.6963199629252115,4.23668672294967,6.3977461435128555
984,36,1800,projection_zx,band_g,0.87558398886122,3.1061458225551712,0.8889667508348907,5.184953028245841,6.23294176495433
988,24,1200,projection_xy,band_g,0.9999996266310706,0.1641199858591449,1.251998983661189,6.025162557325403,5.7667261987901
988,24,1200,projection_yz,band_g,0.6111343025429057,1.0671857410379513,0.6536226037953368,3.3431699059802362,6.449666693480311
988,24,1200,projection_zx,band_g,0.4202839992139687,0.31956631761899806,0.3642199260931752,4.471441991753915,6.429955851036567
989,22,1100,projection_xy,band_g,0.5288326888538406,0.42833265485170496,0.655797530966377,4.074358648008714,6.151490282001395
989,22,1100,projection_yz,band_g,0.43438355125859074,1.319001380407214,0.8564256783429067,4.421819524810854,6.13999836271787
989,22,1100,projection_zx,band_g,0.6019275239322289,0.46220593643118596,0.8656909105603816,3.118107471613496,6.294255099351218
1004,24,1200,projection_xy,band_g,0.73049749194463,0.466831274031528,2.656046394160398,2.9340311452447145,6.352535217417758
1004,24,1200,projection_yz,band_g,0.6614088507430052,0.9536593726467444,2.381146409887662,2.647900801064626,6.504276693711129
1004,24,1200,projection_zx,band_g,0.9179285754555457,1.058786773109281,2.4323572927310635,2.212868064028212,6.490694680663746
1009,21,1050,projection_xy,band_g,0.5295248317572331,2.444676249311399,1.3362743300735516,6.6776117318846655,6.346719924274721
1009,21,1050,projection_yz,band_g,0.6078791029159625,0.5327754295395624,1.6405485046715205,8.63044347698857,6.089004580710379
1009,21,1050,projection_zx,band_g,0.5755403423303919,2.0053933279061615,1.3992022239396733,7.511682214036309,6.225746945385912
1017,15,750,projection_xy,band_g,0.6612674963882109,2.9302437047863,0.7100527032857551,1.7700718669042226,6.892869040041003
1017,15,750,projection_yz,band_g,0.8039000830351946,1.0525799800853963,0.5283618479329397,1.7143154639363363,6.865064694991838
1017,15,750,projection_zx,band_g,0.5736244358673387,1.9460694759179658,0.8508340139839619,1.8281024899900757,6.9008321981559355
1045,40,2000,projection_xy,band_g,0.968076483793027,2.464321255187844,0.770017888368286,6.255524474722079,6.026708038275894
1045,40,2000,projection_yz,band_g,0.917426859268425,0.3755386366652553,0.8070210198786845,6.644105745288652,5.99293359770236
1045,40,2000,projection_zx,band_g,0.9140497048025367,1.2065952220510459,0.7568593715246774,6.6264389226037475,6.010073604461095
1073,22,1100,projection_xy,band_g,0.4042973143063564,1.5522493263159234,0.6754681791350182,3.1072309823445234,6.214993668853766
1073,22,1100,projection_yz,band_g,0.457335113475253,3.0538401983114807,0.7950101283119273,2.828175715372665,6.22955263628998
1073,22,1100,projection_zx,band_g,0.6638877086988344,2.5566805322146635,0.6047864320551319,3.3154886869403506,5.95412051974975
1085,15,750,projection_xy,band_g,0.6492534462703993,0.781343852600004,0.7428298180200409,2.411454168464302,6.309531804002252
1085,15,750,projection_yz,band_g,0.6234750428498339,2.1483804490630307,0.7584226642297874,2.254099622303674,6.374058634032453
1085,15,750,projection_zx,band_g,0.5572522628002522,2.5868034250577105,1.4342402799062888,2.7891569809550085,6.1795262590991555
1090,17,850,projection_xy,band_g,0.6958030817339373,3.008257705733355,1.2508826172292484,2.1887715721799617,6.180438944519398
1090,17,850,projection_yz,band_g,0.6501636161687792,0.9872509288201374,0.7915691382824257,2.1141303230526685,6.339153604003239
1090,17,850,projection_zx,band_g,0.7686442430859445,2.0316570309744364,1.08282199353867,1.791351332441001,6.323231672423115
1093,21,1050,projection_xy,band_g,0.7157511621360246,3.105076903388516,0.5920038270403077,3.3920847674564607,6.042897952145597
1093,21,1050,projection_yz,band_g,0.6483246506487172,1.002598307619914,0.4005403068076114,3.5540467612277973,6.088193591394227
1093,21,1050,projection_zx,band_g,0.6572693387902699,2.1998434563598237,0.44137915212188844,3.0527139158877152,6.209853270849523
1105,34,1700,projection_xy,band_g,0.6770998517309059,2.295582943988103,2.096127178977709,4.845112110755354,6.073867194995125
1105,34,1700,projection_yz,band_g,0.7218348252696256,2.267712690559919,1.9990228242133714,4.228376476225118,6.157134523064444
1105,34,1700,projection_zx,band_g,0.9130867623144614,0.12933644109178744,2.4478946273575515,4.624157959222653,5.962232107274102
1117,31,1550,projection_xy,band_g,0.9635701291799276,2.7264808478577818,1.0133772545466402,4.920702381354811,5.846106496211828
1117,31,1550,projection_yz,band_g,0.6653527733732614,2.372851423510353,0.9364847798177011,5.612884606440994,5.900094586944173
1117,31,1550,projection_zx,band_g,0.8523390593153961,2.34643108677037,1.166627310505468,5.418454550401466,5.796352409145894
1132,20,1000,projection_xy,band_g,0.45004880067953384,2.246999818656026,0.6968856523094271,3.6017423515633333,6.427037661310408
1132,20,1000,projection_yz,band_g,0.7525510256155663,0.6392408457217897,0.7391279783114141,3.134410007669408,6.324293451240756
1132,20,1000,projection_zx,band_g,0.852134953737767,2.4256182640416033,0.5973726300819704,3.1221549741901833,6.307988055405118
1133,22,1100,projection_xy,band_g,0.34488072017757776,0.3065864396474045,1.0331317117055832,3.095738165088892,6.494149501796761
1133,22,1100,projection_yz,band_g,0.40772272457427455,1.81152890465663,0.8783122936574702,3.0760430707486353,6.488592233399787
1133,22,1100,projection_zx,band_g,0.8161652155223341,2.2606934154947647,0.6006188352489761,1.2939376517109948,6.931661507706107
1151,19,950,projection_xy,band_g,0.5995308405913916,2.1256309025818663,1.050327811668733,2.3928253137274256,6.603165111823962
1151,19,950,projection_yz,band_g,0.8149612759220336,0.5021992690542234,1.9655929575730742,2.491997157900307,6.348503217066526
1151,19,950,projection_zx,band_g,0.6706638062242002,0.6233905542107683,1.9091258844487218,3.317585011878672,6.231246841321042
1162,25,1250,projection_xy,band_g,0.6944346811679403,0.5658697067766764,0.7026705082162594,4.23167268985589,5.9018531701329255
1162,25,1250,projection_yz,band_g,0.7077454169084048,0.9726008262725574,0.7007804540965639,4.112414065847276,5.906677830175754
1162,25,1250,projection_zx,band_g,0.858170159982731,0.856229470756436,0.7583669647352305,3.683019876005698,5.916981333746089
1176,21,1050,projection_xy,band_g,0.6704787921677932,2.8447820064509917,0.7868366681508785,2.3056792333804585,6.034051982564503
1176,21,1050,projection_yz,band_g,0.6461973692394121,0.9632722202237376,1.1846630209702582,2.5072653766727386,5.893290410275679
1176,21,1050,projection_zx,band_g,0.7962230629513838,2.212305384440601,1.1135066070268007,1.952191998444838,6.030093994388023
1188,26,1300,projection_xy,band_g,0.9103863642383128,2.993103336260863,0.7286511157660872,4.3739085334273105,6.075476037396606
1188,26,1300,projection_yz,band_g,0.7495135504755845,1.309336417723866,0.7250157330899014,4.475869409389303,6.1357475819956075
1188,26,1300,projection_zx,band_g,0.8392745417511932,0.19221429888871816,0.6647737188406901,4.033292176384592,6.188975767874261
1198,24,1200,projection_xy,band_g,0.7810924053910776,2.9983221274864413,1.3234547641881471,1.3579462601714423,6.496699080291979
1198,24,1200,projection_yz,band_g,0.8025182458530223,0.33025251879506157,1.6201080094103726,1.9781811487520538,6.164297219928303
1198,24,1200,projection_zx,band_g,0.5936055854847547,1.4518199643502923,1.0216986842825861,1.4935848615701395,6.54286075834586
1219,42,2100,projection_xy,band_g,0.9069879161518555,0.6527995891133285,0.647467482617426,3.883892046864293,6.279657086895193
1219,42,2100,projection_yz,band_g,0.8425221555354099,0.7532110030078958,0.7412573987902329,4.278843475258834,6.22940292007084
1219,42,2100,projection_zx,band_g,0.7992166910438662,2.2779969659399044,0.746264398539411,4.262977287103251,6.239550010350709
1221,18,900,projection_xy,band_g,0.44132467828714766,0.46344798785118646,1.154966679001284,1.3612808727133519,7.043595613575403
1221,18,900,projection_yz,band_g,0.7476283211988478,1.2075015094105903,2.1470586358023325,2.072508073644718,6.474200135164429
1221,18,900,projection_zx,band_g,0.7027247647644874,1.4563604855679777,1.8263166636708368,1.7653576331677159,6.664915172917015
1223,17,850,projection_xy,band_g,0.5281737583559868,2.989937048633556,0.48338791316353213,1.5857263864236297,6.858661936234063
1223,17,850,projection_yz,band_g,0.5543318395706264,2.284700415814478,0.7485799233448598,2.09663114466212,6.557710699455704
1223,17,850,projection_zx,band_g,0.5535513947299371,1.5832393414343742,0.721908237366602,1.67064316267771,6.770377367289939
1243,24,1200,projection_xy,band_g,0.8937556344442169,3.087322488885572,1.1711438496409428,3.240041382025885,5.918634598006468
1243,24,1200,projection_yz,band_g,0.8126223523239634,2.2461099990349496,1.0533351261191102,3.4186411700556523,5.938876699237306
1243,24,1200,projection_zx,band_g,0.6902537143346071,2.2788409754155574,1.3894229502059012,3.7682647200888995,5.881167679270111
1244,20,1000,projection_xy,band_g,0.6204269547105532,2.7245645810876473,0.360000042880039,2.7183107777099567,6.260669838607121
1244,20,1000,projection_yz,band_g,0.47778789407610256,1.6561421284945068,0.41294292498842167,2.559632022021294,6.424592913960116
1244,20,1000,projection_zx,band_g,0.4436644100342885,0.4018192888447578,0.754147453113862,2.1343826283117373,6.500870780259985
1251,29,1450,projection_xy,band_g,0.7584468020330991,0.35668907244525166,0.8859941451486218,3.4660163513030193,6.070725741941133
1251,29,1450,projection_yz,band_g,0.6722974419176968,2.160683026045471,0.7514503034381601,3.7427468406409345,6.095550600758026
1251,29,1450,projection_zx,band_g,0.9527727607671717,1.8629202317197546,1.5949607918661464,3.942343460876654,5.842377466366795
1269,29,1450,projection_xy,band_g,0.7721233407744112,2.827803500857766,0.9051862534312906,4.2306152728157915,5.814508148084519
1269,29,1450,projection_yz,band_g,0.7923272745669584,2.983799384393961,0.7764428951123206,4.683727113167712,5.732992251513741
1269,29,1450,projection_zx,band_g,0.579050261001488,1.9577369982422097,0.7685822053249278,5.131065233511956,5.799664639681179
1273,17,850,projection_xy,band_g,0.4994153990287166,2.2944071609339183,0.6653162794398284,7.4905842847109305,6.596445934419432
1273,17,850,projection_yz,band_g,0.8731927066472593,0.170662694915511,0.7156673397174776,6.450571206563648,6.500805424268627
1273,17,850,projection_zx,band_g,0.6196106144424847,2.3156560678681726,0.6686960318585957,7.485841364507433,6.531142008238496
1278,22,1100,projection_xy,band_g,0.6266296504821142,0.14706535798426384,0.6080365873751101,2.1677134969032608,6.355433470027968
1278,22,1100,projection_yz,band_g,0.7852992595380388,1.4837289834154443,0.6319855800539554,2.3701173044718207,6.218374477204902
1278,22,1100,projection_zx,band_g,0.5343128936463135,2.1818515200795563,1.0018426814841717,2.321356936593855,6.340540381612052
1302,23,1150,projection_xy,band_g,0.7478456038140424,1.9730588532659274,0.9246433822707998,3.1817824793684224,6.207433815936369
1302,23,1150,projection_yz,band_g,0.6497170310615109,0.34732935086380534,1.3747494232496105,4.046874899901594,6.019650752135335
1302,23,1150,projection_zx,band_g,0.8674631344735231,2.05712119157973,1.0610888491302461,3.5034253632499737,6.035034164962754
1307,50,2500,projection_xy,band_g,0.5334801431864743,1.676034094884291,1.1262730027989718,7.927853138314384,5.714004796896756
1307,50,2500,projection_yz,band_g,0.5721056943132347,0.26162458573034364,0.9612309416109984,6.872069272591368,5.836851214492004
1307,50,2500,projection_zx,band_g,0.7469191562500862,2.5802149847007363,0.8132789713115153,7.181479879192734,5.678318754386824
1340,16,800,projection_xy,band_g,0.6576532448645991,1.6655508046522718,0.5927928125816477,2.14360792507414,6.297600341425644
1340,16,800,projection_yz,band_g,0.7306543282904175,0.12320703098152963,0.8976915294723268,2.2563885870199853,6.182866567735629
1340,16,800,projection_zx,band_g,0.5039838045432933,0.7717937334975824,0.686525675511189,2.741962601462557,6.200567610625333
1343,22,1100,projection_xy,band_g,0.4813592800573501,1.4552622434878293,0.7204872148420538,4.751757586221205,5.786107866912438
1343,22,1100,projection_yz,band_g,0.8736094253313671,0.3581727705016905,0.707976924639603,2.6484872098566195,6.0306663718300495
1343,22,1100,projection_zx,band_g,0.4997961266370021,0.22067061999524404,0.6894520770332293,4.741593399618235,5.777863627253269
1348,24,1200,projection_xy,band_g,0.6707530797683317,1.5338687473773296,0.7326419673580323,3.0815826972120193,6.120886703317891
1348,24,1200,projection_yz,band_g,0.42846240402753366,2.6703517476449523,0.7629219310636912,3.712682770005466,6.155774589280742
1348,24,1200,projection_zx,band_g,0.8254930555956846,2.044803545043842,0.5598589723402412,3.267576213008136,6.016089201125459
1350,20,1000,projection_xy,band_g,0.5276439623112061,2.0294370264129045,1.0371786200561113,2.969794988999681,6.075473412542174
1350,20,1000,projection_yz,band_g,0.9300576091994885,1.9013006260532068,1.2217644938518155,2.1069838277353785,6.0707551879072845
1350,20,1000,projection_zx,band_g,0.6952059747897366,2.947357697147419,1.0876284672543854,2.778886421816951,5.979957779087742
1395,19,950,projection_xy,band_g,0.7821916561804906,2.5099480804327015,1.1678767440695994,2.0362332482586787,6.2698958532807545
1395,19,950,projection_yz,band_g,0.8428739865963318,2.544774830456021,1.5808553233024636,2.5420786722226603,6.009803293949289
1395,19,950,projection_zx,band_g,0.7400640517081838,1.1280711073164345,1.720153540428743,2.6850307980573125,6.022247633522783
1404,17,850,projection_xy,band_g,0.655082550572344,1.3953301528528532,0.4265612376284981,2.2225898916504425,6.631071342551035
1404,17,850,projection_yz,band_g,0.3127227575973194,0.24389653813254183,0.5819027250607128,3.9315116235821304,6.430278418382619
1404,17,850,projection_zx,band_g,0.5836495009865358,1.4128948936516428,0.41581903088140976,3.6385618283962646,6.267461505361973
1446,22,1100,projection_xy,band_g,0.8917528112211512,1.4883803703121128,0.7044661405672472,3.6411350130175184,6.087401771568924
1446,22,1100,projection_yz,band_g,0.9705482238165366,2.0326461705964087,0.6718250837659845,3.2193356632902623,6.152795147234457
1446,22,1100,projection_zx,band_g,0.8557234782742896,0.2699821572339323,0.7800942211497917,3.713062778537625,6.072186762183365
1456,16,800,projection_xy,band_g,0.8543199612162855,3.004933861095704,0.7666884280159283,3.5224825343583994,6.267333979551297
1456,16,800,projection_yz,band_g,0.8379227724768163,1.4489998483112265,0.7784973479884563,3.5553283836719447,6.261347476141994
1456,16,800,projection_zx,band_g,0.951228748707298,0.6469068067139568,0.6833691271462944,3.1322869851538138,6.334563546310643
1461,15,750,projection_xy,band_g,0.8140372064197146,2.447806290240373,1.2403875322135698,1.675643569777466,6.347329613808088
1461,15,750,projection_yz,band_g,0.7751153825091153,3.0942441041786073,1.4088114059922714,2.225924303857382,6.139499651367006
1461,15,750,projection_zx,band_g,0.7126006476566396,1.8145082647167212,1.2522959299032366,2.1107029915910163,6.233861109969881
1492,38,1900,projection_xy,band_g,0.8083008865678466,1.3725773242343942,1.0119142453767112,6.201339454132449,5.617707546557041
1492,38,1900,projection_yz,band_g,0.8310729058992927,1.8252377738388157,0.7955369436061646,4.7894136042386535,5.871868601450148
1492,38,1900,projection_zx,band_g,0.688123056272196,0.07066604198615194,0.9302145010339747,5.775205384270355,5.738453301924906
1496,36,1800,projection_xy,band_g,0.6771753557264103,2.441675793207088,0.911952082819604,5.559273750792932,5.721749452352284
1496,36,1800,projection_yz,band_g,0.7951037751404956,2.273190698335303,0.970311064911507,5.6541405051761595,5.647056197056399
1496,36,1800,projection_zx,band_g,0.9018170849801986,2.136681939399338,0.9626733121954827,5.020504489162777,5.6814665490874905
1502,33,1650,projection_xy,band_g,0.7420466842544864,0.8074139893063096,0.7048075174018125,5.167297483825864,5.6552915676070175
1502,33,1650,projection_yz,band_g,0.7667353579084024,2.055029117499907,0.773877635118341,4.952634313575798,5.692222099041519
1502,33,1650,projection_zx,band_g,0.6474681920139499,0.6093747618450401,0.6898379757520394,5.069529544027692,5.747141980971132
1506,23,1150,projection_xy,band_g,0.6408944150724328,2.1546604047506848,0.5202310755690384,2.640904314672381,6.256131749173126
1506,23,1150,projection_yz,band_g,0.5688118074176605,3.0587725821321583,0.4782158229017735,3.7881123429776387,6.023559980229399
1506,23,1150,projection_zx,band_g,0.5574406781025648,1.2916605655569766,0.4048733678202118,3.9234677919787613,6.013874802689364
1511,28,1400,projection_xy,band_g,0.740852811941609,0.6673007269189487,0.7678120318648534,3.792485497852561,6.033063819635102
1511,28,1400,projection_yz,band_g,0.6581755576105239,0.2902723819694062,0.772483730423078,4.967210981593208,5.850574017411303
1511,28,1400,projection_zx,band_g,0.5900598959801919,1.2896268070269894,0.8547119118194189,5.229923610753347,5.845533618308726
1530,27,1350,projection_xy,band_g,0.7455347602233945,0.4781491881555884,0.7974935234246472,3.7624282596445817,5.714804491753513
1530,27,1350,projection_yz,band_g,0.749144441599965,2.3857239873313723,0.7313641711766666,4.022040059668766,5.655503618160068
1530,27,1350,projection_zx,band_g,0.7757409265987211,1.2067051785204086,0.6449820466798347,3.5211476119153677,5.764415472850081
1553,20,1000,projection_xy,band_g,0.3784976881792927,0.6913750849301062,1.2990684315363321,2.8570018432018935,6.424214957547088
1553,20,1000,projection_yz,band_g,0.4344855090588232,1.483448920313753,1.2263517907956567,2.197379403593264,6.493355021251594
1553,20,1000,projection_zx,band_g,0.6137876231393906,0.0943968772949186,1.535979486483789,2.152730709914786,6.388927281358442
1555,39,1950,projection_xy,band_g,0.9535867373238879,2.3301064407000482,0.6683121702487126,4.818417796961637,5.924615862004577
1555,39,1950,projection_yz,band_g,0.7042245809995572,0.19486813718110302,0.786027922207507,6.465719462126573,5.749560342916328
1555,39,1950,projection_zx,band_g,0.7126015679844151,1.570817860678573,0.8157049032984922,6.557370146178072,5.729293537703652
1581,27,1350,projection_xy,band_g,0.5182038248179222,1.7689371795435216,1.1453012421995845,5.8017613705902,5.530507175631879
1581,27,1350,projection_yz,band_g,0.5946718412748304,3.130092934303529,0.6618580941203156,4.416604398042934,5.759659851715012
1581,27,1350,projection_zx,band_g,0.6940175763218456,2.628995949503019,0.8893665234392679,6.066903062435992,5.408868415482111
1621,25,1250,projection_xy,band_g,0.8910082539567524,1.009626412646369,1.051295771308701,4.128465206523035,5.336551111064559
1621,25,1250,projection_yz,band_g,0.6024888881531019,1.8382360804676774,0.8206271579266179,3.669846676574043,5.636740604224591
1621,25,1250,projection_zx,band_g,0.6279572333602758,3.0793357460773203,1.227885851803427,4.222534138812831,5.4602657777897905
1648,21,1050,projection_xy,band_g,0.8439064369367729,1.4278790226910987,0.7885396596859917,3.4952619068978334,5.6467621512247
1648,21,1050,projection_yz,band_g,0.7647474768993449,2.8021911442333463,0.7245389655815491,3.796677121282619,5.629719463597197
1648,21,1050,projection_zx,band_g,0.6297404027792837,2.2923790774948642,0.651576103190521,4.129256360659666,5.650497619896817
1655,38,1900,projection_xy,band_g,0.914736976154424,0.4982674960047068,0.7015168368663154,6.4200706049026035,5.702346866863351
1655,38,1900,projection_yz,band_g,0.8913638995532758,1.1336019500261043,0.7335163932025975,6.461378657208502,5.700102698313669
1655,38,1900,projection_zx,band_g,0.8763675248420042,2.4355923714893857,0.7044133323406454,6.3300416960675525,5.729545210952743
1684,20,1000,projection_xy,band_g,0.6586730210161005,2.2294595922586966,1.0423591330553417,6.783918544334556,5.575338155479952
1684,20,1000,projection_yz,band_g,0.5660029531848675,2.599322785035861,0.6755561942290117,7.024038437690396,5.650950646652848
1684,20,1000,projection_zx,band_g,0.45667744181578984,0.888096439452575,0.9445525549490575,8.493360044135088,5.553171301029467
1782,22,1100,projection_xy,band_g,0.8251537252192926,0.4311395582722761,0.6794908730886928,3.0657822008709594,5.834935024427188
1782,22,1100,projection_yz,band_g,0.5965147831145126,2.848465052232217,0.6925729004078843,4.739497439520315,5.6061251266038665
1782,22,1100,projection_zx,band_g,0.5163448187095181,1.8404234277008193,0.6976201339277086,4.711867440605117,5.6656176590788165
1883,39,1950,projection_xy,band_g,0.31434296628606273,1.6193889866301925,0.7652608896460821,20.12427731934841,5.148922323188528
1883,39,1950,projection_yz,band_g,0.9579800227317319,1.2865300357826521,0.7491053292520964,6.123087687405555,5.65874196360941
1883,39,1950,projection_zx,band_g,0.318400871666407,0.05530648013840206,0.889881268114201,19.170102130310763,5.1600984646457055
1906,28,1400,projection_xy,band_g,0.6010122677267697,2.612883009665749,0.5885453379890264,5.670116883118886,5.761408049600022
1906,28,1400,projection_yz,band_g,0.6126008294602348,1.0423589903662562,0.6506131470112781,5.798679332471618,5.718505090097491
1906,28,1400,projection_zx,band_g,0.622774743918645,2.332166217988519,0.6329275824259608,5.046527690542859,5.831039833838505
1969,28,1400,projection_xy,band_g,0.4520837112309192,1.4043398857467102,0.7771926144250532,12.975103995258946,5.767222604271659
1969,28,1400,projection_yz,band_g,0.5835488099496933,2.653859050288071,0.7468754094692684,8.74921666271123,5.9707013430535465
1969,28,1400,projection_zx,band_g,0.43322525164131,2.682846406656288,0.8416028616005189,14.14050193737733,5.700818291175022
2168,39,1950,projection_xy,band_g,0.9011156987256651,0.03649156063498803,0.640188317670006,8.43740383594615,5.185166579749654
2168,39,1950,projection_yz,band_g,0.6514085538316974,1.953484930658362,0.8515350678715241,9.150490975277728,5.210385562579471
2168,39,1950,projection_zx,band_g,0.8221827115797525,0.33833535118911934,0.8990017187833255,8.249248856261623,5.2173609243816745
2186,30,1500,projection_xy,band_g,0.9682924714222207,1.7207127368054556,0.8239821594665313,4.474651737238687,5.489363885038032
2186,30,1500,projection_yz,band_g,0.6406327415810837,1.3044445296088258,1.1979287135766141,5.288678377373115,5.491861941591665
2186,30,1500,projection_zx,band_g,0.6869510552758328,0.005741977394902342,0.9843941270471632,4.791324718237812,5.573733618737215
2239,35,1750,projection_xy,band_g,0.5614244232039115,0.5142415721183712,0.7543463198905738,10.19857797863888,5.600474115990295
2239,35,1750,projection_yz,band_g,0.5655601291586925,1.1543705968248055,0.7074424063688072,9.245025641633795,5.6798469638818
2239,35,1750,projection_zx,band_g,0.6612936091562329,0.5737620365694189,0.5996376199586562,7.7501365243463285,5.803567715577152
2283,22,1100,projection_xy,band_g,0.6969936567096864,1.276626464511758,0.6899927270807784,3.6527751657139844,5.806502629987715
2283,22,1100,projection_yz,band_g,0.7005266856533805,0.27604910999528287,0.678875996274821,3.6123989692396625,5.810091544092563
2283,22,1100,projection_zx,band_g,0.7338307114031852,2.3630505691710177,0.675333404312241,4.099359003315501,5.687947524667901
2361,36,1800,projection_xy,band_g,0.9595786676323397,2.6218069733556817,0.8159722376910112,5.771004469722925,5.356792506102051
2361,36,1800,projection_yz,band_g,0.8507476154660674,1.6947890847546128,0.7278502133421992,5.600306050211316,5.451851774899143
2361,36,1800,projection_zx,band_g,0.7721769905380893,2.6393286763119126,0.7626552206413311,5.787127106716999,5.45064749978861
2368,28,1400,projection_xy,band_g,0.8055512471606643,1.9683558120426847,0.8325265678481719,4.697525541262935,5.178119105428288
2368,28,1400,projection_yz,band_g,0.8845933038687567,2.349744770858919,0.7837306012766102,4.114010835301922,5.257005652173536
2368,28,1400,projection_zx,band_g,0.638978090476209,2.515049777876374,0.8835222785294978,5.006913692909487,5.203631192052304
2374,33,1650,projection_xy,band_g,0.9015094315194647,0.25104493446019904,0.7438607279483581,5.423190392288502,5.403313634479659
2374,33,1650,projection_yz,band_g,0.8958677823318385,1.9652609253435034,0.7925213242991763,5.504729402823423,5.380696065543384
2374,33,1650,projection_zx,band_g,0.8167633765576069,0.8219076514531783,0.7960433064636361,5.50039151192334,5.417903752968447
2406,25,1250,projection_xy,band_g,0.9034176894916789,1.4059777136911649,0.8550338254494839,3.921736616491594,5.880749638683661
2406,25,1250,projection_yz,band_g,0.9762378084841163,0.659826816149583,0.8744222051989539,3.8887029281078447,5.8755431076629865
2406,25,1250,projection_zx,band_g,0.9196343007326775,3.023226701418171,0.8891717405375849,4.027137325842046,5.85871083253364
2629,28,1400,projection_xy,band_g,0.6097603056464806,0.919032282060334,0.7496001737940341,5.051649121820573,5.333356219511154
2629,28,1400,projection_yz,band_g,0.6696603824377266,2.333136097201335,0.7070542934054063,4.580488383228341,5.3854227530682905
2629,28,1400,projection_zx,band_g,0.8060552539524284,2.7396083848626254,0.7210319932849989,4.5989154013726345,5.302720168629997
2728,29,1450,projection_xy,band_g,0.7246795949992875,0.4706552539772925,0.862269792075841,5.966647816584624,5.162749612177343
2728,29,1450,projection_yz,band_g,0.6763507212756443,1.6742781384206997,0.7762132820322294,5.353215631265575,5.288003856134806
2728,29,1450,projection_zx,band_g,0.7742657556246081,0.32917727821503584,0.7686989676837088,4.614824451711768,5.372950450723571
2731,33,1650,projection_xy,band_g,0.48528231276271117,0.8985106596671575,1.2566672034880262,16.445194372786865,4.540447559973154
2731,33,1650,projection_yz,band_g,0.49915285077509536,0.8275923552137017,0.8307360252659138,12.59900856256776,4.780362272662797
2731,33,1650,projection_zx,band_g,0.35536940690748936,0.7021674186976185,0.7037606847917439,13.611621372127374,4.881051759268285
2739,41,2050,projection_xy,band_g,0.9165101642194556,1.177801818744723,0.6903956849151403,7.4556445237912525,4.900417840205571
2739,41,2050,projection_yz,band_g,0.30927990140991896,2.968210224925985,0.7862916320180815,20.740382801858452,4.49579635309999
2739,41,2050,projection_zx,band_g,0.3725898833084253,1.390790090035363,0.7027320012988434,19.079540105852367,4.49564307056503
2768,31,1550,projection_xy,band_g,0.8080012681441103,0.9748414899241412,0.793416494045029,4.949431585479433,5.570417277362214
2768,31,1550,projection_yz,band_g,0.8156057750360952,2.6708562465313257,0.8192830659427817,5.051417728192276,5.550426608820234
2768,31,1550,projection_zx,band_g,0.9498662633635854,1.3547961144206913,0.8297054255688091,4.854987367292161,5.514670011589066
3061,18,900,projection_xy,band_g,0.6703671324527206,2.4655997954089317,1.982357515790357,13.34928590499305,5.174430403800831
3061,18,900,projection_yz,band_g,0.739294829864116,1.8769427044101858,1.8835363980231175,12.251493163854661,5.214909371848553
3061,18,900,projection_zx,band_g,0.8166019545880007,0.30487212227229354,1.7797160297896477,10.763516734614326,5.271725251845494
3094,16,800,projection_xy,band_g,0.7364912832039435,1.6931000413909327,1.1465552566600676,3.392862286153313,5.973538165535267
3094,16,800,projection_yz,band_g,0.923230475918644,1.8412488338279651,0.6611568850943931,2.161840484334235,6.2590322729308046
3094,16,800,projection_zx,band_g,0.6494289678891408,2.979507506261442,1.256644671213389,4.085093602993795,5.896689444774931
3117,33,1650,projection_xy,band_g,0.6517061846413507,0.09970636857092563,0.651513664107439,10.49106669092193,5.040597251034253
3117,33,1650,projection_yz,band_g,0.5903097962535035,1.3533188824886238,0.71661494410499,10.829844291177558,5.041188994336829
3117,33,1650,projection_zx,band_g,0.7988800281090312,2.4577244527488413,0.7068854356297551,7.452169527207693,5.233192761463026
3307,31,1550,projection_xy,band_g,0.805784594270729,3.069453836612198,0.6464892666019102,4.751222446519029,5.517627739256734
3307,31,1550,projection_yz,band_g,0.8489011230413599,0.37672779686824753,0.8700352673393476,5.770301146774727,5.293526764463469
3307,31,1550,projection_zx,band_g,0.659996047001474,1.2705841047531976,0.8125340842839452,5.805232263995172,5.396409733341341
3454,27,1350,projection_xy,band_g,0.5263049439262946,1.5146941168151762,2.2054007866590393,11.391344876035996,4.8895638557222325
3454,27,1350,projection_yz,band_g,0.7396571472483847,2.793734946667414,0.7161971215431934,4.118323141390569,5.680299813899466
3454,27,1350,projection_zx,band_g,0.6356784190110598,0.053181539716908866,1.7017193516577556,10.595789948768394,4.916607169863291
3659,35,1750,projection_xy,band_g,0.7264903672689171,0.2484153809479729,1.3085682916191521,7.119805126318974,5.365182876813512
3659,35,1750,projection_yz,band_g,0.9328239090021361,1.711633403300534,0.9143994920988574,3.3338442289466914,5.617779904510152
3659,35,1750,projection_zx,band_g,0.9484104790285857,2.4858707519651944,0.9661310317522489,3.5952120999996944,5.594540953406031
3792,21,1050,projection_xy,band_g,0.93151174322469,0.6910039948035175,0.7055643464215211,3.548251682210956,5.643030274750779
3792,21,1050,projection_yz,band_g,0.7842490027649922,0.31460536470920747,0.5972279708545226,4.097360984977488,5.606833071303345
3792,21,1050,projection_zx,band_g,0.8078282073530331,1.6186865099930927,0.6513954351581797,4.1294165043710676,5.595819253123361
3928,21,1050,projection_xy,band_g,0.8678277528871622,0.2967757922699097,0.7024512500269725,3.9903074291003064,5.221896554362136
3928,21,1050,projection_yz,band_g,0.6681963551361078,1.6019294182485222,0.7425985873786964,3.907259572296788,5.342462503400207
3928,21,1050,projection_zx,band_g,0.6449927678399815,0.40240876802018194,0.7535546108507538,3.6914585635958477,5.400101776975897
4199,25,1250,projection_xy,band_g,0.5281583223520018,3.101046266351206,0.5087665895531435,7.016629961015469,5.607631325461166
4199,25,1250,projection_yz,band_g,0.7385230596116606,0.9754838761348782,0.5685519235220748,7.886948695605513,5.352048557549828
4199,25,1250,projection_zx,band_g,0.5857068289154068,1.6022427988660135,0.5559582802517109,6.478484265164781,5.612720395356751
4513,22,1100,projection_xy,band_g,0.9284267027166269,2.6068613918157837,0.8082497992858695,3.6611843077114337,5.284494320247801
4513,22,1100,projection_yz,band_g,0.6933656829940424,0.9481321256738124,0.8255710798193036,3.901095396642694,5.346182439234641
4513,22,1100,projection_zx,band_g,0.8828962932579126,2.8332787813128584,0.8203267490155879,3.515188285042475,5.33303204685357
4661,26,1300,projection_xy,band_g,0.7803086688242917,0.27965642690555104,0.4366135919764652,8.367640909865575,5.088931292351436
4661,26,1300,projection_yz,band_g,0.8539574529157492,2.8469979440330584,0.5082941012447348,9.896768025890633,4.897817697250204
4661,26,1300,projection_zx,band_g,0.7175163066355732,1.5138341184964854,0.44949257136718973,9.455111578011566,5.01904462126472
4739,26,1300,projection_xy,band_g,0.9185502941826539,2.332144547988938,0.5526157312640918,4.639005685786593,5.569972391339444
4739,26,1300,projection_yz,band_g,0.8345565842169492,0.48575788594313424,0.5649328636078168,5.018443757907607,5.527194608647133
4739,26,1300,projection_zx,band_g,0.9091425641283578,1.4480604682763136,0.5869626994187411,4.896390498508749,5.5076340234250525
4899,28,1400,projection_xy,band_g,0.8629880254219644,0.20285434082672332,0.7056957375975728,6.62050933414858,5.160835003105056
4899,28,1400,projection_yz,band_g,0.8962150460287428,2.8821565340545416,0.6305214302988589,7.178667781275453,5.092358890551763
4899,28,1400,projection_zx,band_g,0.7090846000278507,2.0138733244994764,0.6750054421597826,7.289748324991311,5.187540916200023
6107,18,900,projection_xy,band_g,0.35217220005098704,0.7423160156008553,0.7956443288213826,11.976161578814022,5.630536346141403
6107,18,900,projection_yz,band_g,0.4279781736090299,1.5086947034615372,0.6467989741694715,8.854348355110321,5.7813605481127235
6107,18,900,projection_zx,band_g,0.39627532966232304,0.0803568125261899,0.8393249315341151,10.438365935583898,5.671184838447515
6466,24,1200,projection_xy,band_g,0.5086720605646341,2.273786022506743,0.47744754439652776,10.86547664430578,4.998161022234269
6466,24,1200,projection_yz,band_g,0.6768608496429005,0.9180607789628316,0.5518373584159154,9.141220772681441,4.991648950718636
6466,24,1200,projection_zx,band_g,0.5495293258157471,2.526368150251083,0.7705988752226616,10.697174242927767,4.9069929572905435
6591,27,1350,projection_xy,band_g,0.9073992620621328,0.48257560953504763,0.6898877249691,8.128441265877774,4.75667183997608
6591,27,1350,projection_yz,band_g,0.7213441923649173,3.06986607298227,0.696360022108207,11.496738100468274,4.5748150090394555
6591,27,1350,projection_zx,band_g,0.6555673942814224,1.744094181286202,0.8620343518414252,12.100703507541905,4.535019046403275
7274,18,900,projection_xy,band_g,0.46074077732368895,2.9100668225041,0.9891937063771273,7.976091716159861,5.72718146441184
7274,18,900,projection_yz,band_g,0.26650427249428554,2.65159398472623,1.517206749283734,19.38391284181318,5.301545488649479
7274,18,900,projection_zx,band_g,0.2778114091717233,1.429314995190189,1.1220301773273196,13.992169436259383,5.549151935553387
8544,23,1150,projection_xy,band_g,0.557473551477282,2.9360289330165155,0.8544117094462991,12.544402127148146,4.532785650337239
8544,23,1150,projection_yz,band_g,0.42795889989745844,2.206078636412359,0.6740615178941503,13.84442021472516,4.58737271594042
8544,23,1150,projection_zx,band_g,0.7117977647886147,1.3807896229974126,0.6441098494826927,9.237242612554155,4.708795527315399
10454,18,900,projection_xy,band_g,0.8973724447847712,2.2091229608276777,0.8106022551350023,2.946035735453128,5.4420506947366505
10454,18,900,projection_yz,band_g,0.9404633899176762,3.1101113453369287,0.7689191479156252,2.9476148036877277,5.433293288983449
10454,18,900,projection_zx,band_g,0.9676703425610267,0.9616633242491206,0.7976594845614784,2.9337022695988573,5.41870416519458
10928,12,600,projection_xy,band_g,0.36540302074700565,2.5501908318359523,1.4728161258374968,13.178911566274873,5.440206019154165
10928,12,600,projection_yz,band_g,0.4099541397317559,1.3230593800659964,1.2707791007542562,10.805303685467743,5.551952896295407
10928,12,600,projection_zx,band_g,0.5480175757737363,2.7631467509048706,1.0137423070224316,6.735854291563417,5.767791734825425
