galaxyID,groupID,NearestNeighborDist,NearestNeighborgalaxyID,NearestNeighborRvir,NearestNeighborR80
0.0,-1.0,39.190943262217054,125.0,19.589607322113963,5.21907037123186
1.0,-1.0,60.25428141725458,31.0,30.129908473575437,10.438357013293633
2.0,-1.0,45.86893119220396,406.0,22.92589312075583,6.859462157457215
3.0,-1.0,63.99316527603919,865.0,31.916149985237674,8.66643367864953
4.0,-1.0,58.44840210578453,94.0,29.229406554472988,7.2963595443387135
5.0,-1.0,35.22718995621006,98.0,17.611455565397105,5.788886095794841
6.0,-1.0,28.2978139362394,65.0,14.142308827871272,4.330389144548521
7.0,-1.0,71.53562916374462,315.0,35.76911721287275,5.237609607771688
8.0,-1.0,81.25248143695131,333.0,40.62592264540891,9.21668071201643
9.0,-1.0,72.32788439714341,6107.0,19.32388544434603,10.26569023161894
10.0,-1.0,36.235736315624436,10928.0,12.223206377325065,5.975747060004817
11.0,-1.0,112.892779277192,5701.0,34.69146737525834,4.524842191573388
12.0,-1.0,56.13174318100214,49407.0,11.29317980513729,5.375286925912986
13.0,-1.0,-1.0,-1.0,-1.0,-1.0
14.0,-1.0,5.923612065559099,162.0,2.9672276350752878,1.511537004021527
15.0,-1.0,64.4877124459303,5818.0,25.494537939179214,5.456682128900028
16.0,-1.0,107.32764691770123,868.0,53.661056982580455,9.20715765549167
17.0,-1.0,149.74131422626053,13249.0,24.66784765279008,5.710241716793212
18.0,0.0,86.51292826,1009.0,24.34307646885149,10.54897743514802
19.0,-1.0,101.12853538300554,5674.0,34.83909064068497,5.259999841349184
20.0,-1.0,224.30180187327733,601.0,78.03365810451727,8.678174674594114
21.0,-1.0,51.366583395057475,92.0,25.686448184233832,7.279286739588901
22.0,-1.0,140.58635202043354,921.0,64.86566282846177,9.22804743282019
23.0,8.0,316.42512122,270.0,122.76350752878653,7.896521882020912
24.0,-1.0,102.25195150301136,173.0,51.1219368172424,8.162229606843052
25.0,-1.0,187.10062627317126,484.0,89.22350162385591,7.422555278579022
26.0,2.0,323.13424329,3270.0,43.1945674638323,4.800804089497975
27.0,-1.0,58.579678993185645,352.0,29.288455860643637,8.38413637828343
28.0,-1.0,40.67316770139353,13781.0,19.973427812223207,3.569511021661518
29.0,-1.0,-1.0,-1.0,-1.0,-1.0
30.0,-1.0,56.939551034255295,325.0,28.476527900797166,8.533447543938985
31.0,1.0,60.25428141725458,1.0,627.4431650428107,13.626014781921588
32.0,-1.0,118.96145895738964,643.0,59.47741364038973,10.114166733229194
33.0,-1.0,59.09555948555714,4091.0,25.09595512252731,8.440340617049783
34.0,-1.0,66.83919658854171,15840.0,23.07351638618246,13.797234757351466
35.0,-1.0,117.85052701814402,2168.0,41.526424564511366,14.443006192810062
36.0,-1.0,-1.0,-1.0,-1.0,-1.0
37.0,-1.0,176.66768182875592,1419.0,61.17508119279598,3.332994608968548
38.0,-1.0,65.62176509006166,5665.0,19.781517567168585,11.070287306211393
39.0,-1.0,-1.0,-1.0,-1.0,-1.0
40.0,-1.0,165.3976731466416,614.0,82.09329790374963,8.417875999619072
41.0,-1.0,-1.0,-1.0,-1.0,-1.0
42.0,-1.0,114.23057296572908,3793.0,40.699734278122236,4.233736240360363
43.0,-1.0,-1.0,-1.0,-1.0,-1.0
44.0,-1.0,-1.0,-1.0,-1.0,-1.0
45.0,-1.0,186.77923208760268,11272.0,26.158842633599054,4.711643178202443
46.0,-1.0,119.31991431073229,1363.0,57.98641865958075,4.831464936636298
47.0,-1.0,165.93741962289732,1198.0,58.370239149689986,8.201885328274724
48.0,-1.0,130.6191893325913,3427.0,42.24977856510186,4.335203926787577
49.0,-1.0,74.6102721012905,3392.0,37.28963684676705,5.868597068429556
50.0,-1.0,122.75655440656223,1496.0,49.74904044877473,12.252164905416294
51.0,-1.0,113.48048621846769,1223.0,56.731620903454385,5.677296657738002
52.0,-1.0,99.78666192202527,183.0,49.89666371420135,9.09061086404607
53.0,-1.0,207.38078945949547,492.0,90.25686448184234,8.496183928608833
54.0,-1.0,45.544089268850115,348.0,22.7782698553292,8.019714163499378
55.0,-1.0,256.1313335802908,86.0,128.0631827576026,8.307004649043654
56.0,-1.0,159.3524371174926,1770.0,50.87097726601713,7.203475581438906
57.0,-1.0,121.2586292133692,615.0,60.49601417183348,17.52415588490445
58.0,-1.0,81.00085956106756,175.0,40.49306170652495,7.241872393941548
59.0,-1.0,42.35333703957551,29309.0,17.463832299970477,4.557998144828808
60.0,-1.0,131.82079052552075,4392.0,34.927664599940954,12.030792130228042
61.0,-1.0,-1.0,-1.0,-1.0,-1.0
62.0,-1.0,65.0201870851417,534.0,32.5066430469442,9.596789099251676
63.0,-1.0,19.134527048957924,495.0,9.565987599645705,4.453833492446041
64.0,-1.0,88.80154643475686,2731.0,36.30056096840862,17.845366310158003
65.0,6.0,28.2978139362394,6.0,469.79627989371124,10.721478930511527
66.0,-1.0,-1.0,-1.0,-1.0,-1.0
67.0,-1.0,60.76590328640514,1404.0,18.083850014762326,7.583000283551098
68.0,-1.0,60.2261464474331,414.0,30.11514614703277,6.580202950201467
69.0,-1.0,137.38689029884756,296.0,68.68910540301151,7.275266384911466
70.0,-1.0,36.84268449342709,4549.0,18.42338352524358,3.7091645054440434
71.0,-1.0,6.627856351109978,682.0,3.30676114555654,1.8333597932460584
72.0,-1.0,195.67225076422199,596.0,80.42515500442869,9.776788387113385
73.0,-1.0,-1.0,-1.0,-1.0,-1.0
74.0,-1.0,181.4035294562066,180.0,90.69973427812222,5.8603211345704365
75.0,-1.0,-1.0,-1.0,-1.0,-1.0
76.0,-1.0,51.395082297067326,303.0,25.701210510776498,8.069979322147795
77.0,-1.0,37.48931424448169,328.0,18.748154709182167,6.668718811644339
78.0,-1.0,-1.0,-1.0,-1.0,-1.0
79.0,-1.0,-1.0,-1.0,-1.0,-1.0
80.0,-1.0,44.423859363602546,810.0,22.217301446708003,6.89695881933045
81.0,1.0,178.77325869,2531.0,47.8004133451432,6.356684626808602
82.0,-1.0,-1.0,-1.0,-1.0,-1.0
83.0,-1.0,-1.0,-1.0,-1.0,-1.0
84.0,-1.0,-1.0,-1.0,-1.0,-1.0
85.0,-1.0,46.77627539368212,1553.0,23.383525243578386,6.869108138059306
86.0,55.0,30.0629924844636,3772.0,15.677590788308237,4.541431770630213
87.0,-1.0,32.056126678465205,650.0,16.031886625332152,6.315106099517607
88.0,-1.0,145.40879022398252,2727.0,44.74461175081193,4.191812200976369
89.0,9.0,142.37971519999996,4661.0,31.90138765869501,15.026908019231358
90.0,-1.0,103.1435103859665,248.0,51.56480661352229,9.752468557613408
91.0,-1.0,172.2042835143721,557.0,86.00531443755536,8.04986941324176
92.0,21.0,51.366583395057475,21.0,281.945674638323,5.527949300985606
93.0,4.0,175.35279535,1561.0,56.80543253616769,5.2394585844896095
94.0,4.0,58.44840210578453,4.0,481.78328904635373,12.295552182929715
95.0,-1.0,-1.0,-1.0,-1.0,-1.0
96.0,5.0,155.01182433,10473.0,27.192205491585476,4.923868424623804
97.0,-1.0,-1.0,-1.0,-1.0,-1.0
98.0,5.0,35.22718995621006,5.0,491.21641570711546,10.266882742448566
99.0,-1.0,-1.0,-1.0,-1.0,-1.0
100.0,-1.0,127.39715519550005,1510.0,54.782993799822854,7.1791706668885595
101.0,-1.0,-1.0,-1.0,-1.0,-1.0
102.0,-1.0,-1.0,-1.0,-1.0,-1.0
103.0,-1.0,51.8437692661258,4036.0,25.922645408916445,13.126153752727449
104.0,-1.0,123.80306477196993,399.0,61.898435193386476,8.553928348740127
105.0,-1.0,81.866050920254,683.0,40.93593150280484,7.612740731063965
106.0,-1.0,-1.0,-1.0,-1.0,-1.0
107.0,-1.0,-1.0,-1.0,-1.0,-1.0
108.0,-1.0,59.225365231056315,3179.0,19.64865662828462,6.67654048256633
109.0,-1.0,-1.0,-1.0,-1.0,-1.0
110.0,-1.0,-1.0,-1.0,-1.0,-1.0
111.0,-1.0,116.64027970007123,8968.0,29.140832595217002,4.41578711476364
112.0,-1.0,48.78746153191455,5912.0,24.313551815766164,7.912080494117819
113.0,-1.0,-1.0,-1.0,-1.0,-1.0
114.0,-1.0,123.83261141957672,8546.0,29.347505166814287,5.703055973531896
115.0,-1.0,188.70988573423801,453.0,94.36079126070268,7.002556236453792
116.0,-1.0,-1.0,-1.0,-1.0,-1.0
117.0,-1.0,179.85405486746438,564.0,86.49247121346325,7.93686896675267
118.0,-1.0,152.91289578576163,624.0,76.45408916445231,9.649620485041813
119.0,-1.0,49.0564103102631,1684.0,23.235901978151755,10.741919724445237
120.0,-1.0,-1.0,-1.0,-1.0,-1.0
121.0,-1.0,41.02152749507508,10459.0,20.47534691467375,3.9055941827604825
122.0,-1.0,-1.0,-1.0,-1.0,-1.0
123.0,-1.0,-1.0,-1.0,-1.0,-1.0
124.0,-1.0,57.91033595591643,4077.0,28.948922350162384,5.161565336680471
125.0,0.0,39.190943262217054,0.0,685.0162385591968,11.29535669407309
126.0,-1.0,-1.0,-1.0,-1.0,-1.0
127.0,-1.0,55.98806901435611,1151.0,27.989371124889285,6.461800226254759
128.0,7.0,138.44672552,6635.0,23.811632713315618,4.971883382114895
129.0,-1.0,37.20568015943915,676.0,18.600531443755536,7.654045817846585
130.0,-1.0,-1.0,-1.0,-1.0,-1.0
131.0,7.0,52.32711211,6635.0,23.811632713315618,4.971883382114895
132.0,-1.0,-1.0,-1.0,-1.0,-1.0
133.0,-1.0,-1.0,-1.0,-1.0,-1.0
134.0,-1.0,-1.0,-1.0,-1.0,-1.0
135.0,-1.0,172.2185055298106,1241.0,59.15264245645114,6.6314709265321845
136.0,-1.0,-1.0,-1.0,-1.0,-1.0
137.0,-1.0,122.09301544136521,3429.0,41.08355476823147,4.663608992580939
138.0,-1.0,100.72965488788151,1272.0,37.09772660171243,3.847645582802712
139.0,-1.0,-1.0,-1.0,-1.0,-1.0
140.0,-1.0,-1.0,-1.0,-1.0,-1.0
141.0,-1.0,49.246550738316536,625.0,24.62356067316209,6.981842577787783
142.0,-1.0,-1.0,-1.0,-1.0,-1.0
143.0,-1.0,98.44557535372887,433.0,49.21759669323886,7.445006543772051
144.0,-1.0,-1.0,-1.0,-1.0,-1.0
145.0,-1.0,176.40638858738205,274.0,88.20490109241216,10.783910070981088
146.0,-1.0,-1.0,-1.0,-1.0,-1.0
147.0,-1.0,88.05739052452904,1447.0,44.02125775022144,5.718019581855373
148.0,-1.0,-1.0,-1.0,-1.0,-1.0
149.0,-1.0,-1.0,-1.0,-1.0,-1.0
150.0,4.0,166.70274162,1521.0,59.19692943607913,5.463869100983081
151.0,-1.0,-1.0,-1.0,-1.0,-1.0
152.0,-1.0,-1.0,-1.0,-1.0,-1.0
153.0,6.0,346.66220582,576.0,66.19427221730145,13.088696184204885
154.0,-1.0,16.87269395558186,870.0,8.429288455860643,4.595358363820077
155.0,-1.0,-1.0,-1.0,-1.0,-1.0
156.0,-1.0,49.16476523060288,3815.0,24.5792736935341,5.668139336230101
157.0,-1.0,-1.0,-1.0,-1.0,-1.0
158.0,-1.0,-1.0,-1.0,-1.0,-1.0
159.0,35.0,203.43751649713508,35.0,241.08355476823147,9.868393135619716
160.0,-1.0,128.70189479767004,1405.0,57.70593445527015,4.295260147504022
161.0,-1.0,85.52100146559262,10640.0,27.20696781812814,7.815015352022359
162.0,14.0,5.923612065559099,14.0,333.0528491290228,2.7459366147732394
163.0,-1.0,29.081733277703005,748.0,16.090935931502806,6.7689606675785585
164.0,-1.0,-1.0,-1.0,-1.0,-1.0
165.0,2.0,93.9571656,329.0,46.97372305875406,7.6485818441102476
166.0,-1.0,-1.0,-1.0,-1.0,-1.0
167.0,-1.0,-1.0,-1.0,-1.0,-1.0
168.0,8.0,301.82542143,3468.0,41.423088278712726,8.148203948410613
169.0,-1.0,53.22879751355784,1506.0,26.616474756421614,7.7891196735350094
170.0,-1.0,-1.0,-1.0,-1.0,-1.0
171.0,-1.0,-1.0,-1.0,-1.0,-1.0
172.0,-1.0,-1.0,-1.0,-1.0,-1.0
173.0,24.0,102.25195150301136,24.0,265.51520519633897,9.43340398779013
174.0,-1.0,-1.0,-1.0,-1.0,-1.0
175.0,58.0,81.00085956106756,58.0,194.65603779155597,10.803368186403343
176.0,-1.0,-1.0,-1.0,-1.0,-1.0
177.0,-1.0,-1.0,-1.0,-1.0,-1.0
178.0,51.0,184.27799990457783,51.0,211.08650723354003,6.208529719245199
179.0,-1.0,-1.0,-1.0,-1.0,-1.0
180.0,74.0,181.4035294562066,74.0,197.34278122232064,7.451968503846242
181.0,19.0,107.248971,5674.0,34.83909064068497,5.259999841349184
182.0,-1.0,-1.0,-1.0,-1.0,-1.0
183.0,52.0,99.78666192202527,52.0,212.84322409211694,7.478166156156193
184.0,-1.0,-1.0,-1.0,-1.0,-1.0
185.0,-1.0,-1.0,-1.0,-1.0,-1.0
186.0,-1.0,-1.0,-1.0,-1.0,-1.0
187.0,-1.0,-1.0,-1.0,-1.0,-1.0
188.0,-1.0,-1.0,-1.0,-1.0,-1.0
190.0,12.0,86.04094174,4045.0,39.681133746678476,4.941572075209042
191.0,-1.0,-1.0,-1.0,-1.0,-1.0
192.0,-1.0,-1.0,-1.0,-1.0,-1.0
193.0,-1.0,-1.0,-1.0,-1.0,-1.0
194.0,-1.0,-1.0,-1.0,-1.0,-1.0
195.0,-1.0,82.01121772886681,2294.0,40.99498080897549,4.232147408256819
196.0,-1.0,49.68735974318896,2265.0,24.844995571302036,4.2872487314784316
197.0,-1.0,-1.0,-1.0,-1.0,-1.0
198.0,-1.0,-1.0,-1.0,-1.0,-1.0
199.0,-1.0,106.92796450033084,1004.0,53.454384410983174,8.139930514301321
200.0,-1.0,-1.0,-1.0,-1.0,-1.0
201.0,-1.0,-1.0,-1.0,-1.0,-1.0
202.0,-1.0,-1.0,-1.0,-1.0,-1.0
203.0,-1.0,-1.0,-1.0,-1.0,-1.0
204.0,-1.0,-1.0,-1.0,-1.0,-1.0
205.0,-1.0,-1.0,-1.0,-1.0,-1.0
206.0,28.0,246.77566409,13781.0,19.973427812223207,3.569511021661518
207.0,-1.0,37.78992902905753,1273.0,18.895777974608798,10.025159313728663
208.0,-1.0,59.52620430964591,1350.0,29.76085031000886,6.94629562835139
209.0,-1.0,105.31389797899185,2153.0,50.118098612341306,3.204425837086326
210.0,-1.0,-1.0,-1.0,-1.0,-1.0
211.0,-1.0,-1.0,-1.0,-1.0,-1.0
212.0,-1.0,-1.0,-1.0,-1.0,-1.0
213.0,-1.0,-1.0,-1.0,-1.0,-1.0
214.0,-1.0,-1.0,-1.0,-1.0,-1.0
215.0,-1.0,45.92350096097641,2677.0,22.95541777384116,6.276739719364619
216.0,-1.0,85.00373581769783,1787.0,42.500738116327135,3.509607202122776
217.0,-1.0,131.248584527248,939.0,65.61854148213759,4.773362672137358
218.0,-1.0,-1.0,-1.0,-1.0,-1.0
219.0,-1.0,-1.0,-1.0,-1.0,-1.0
220.0,-1.0,43.92028147976741,2920.0,21.951579568940065,6.093401196005738
221.0,-1.0,-1.0,-1.0,-1.0,-1.0
222.0,-1.0,-1.0,-1.0,-1.0,-1.0
223.0,6.0,146.43710222,1160.0,68.1724239740183,3.930963151559291
224.0,-1.0,-1.0,-1.0,-1.0,-1.0
225.0,-1.0,-1.0,-1.0,-1.0,-1.0
226.0,-1.0,-1.0,-1.0,-1.0,-1.0
227.0,0.0,240.76761458,501.0,81.25184529081783,11.152061748263915
228.0,-1.0,-1.0,-1.0,-1.0,-1.0
229.0,-1.0,-1.0,-1.0,-1.0,-1.0
230.0,-1.0,-1.0,-1.0,-1.0,-1.0
231.0,4.0,224.91040846219062,4.0,481.78328904635373,12.295552182929715
232.0,-1.0,-1.0,-1.0,-1.0,-1.0
233.0,-1.0,-1.0,-1.0,-1.0,-1.0
234.0,-1.0,-1.0,-1.0,-1.0,-1.0
235.0,-1.0,-1.0,-1.0,-1.0,-1.0
236.0,-1.0,-1.0,-1.0,-1.0,-1.0
237.0,0.0,92.02042696,4513.0,36.211987009152644,7.5517343728345505
238.0,-1.0,-1.0,-1.0,-1.0,-1.0
239.0,-1.0,101.82162772206243,479.0,50.91526424564512,8.258484764333168
240.0,-1.0,-1.0,-1.0,-1.0,-1.0
241.0,-1.0,-1.0,-1.0,-1.0,-1.0
242.0,12.0,111.78703577,190.0,72.35016238559197,10.404684697307475
243.0,-1.0,32.56176049748162,8705.0,17.44906997342781,6.311874771621439
244.0,-1.0,-1.0,-1.0,-1.0,-1.0
245.0,-1.0,-1.0,-1.0,-1.0,-1.0
246.0,-1.0,-1.0,-1.0,-1.0,-1.0
247.0,-1.0,-1.0,-1.0,-1.0,-1.0
248.0,90.0,103.1435103859665,90.0,167.80336581045174,11.657022563728308
249.0,-1.0,-1.0,-1.0,-1.0,-1.0
250.0,-1.0,-1.0,-1.0,-1.0,-1.0
251.0,-1.0,-1.0,-1.0,-1.0,-1.0
252.0,-1.0,-1.0,-1.0,-1.0,-1.0
253.0,22.0,40.22838858183914,5404.0,19.70770593445527,8.335353195464684
254.0,5.0,244.49795567270826,5.0,491.21641570711546,10.266882742448566
255.0,-1.0,-1.0,-1.0,-1.0,-1.0
256.0,-1.0,-1.0,-1.0,-1.0,-1.0
257.0,-1.0,-1.0,-1.0,-1.0,-1.0
258.0,0.0,185.30417752,237.0,115.92855033953352,6.3475250539876535
259.0,9.0,202.35767705277487,9.0,402.8638913492766,24.90197380023352
260.0,-1.0,-1.0,-1.0,-1.0,-1.0
261.0,-1.0,-1.0,-1.0,-1.0,-1.0
263.0,-1.0,-1.0,-1.0,-1.0,-1.0
264.0,-1.0,-1.0,-1.0,-1.0,-1.0
265.0,-1.0,-1.0,-1.0,-1.0,-1.0
266.0,-1.0,-1.0,-1.0,-1.0,-1.0
267.0,-1.0,43.26044764787709,904.0,21.62680838500148,7.261406437398698
268.0,-1.0,-1.0,-1.0,-1.0,-1.0
269.0,-1.0,-1.0,-1.0,-1.0,-1.0
270.0,8.0,129.88757464,6815.0,32.211396516090936,15.876668264871306
271.0,-1.0,-1.0,-1.0,-1.0,-1.0
273.0,-1.0,-1.0,-1.0,-1.0,-1.0
274.0,145.0,176.40638858738205,145.0,157.70593445527015,8.628877186423372
275.0,-1.0,-1.0,-1.0,-1.0,-1.0
276.0,-1.0,-1.0,-1.0,-1.0,-1.0
277.0,-1.0,98.2099860163242,3726.0,39.533510481251845,4.854640828042437
278.0,-1.0,-1.0,-1.0,-1.0,-1.0
279.0,0.0,64.48378872,2728.0,32.226158842633595,9.810583543232875
280.0,1.0,56.14158694,445.0,28.07794508414526,5.932406800556186
281.0,-1.0,-1.0,-1.0,-1.0,-1.0
283.0,-1.0,-1.0,-1.0,-1.0,-1.0
284.0,-1.0,51.621954271620005,1348.0,25.804546796575142,10.07762310286241
285.0,-1.0,-1.0,-1.0,-1.0,-1.0
286.0,3.0,64.61425450613409,565.0,32.29997047534691,8.053575571455802
287.0,-1.0,-1.0,-1.0,-1.0,-1.0
288.0,-1.0,-1.0,-1.0,-1.0,-1.0
289.0,-1.0,80.70816086883923,2281.0,40.34543844109832,7.048034215307055
290.0,-1.0,-1.0,-1.0,-1.0,-1.0
291.0,-1.0,-1.0,-1.0,-1.0,-1.0
293.0,-1.0,-1.0,-1.0,-1.0,-1.0
294.0,-1.0,-1.0,-1.0,-1.0,-1.0
295.0,-1.0,-1.0,-1.0,-1.0,-1.0
296.0,69.0,36.7648697812698,4363.0,18.364334219072926,4.5587645888220605
297.0,-1.0,77.01342227247034,967.0,38.50014762326543,7.481773233097674
298.0,-1.0,-1.0,-1.0,-1.0,-1.0
299.0,-1.0,-1.0,-1.0,-1.0,-1.0
300.0,2.0,139.12340689,1243.0,62.252731030410395,8.256320882730064
301.0,-1.0,-1.0,-1.0,-1.0,-1.0
302.0,-1.0,-1.0,-1.0,-1.0,-1.0
303.0,76.0,51.395082297067326,76.0,186.9058163566578,11.3991058407817
304.0,-1.0,-1.0,-1.0,-1.0,-1.0
305.0,0.0,127.05763014,381.0,34.95718925302628,10.148482216268041
306.0,-1.0,-1.0,-1.0,-1.0,-1.0
307.0,-1.0,-1.0,-1.0,-1.0,-1.0
308.0,-1.0,102.90577079736029,1571.0,51.44670800118099,3.8206108841891613
309.0,-1.0,-1.0,-1.0,-1.0,-1.0
310.0,-1.0,-1.0,-1.0,-1.0,-1.0
311.0,-1.0,-1.0,-1.0,-1.0,-1.0
312.0,-1.0,-1.0,-1.0,-1.0,-1.0
313.0,1.0,254.98710124,666.0,79.56894006495423,10.453461986196325
314.0,-1.0,-1.0,-1.0,-1.0,-1.0
315.0,7.0,71.53562916374462,7.0,442.24977856510185,13.067364391255067
316.0,52.0,149.9803326,183.0,49.89666371420135,9.09061086404607
317.0,-1.0,-1.0,-1.0,-1.0,-1.0
318.0,-1.0,-1.0,-1.0,-1.0,-1.0
319.0,-1.0,-1.0,-1.0,-1.0,-1.0
320.0,-1.0,-1.0,-1.0,-1.0,-1.0
321.0,-1.0,102.3797115269717,1090.0,51.18098612341305,5.7919434132407615
322.0,-1.0,-1.0,-1.0,-1.0,-1.0
323.0,-1.0,-1.0,-1.0,-1.0,-1.0
324.0,-1.0,-1.0,-1.0,-1.0,-1.0
325.0,30.0,56.939551034255295,30.0,244.8479480366106,10.428438335232283
326.0,-1.0,-1.0,-1.0,-1.0,-1.0
327.0,-1.0,-1.0,-1.0,-1.0,-1.0
328.0,77.0,37.48931424448169,77.0,185.44434602893418,9.698520663478307
329.0,2.0,93.9571656,165.0,85.06052553882492,8.898853306713862
330.0,-1.0,-1.0,-1.0,-1.0,-1.0
331.0,-1.0,-1.0,-1.0,-1.0,-1.0
332.0,8.0,164.66673938,786.0,66.71095364629466,12.661911115139988
333.0,8.0,47.39880947,3243.0,22.099202834366697,5.680698268667154
334.0,-1.0,-1.0,-1.0,-1.0,-1.0
335.0,-1.0,-1.0,-1.0,-1.0,-1.0
336.0,-1.0,-1.0,-1.0,-1.0,-1.0
337.0,-1.0,-1.0,-1.0,-1.0,-1.0
338.0,11.0,45.22653243612719,6871.0,22.601121936817243,4.834145515485153
339.0,-1.0,-1.0,-1.0,-1.0,-1.0
340.0,3.0,56.44645778,6272.0,28.181281369943903,13.139581186080317
341.0,-1.0,63.00423253230018,1968.0,31.502804842043105,4.150122422935189
342.0,-1.0,-1.0,-1.0,-1.0,-1.0
343.0,-1.0,-1.0,-1.0,-1.0,-1.0
344.0,-1.0,-1.0,-1.0,-1.0,-1.0
345.0,-1.0,86.70401999587162,1015.0,43.3569530558016,4.385306832915994
346.0,-1.0,-1.0,-1.0,-1.0,-1.0
347.0,-1.0,-1.0,-1.0,-1.0,-1.0
348.0,54.0,45.544089268850115,54.0,211.51461470327723,9.767099675311819
349.0,5.0,21302.95325746,1996.0,52.87865367581931,3.4171054728783616
350.0,-1.0,-1.0,-1.0,-1.0,-1.0
351.0,-1.0,-1.0,-1.0,-1.0,-1.0
352.0,27.0,58.579678993185645,27.0,261.98700915264243,8.115393441504903
353.0,-1.0,-1.0,-1.0,-1.0,-1.0
354.0,-1.0,-1.0,-1.0,-1.0,-1.0
355.0,-1.0,-1.0,-1.0,-1.0,-1.0
356.0,-1.0,-1.0,-1.0,-1.0,-1.0
357.0,-1.0,-1.0,-1.0,-1.0,-1.0
358.0,-1.0,-1.0,-1.0,-1.0,-1.0
359.0,54.0,69.39263367,1340.0,34.69146737525834,5.366161828275309
360.0,-1.0,-1.0,-1.0,-1.0,-1.0
361.0,-1.0,-1.0,-1.0,-1.0,-1.0
362.0,-1.0,-1.0,-1.0,-1.0,-1.0
363.0,-1.0,-1.0,-1.0,-1.0,-1.0
364.0,-1.0,-1.0,-1.0,-1.0,-1.0
365.0,3.0,154.33579494,11441.0,26.35075287865368,4.691280313146996
366.0,-1.0,-1.0,-1.0,-1.0,-1.0
367.0,19.0,186.7607236,17588.0,21.70062001771479,8.677483297695863
368.0,-1.0,-1.0,-1.0,-1.0,-1.0
369.0,-1.0,79.24193438353825,989.0,39.62208444050783,7.480778846633225
370.0,38.0,55.07368429,640.0,27.531739002066722,7.520924457091307
371.0,-1.0,-1.0,-1.0,-1.0,-1.0
372.0,67.0,36.1742549,1404.0,18.083850014762326,7.583000283551098
373.0,-1.0,-1.0,-1.0,-1.0,-1.0
374.0,-1.0,-1.0,-1.0,-1.0,-1.0
376.0,-1.0,63.04549904780644,1133.0,31.51756716858577,7.636651620656149
377.0,-1.0,-1.0,-1.0,-1.0,-1.0
378.0,-1.0,45.10947483780394,941.0,22.556834957189253,6.670087685041802
380.0,-1.0,-1.0,-1.0,-1.0,-1.0
381.0,0.0,69.90497359,125.0,19.589607322113963,5.21907037123186
382.0,-1.0,-1.0,-1.0,-1.0,-1.0
383.0,0.0,70.67555073,125.0,19.589607322113963,5.21907037123186
384.0,195.0,112.09886232,2294.0,40.99498080897549,4.232147408256819
385.0,-1.0,55.33106756128228,1715.0,27.66459994095069,3.91223975593992
386.0,-1.0,-1.0,-1.0,-1.0,-1.0
387.0,-1.0,-1.0,-1.0,-1.0,-1.0
388.0,3.0,202.86041559,365.0,89.07587835842929,7.5280447254880825
389.0,-1.0,-1.0,-1.0,-1.0,-1.0
390.0,-1.0,-1.0,-1.0,-1.0,-1.0
391.0,-1.0,-1.0,-1.0,-1.0,-1.0
392.0,-1.0,-1.0,-1.0,-1.0,-1.0
393.0,-1.0,-1.0,-1.0,-1.0,-1.0
394.0,-1.0,-1.0,-1.0,-1.0,-1.0
395.0,-1.0,-1.0,-1.0,-1.0,-1.0
396.0,-1.0,-1.0,-1.0,-1.0,-1.0
397.0,10.0,360.94830633858993,10.0,391.91024505462065,21.52470264417007
398.0,-1.0,-1.0,-1.0,-1.0,-1.0
399.0,104.0,81.52542515,4114.0,37.540596397992324,4.954295908258254
400.0,-1.0,-1.0,-1.0,-1.0,-1.0
401.0,-1.0,-1.0,-1.0,-1.0,-1.0
402.0,-1.0,-1.0,-1.0,-1.0,-1.0
403.0,-1.0,-1.0,-1.0,-1.0,-1.0
404.0,49.0,86.97904294,1114.0,43.48981399468556,6.842710404251898
405.0,-1.0,-1.0,-1.0,-1.0,-1.0
406.0,2.0,45.86893119220396,2.0,608.5769117212873,44.75454495770237
407.0,-1.0,-1.0,-1.0,-1.0,-1.0
408.0,-1.0,-1.0,-1.0,-1.0,-1.0
409.0,-1.0,-1.0,-1.0,-1.0,-1.0
410.0,-1.0,-1.0,-1.0,-1.0,-1.0
411.0,-1.0,-1.0,-1.0,-1.0,-1.0
412.0,-1.0,-1.0,-1.0,-1.0,-1.0
413.0,0.0,42.59474815,9973.0,21.287274874520225,10.686104264123658
414.0,68.0,60.2261464474331,68.0,193.01741954532034,9.222518895945903
415.0,-1.0,-1.0,-1.0,-1.0,-1.0
416.0,-1.0,-1.0,-1.0,-1.0,-1.0
417.0,-1.0,-1.0,-1.0,-1.0,-1.0
418.0,-1.0,-1.0,-1.0,-1.0,-1.0
419.0,-1.0,-1.0,-1.0,-1.0,-1.0
420.0,-1.0,-1.0,-1.0,-1.0,-1.0
421.0,-1.0,-1.0,-1.0,-1.0,-1.0
422.0,-1.0,-1.0,-1.0,-1.0,-1.0
423.0,-1.0,-1.0,-1.0,-1.0,-1.0
424.0,-1.0,-1.0,-1.0,-1.0,-1.0
425.0,-1.0,-1.0,-1.0,-1.0,-1.0
426.0,-1.0,-1.0,-1.0,-1.0,-1.0
427.0,-1.0,115.958157526653,1204.0,57.97165633303809,4.855678571208315
428.0,-1.0,-1.0,-1.0,-1.0,-1.0
429.0,-1.0,-1.0,-1.0,-1.0,-1.0
430.0,-1.0,-1.0,-1.0,-1.0,-1.0
431.0,-1.0,-1.0,-1.0,-1.0,-1.0
432.0,-1.0,-1.0,-1.0,-1.0,-1.0
433.0,143.0,98.44557535372887,143.0,146.22084440507822,8.796748199442957
434.0,-1.0,-1.0,-1.0,-1.0,-1.0
435.0,-1.0,-1.0,-1.0,-1.0,-1.0
436.0,14.0,295.11000479,162.0,2.9672276350752878,1.511537004021527
437.0,-1.0,-1.0,-1.0,-1.0,-1.0
438.0,-1.0,-1.0,-1.0,-1.0,-1.0
439.0,-1.0,-1.0,-1.0,-1.0,-1.0
440.0,-1.0,-1.0,-1.0,-1.0,-1.0
441.0,-1.0,-1.0,-1.0,-1.0,-1.0
442.0,-1.0,-1.0,-1.0,-1.0,-1.0
443.0,21.0,125.11786594,3454.0,31.05993504576321,12.284024075528176
444.0,-1.0,-1.0,-1.0,-1.0,-1.0
445.0,1.0,56.14158694,280.0,91.33451431945674,54.73029420330392
446.0,-1.0,-1.0,-1.0,-1.0,-1.0
447.0,-1.0,-1.0,-1.0,-1.0,-1.0
448.0,-1.0,-1.0,-1.0,-1.0,-1.0
449.0,-1.0,-1.0,-1.0,-1.0,-1.0
450.0,-1.0,-1.0,-1.0,-1.0,-1.0
451.0,-1.0,-1.0,-1.0,-1.0,-1.0
452.0,-1.0,-1.0,-1.0,-1.0,-1.0
453.0,115.0,100.31607234730156,1085.0,50.14762326542663,5.137375316436209
454.0,-1.0,-1.0,-1.0,-1.0,-1.0
455.0,-1.0,-1.0,-1.0,-1.0,-1.0
456.0,-1.0,-1.0,-1.0,-1.0,-1.0
457.0,14.0,180.55234982,162.0,2.9672276350752878,1.511537004021527
458.0,-1.0,-1.0,-1.0,-1.0,-1.0
459.0,-1.0,-1.0,-1.0,-1.0,-1.0
460.0,-1.0,-1.0,-1.0,-1.0,-1.0
462.0,0.0,147.40056006,1492.0,52.52435783879539,12.743886302449761
463.0,-1.0,-1.0,-1.0,-1.0,-1.0
464.0,-1.0,-1.0,-1.0,-1.0,-1.0
465.0,-1.0,57.099372779032066,2862.0,28.55033953351048,5.130608100676382
466.0,-1.0,-1.0,-1.0,-1.0,-1.0
467.0,-1.0,109.91131797571751,1311.0,54.9601417183348,5.556574885445142
468.0,-1.0,-1.0,-1.0,-1.0,-1.0
469.0,12.0,21753.07485061,242.0,55.89016829052259,6.932092351774472
470.0,-1.0,-1.0,-1.0,-1.0,-1.0
471.0,70.0,158.0106547740548,70.0,192.81074697372307,16.682116883842127
472.0,-1.0,-1.0,-1.0,-1.0,-1.0
473.0,-1.0,-1.0,-1.0,-1.0,-1.0
474.0,-1.0,-1.0,-1.0,-1.0,-1.0
475.0,-1.0,-1.0,-1.0,-1.0,-1.0
476.0,-1.0,-1.0,-1.0,-1.0,-1.0
477.0,-1.0,-1.0,-1.0,-1.0,-1.0
478.0,3.0,67.2528373273567,975.0,33.6285798641866,7.469237669107182
479.0,239.0,101.82162772206243,239.0,113.49276645999409,10.009235972350616
480.0,-1.0,-1.0,-1.0,-1.0,-1.0
481.0,-1.0,-1.0,-1.0,-1.0,-1.0
482.0,10.0,393.1364473548728,10.0,391.91024505462065,21.52470264417007
483.0,-1.0,-1.0,-1.0,-1.0,-1.0
484.0,25.0,187.10062627317126,25.0,264.3489813994685,11.872090790916076
485.0,-1.0,-1.0,-1.0,-1.0,-1.0
486.0,-1.0,-1.0,-1.0,-1.0,-1.0
487.0,-1.0,-1.0,-1.0,-1.0,-1.0
488.0,-1.0,-1.0,-1.0,-1.0,-1.0
490.0,-1.0,-1.0,-1.0,-1.0,-1.0
491.0,-1.0,-1.0,-1.0,-1.0,-1.0
492.0,53.0,207.38078945949547,53.0,212.14939474461175,5.642171926086948
493.0,-1.0,-1.0,-1.0,-1.0,-1.0
494.0,-1.0,-1.0,-1.0,-1.0,-1.0
495.0,63.0,19.134527048957924,63.0,208.26690286389137,7.437140220011488
496.0,-1.0,-1.0,-1.0,-1.0,-1.0
497.0,4.0,104.94008444,4734.0,37.14201358134042,9.897735565015196
498.0,-1.0,-1.0,-1.0,-1.0,-1.0
499.0,5.0,177.17913663,10473.0,27.192205491585476,4.923868424623804
500.0,0.0,169.29234291,3005.0,44.77413640389725,4.663367671422084
501.0,0.0,240.76761458,227.0,130.55801594331265,3.2580887310173265
503.0,-1.0,-1.0,-1.0,-1.0,-1.0
505.0,-1.0,-1.0,-1.0,-1.0,-1.0
506.0,-1.0,-1.0,-1.0,-1.0,-1.0
507.0,-1.0,-1.0,-1.0,-1.0,-1.0
508.0,-1.0,-1.0,-1.0,-1.0,-1.0
509.0,-1.0,-1.0,-1.0,-1.0,-1.0
510.0,-1.0,-1.0,-1.0,-1.0,-1.0
512.0,103.0,105.44850219900722,103.0,159.94980808975492,9.478783551576619
513.0,-1.0,-1.0,-1.0,-1.0,-1.0
514.0,-1.0,-1.0,-1.0,-1.0,-1.0
515.0,-1.0,-1.0,-1.0,-1.0,-1.0
516.0,-1.0,-1.0,-1.0,-1.0,-1.0
517.0,195.0,163.53638544,384.0,84.55860643637438,9.647026413217004
518.0,-1.0,-1.0,-1.0,-1.0,-1.0
519.0,-1.0,-1.0,-1.0,-1.0,-1.0
520.0,-1.0,-1.0,-1.0,-1.0,-1.0
521.0,-1.0,-1.0,-1.0,-1.0,-1.0
522.0,-1.0,-1.0,-1.0,-1.0,-1.0
523.0,-1.0,-1.0,-1.0,-1.0,-1.0
524.0,-1.0,-1.0,-1.0,-1.0,-1.0
525.0,-1.0,-1.0,-1.0,-1.0,-1.0
526.0,-1.0,-1.0,-1.0,-1.0,-1.0
527.0,-1.0,-1.0,-1.0,-1.0,-1.0
528.0,-1.0,-1.0,-1.0,-1.0,-1.0
529.0,-1.0,-1.0,-1.0,-1.0,-1.0
530.0,-1.0,-1.0,-1.0,-1.0,-1.0
532.0,-1.0,-1.0,-1.0,-1.0,-1.0
533.0,-1.0,-1.0,-1.0,-1.0,-1.0
534.0,62.0,65.0201870851417,62.0,194.86271036315324,12.232120852310052
535.0,-1.0,-1.0,-1.0,-1.0,-1.0
536.0,-1.0,-1.0,-1.0,-1.0,-1.0
537.0,-1.0,-1.0,-1.0,-1.0,-1.0
538.0,-1.0,-1.0,-1.0,-1.0,-1.0
539.0,-1.0,-1.0,-1.0,-1.0,-1.0
541.0,-1.0,-1.0,-1.0,-1.0,-1.0
542.0,-1.0,-1.0,-1.0,-1.0,-1.0
543.0,-1.0,-1.0,-1.0,-1.0,-1.0
544.0,-1.0,-1.0,-1.0,-1.0,-1.0
545.0,-1.0,-1.0,-1.0,-1.0,-1.0
546.0,-1.0,-1.0,-1.0,-1.0,-1.0
547.0,-1.0,-1.0,-1.0,-1.0,-1.0
548.0,-1.0,-1.0,-1.0,-1.0,-1.0
549.0,-1.0,-1.0,-1.0,-1.0,-1.0
550.0,-1.0,-1.0,-1.0,-1.0,-1.0
552.0,-1.0,-1.0,-1.0,-1.0,-1.0
553.0,-1.0,-1.0,-1.0,-1.0,-1.0
554.0,-1.0,85.45108965603886,1176.0,42.72217301446708,7.217067728649868
555.0,-1.0,-1.0,-1.0,-1.0,-1.0
556.0,-1.0,-1.0,-1.0,-1.0,-1.0
557.0,91.0,172.2042835143721,91.0,171.12488928255092,7.065586745830256
558.0,-1.0,85.14610648566436,3488.0,41.58547387068202,4.677991802652025
559.0,-1.0,-1.0,-1.0,-1.0,-1.0
560.0,-1.0,-1.0,-1.0,-1.0,-1.0
561.0,-1.0,-1.0,-1.0,-1.0,-1.0
562.0,19.0,124.90336849,181.0,60.87983466194272,8.143366252094642
563.0,-1.0,-1.0,-1.0,-1.0,-1.0
564.0,117.0,179.85405486746438,117.0,167.74431650428107,4.188312998709948
565.0,286.0,64.61425450613409,286.0,107.44021257750222,7.902196312117658
566.0,-1.0,-1.0,-1.0,-1.0,-1.0
567.0,-1.0,-1.0,-1.0,-1.0,-1.0
568.0,-1.0,-1.0,-1.0,-1.0,-1.0
569.0,-1.0,-1.0,-1.0,-1.0,-1.0
570.0,7.0,93.13740451,2368.0,46.54561558901683,9.375994204679373
572.0,-1.0,-1.0,-1.0,-1.0,-1.0
573.0,-1.0,-1.0,-1.0,-1.0,-1.0
574.0,-1.0,-1.0,-1.0,-1.0,-1.0
575.0,1.0,274.23825162,2239.0,37.481547091821675,14.585976512757771
576.0,6.0,280.66473825,8604.0,29.111307942131678,7.31539135898577
577.0,-1.0,-1.0,-1.0,-1.0,-1.0
578.0,-1.0,-1.0,-1.0,-1.0,-1.0
579.0,-1.0,-1.0,-1.0,-1.0,-1.0
580.0,-1.0,-1.0,-1.0,-1.0,-1.0
581.0,-1.0,-1.0,-1.0,-1.0,-1.0
582.0,-1.0,-1.0,-1.0,-1.0,-1.0
583.0,-1.0,-1.0,-1.0,-1.0,-1.0
584.0,-1.0,-1.0,-1.0,-1.0,-1.0
585.0,2.0,162.70424877,2884.0,45.14319456746383,5.151575614683504
586.0,-1.0,-1.0,-1.0,-1.0,-1.0
587.0,-1.0,-1.0,-1.0,-1.0,-1.0
588.0,-1.0,-1.0,-1.0,-1.0,-1.0
589.0,-1.0,-1.0,-1.0,-1.0,-1.0
590.0,-1.0,67.05435588749657,1345.0,33.52524357838796,4.423020469138681
591.0,-1.0,-1.0,-1.0,-1.0,-1.0
592.0,-1.0,-1.0,-1.0,-1.0,-1.0
593.0,-1.0,-1.0,-1.0,-1.0,-1.0
594.0,-1.0,-1.0,-1.0,-1.0,-1.0
595.0,5.0,191.22114707,3521.0,41.54118689105403,10.40534756704864
596.0,72.0,195.67225076422199,72.0,196.0289341600236,8.545808596665733
597.0,-1.0,-1.0,-1.0,-1.0,-1.0
598.0,-1.0,-1.0,-1.0,-1.0,-1.0
599.0,-1.0,-1.0,-1.0,-1.0,-1.0
600.0,-1.0,-1.0,-1.0,-1.0,-1.0
601.0,20.0,224.30180187327733,20.0,286.3448479480366,12.871478480843734
602.0,2.0,200.46314408,585.0,74.71213463241807,9.934859508053385
603.0,-1.0,-1.0,-1.0,-1.0,-1.0
604.0,-1.0,-1.0,-1.0,-1.0,-1.0
606.0,-1.0,-1.0,-1.0,-1.0,-1.0
607.0,-1.0,-1.0,-1.0,-1.0,-1.0
608.0,-1.0,-1.0,-1.0,-1.0,-1.0
609.0,138.0,74.19494566,1272.0,37.09772660171243,3.847645582802712
610.0,-1.0,65.26498096466055,1518.0,32.624741659285505,1.838950237002241
611.0,-1.0,-1.0,-1.0,-1.0,-1.0
612.0,-1.0,-1.0,-1.0,-1.0,-1.0
613.0,-1.0,-1.0,-1.0,-1.0,-1.0
614.0,40.0,165.3976731466416,40.0,244.92175966932388,3.660304108795396
615.0,57.0,121.2586292133692,57.0,207.4549749040449,13.014051511800073
616.0,-1.0,-1.0,-1.0,-1.0,-1.0
617.0,-1.0,-1.0,-1.0,-1.0,-1.0
618.0,-1.0,-1.0,-1.0,-1.0,-1.0
619.0,-1.0,-1.0,-1.0,-1.0,-1.0
620.0,-1.0,-1.0,-1.0,-1.0,-1.0
621.0,-1.0,-1.0,-1.0,-1.0,-1.0
622.0,-1.0,-1.0,-1.0,-1.0,-1.0
623.0,-1.0,-1.0,-1.0,-1.0,-1.0
624.0,118.0,152.91289578576163,118.0,156.61352229111307,10.781166935763983
625.0,141.0,49.246550738316536,141.0,146.84086211987008,8.6300694847352
626.0,-1.0,-1.0,-1.0,-1.0,-1.0
627.0,-1.0,-1.0,-1.0,-1.0,-1.0
628.0,-1.0,-1.0,-1.0,-1.0,-1.0
629.0,-1.0,-1.0,-1.0,-1.0,-1.0
631.0,-1.0,-1.0,-1.0,-1.0,-1.0
632.0,-1.0,-1.0,-1.0,-1.0,-1.0
633.0,-1.0,-1.0,-1.0,-1.0,-1.0
634.0,-1.0,-1.0,-1.0,-1.0,-1.0
636.0,0.0,234.98385146,2783.0,46.16179509890759,3.861621817517377
637.0,-1.0,-1.0,-1.0,-1.0,-1.0
638.0,-1.0,-1.0,-1.0,-1.0,-1.0
639.0,-1.0,-1.0,-1.0,-1.0,-1.0
640.0,38.0,55.07368429,370.0,58.562149394744615,8.927167717863203
641.0,-1.0,-1.0,-1.0,-1.0,-1.0
642.0,-1.0,-1.0,-1.0,-1.0,-1.0
643.0,32.0,118.96145895738964,32.0,254.82728077945086,6.330282372449744
644.0,-1.0,-1.0,-1.0,-1.0,-1.0
645.0,-1.0,-1.0,-1.0,-1.0,-1.0
646.0,-1.0,-1.0,-1.0,-1.0,-1.0
647.0,6.0,169.63800769,1177.0,63.979923235901985,4.027046205896641
648.0,-1.0,-1.0,-1.0,-1.0,-1.0
649.0,-1.0,-1.0,-1.0,-1.0,-1.0
650.0,87.0,32.056126678465205,87.0,181.3404192500738,9.911963455160851
651.0,-1.0,-1.0,-1.0,-1.0,-1.0
652.0,-1.0,22.780640164124666,2327.0,11.39651609093593,5.504860742556545
653.0,-1.0,-1.0,-1.0,-1.0,-1.0
655.0,-1.0,-1.0,-1.0,-1.0,-1.0
656.0,-1.0,-1.0,-1.0,-1.0,-1.0
658.0,-1.0,-1.0,-1.0,-1.0,-1.0
659.0,-1.0,-1.0,-1.0,-1.0,-1.0
660.0,6.0,281.02402332,4063.0,39.489223501623854,4.109981140453221
661.0,-1.0,-1.0,-1.0,-1.0,-1.0
663.0,-1.0,-1.0,-1.0,-1.0,-1.0
664.0,42.0,265.81758500851384,42.0,237.67345733687628,10.685184464106266
665.0,-1.0,-1.0,-1.0,-1.0,-1.0
666.0,1.0,254.98710124,313.0,91.45261293179806,6.845656401248617
667.0,-1.0,-1.0,-1.0,-1.0,-1.0
668.0,-1.0,-1.0,-1.0,-1.0,-1.0
669.0,-1.0,-1.0,-1.0,-1.0,-1.0
670.0,-1.0,-1.0,-1.0,-1.0,-1.0
671.0,-1.0,-1.0,-1.0,-1.0,-1.0
672.0,-1.0,-1.0,-1.0,-1.0,-1.0
673.0,-1.0,-1.0,-1.0,-1.0,-1.0
674.0,1.0,115.46755363,31.0,30.129908473575437,10.438357013293633
675.0,-1.0,-1.0,-1.0,-1.0,-1.0
676.0,129.0,37.20568015943915,129.0,154.23678771774433,6.502703077131558
677.0,-1.0,-1.0,-1.0,-1.0,-1.0
678.0,-1.0,-1.0,-1.0,-1.0,-1.0
679.0,-1.0,-1.0,-1.0,-1.0,-1.0
680.0,-1.0,-1.0,-1.0,-1.0,-1.0
681.0,-1.0,-1.0,-1.0,-1.0,-1.0
682.0,71.0,6.627856351109978,71.0,188.1458517862415,3.901690058153773
683.0,105.0,81.866050920254,105.0,161.2488928255093,5.769287247501137
685.0,-1.0,-1.0,-1.0,-1.0,-1.0
686.0,-1.0,-1.0,-1.0,-1.0,-1.0
687.0,-1.0,-1.0,-1.0,-1.0,-1.0
688.0,-1.0,-1.0,-1.0,-1.0,-1.0
689.0,-1.0,-1.0,-1.0,-1.0,-1.0
690.0,-1.0,-1.0,-1.0,-1.0,-1.0
691.0,-1.0,-1.0,-1.0,-1.0,-1.0
692.0,-1.0,-1.0,-1.0,-1.0,-1.0
693.0,-1.0,-1.0,-1.0,-1.0,-1.0
694.0,-1.0,-1.0,-1.0,-1.0,-1.0
695.0,-1.0,-1.0,-1.0,-1.0,-1.0
696.0,-1.0,-1.0,-1.0,-1.0,-1.0
697.0,-1.0,-1.0,-1.0,-1.0,-1.0
699.0,-1.0,-1.0,-1.0,-1.0,-1.0
700.0,-1.0,-1.0,-1.0,-1.0,-1.0
701.0,-1.0,-1.0,-1.0,-1.0,-1.0
702.0,-1.0,-1.0,-1.0,-1.0,-1.0
703.0,-1.0,-1.0,-1.0,-1.0,-1.0
704.0,5.0,78.25809835,98.0,17.611455565397105,5.788886095794841
705.0,1.0,184.64398291,445.0,28.07794508414526,5.932406800556186
706.0,-1.0,-1.0,-1.0,-1.0,-1.0
707.0,11.0,207.22145424,3934.0,40.256864481842335,7.251333345555444
708.0,6.0,196.15871786,7689.0,30.33658104517272,7.836489859491758
709.0,-1.0,-1.0,-1.0,-1.0,-1.0
712.0,-1.0,-1.0,-1.0,-1.0,-1.0
713.0,-1.0,-1.0,-1.0,-1.0,-1.0
714.0,-1.0,-1.0,-1.0,-1.0,-1.0
716.0,-1.0,-1.0,-1.0,-1.0,-1.0
717.0,-1.0,-1.0,-1.0,-1.0,-1.0
718.0,-1.0,-1.0,-1.0,-1.0,-1.0
719.0,-1.0,-1.0,-1.0,-1.0,-1.0
720.0,2.0,199.26429233,2585.0,47.54945379391792,5.369251864555777
721.0,-1.0,-1.0,-1.0,-1.0,-1.0
723.0,-1.0,-1.0,-1.0,-1.0,-1.0
724.0,-1.0,-1.0,-1.0,-1.0,-1.0
725.0,-1.0,-1.0,-1.0,-1.0,-1.0
726.0,-1.0,-1.0,-1.0,-1.0,-1.0
727.0,-1.0,-1.0,-1.0,-1.0,-1.0
728.0,-1.0,-1.0,-1.0,-1.0,-1.0
729.0,-1.0,-1.0,-1.0,-1.0,-1.0
730.0,-1.0,-1.0,-1.0,-1.0,-1.0
731.0,-1.0,-1.0,-1.0,-1.0,-1.0
732.0,-1.0,-1.0,-1.0,-1.0,-1.0
733.0,-1.0,-1.0,-1.0,-1.0,-1.0
734.0,-1.0,-1.0,-1.0,-1.0,-1.0
735.0,-1.0,-1.0,-1.0,-1.0,-1.0
736.0,-1.0,-1.0,-1.0,-1.0,-1.0
737.0,3.0,162.92184048,865.0,31.916149985237674,8.66643367864953
738.0,-1.0,-1.0,-1.0,-1.0,-1.0
740.0,-1.0,-1.0,-1.0,-1.0,-1.0
741.0,-1.0,-1.0,-1.0,-1.0,-1.0
742.0,-1.0,-1.0,-1.0,-1.0,-1.0
743.0,-1.0,-1.0,-1.0,-1.0,-1.0
744.0,-1.0,-1.0,-1.0,-1.0,-1.0
745.0,-1.0,-1.0,-1.0,-1.0,-1.0
746.0,3.0,212.20983806,815.0,66.72571597283732,10.74642417158132
747.0,21.0,131.93677427747804,21.0,281.945674638323,5.527949300985606
748.0,163.0,29.081733277703005,163.0,142.01358134041925,6.684239999491422
749.0,-1.0,-1.0,-1.0,-1.0,-1.0
750.0,-1.0,-1.0,-1.0,-1.0,-1.0
751.0,63.0,109.66031327793402,63.0,208.26690286389137,7.437140220011488
752.0,-1.0,-1.0,-1.0,-1.0,-1.0
753.0,-1.0,-1.0,-1.0,-1.0,-1.0
754.0,-1.0,-1.0,-1.0,-1.0,-1.0
755.0,-1.0,-1.0,-1.0,-1.0,-1.0
756.0,-1.0,-1.0,-1.0,-1.0,-1.0
757.0,-1.0,-1.0,-1.0,-1.0,-1.0
758.0,-1.0,-1.0,-1.0,-1.0,-1.0
759.0,-1.0,-1.0,-1.0,-1.0,-1.0
761.0,-1.0,-1.0,-1.0,-1.0,-1.0
762.0,-1.0,-1.0,-1.0,-1.0,-1.0
763.0,-1.0,-1.0,-1.0,-1.0,-1.0
764.0,-1.0,-1.0,-1.0,-1.0,-1.0
765.0,-1.0,-1.0,-1.0,-1.0,-1.0
766.0,-1.0,-1.0,-1.0,-1.0,-1.0
767.0,-1.0,-1.0,-1.0,-1.0,-1.0
768.0,-1.0,-1.0,-1.0,-1.0,-1.0
769.0,-1.0,-1.0,-1.0,-1.0,-1.0
770.0,-1.0,-1.0,-1.0,-1.0,-1.0
771.0,-1.0,-1.0,-1.0,-1.0,-1.0
772.0,-1.0,-1.0,-1.0,-1.0,-1.0
773.0,-1.0,-1.0,-1.0,-1.0,-1.0
774.0,-1.0,-1.0,-1.0,-1.0,-1.0
775.0,-1.0,-1.0,-1.0,-1.0,-1.0
776.0,-1.0,-1.0,-1.0,-1.0,-1.0
778.0,-1.0,-1.0,-1.0,-1.0,-1.0
779.0,-1.0,-1.0,-1.0,-1.0,-1.0
780.0,-1.0,-1.0,-1.0,-1.0,-1.0
781.0,15.0,73.96927701,2044.0,36.979627989371124,3.4811224060868007
782.0,-1.0,-1.0,-1.0,-1.0,-1.0
783.0,-1.0,-1.0,-1.0,-1.0,-1.0
784.0,-1.0,-1.0,-1.0,-1.0,-1.0
786.0,8.0,113.10917473,3468.0,41.423088278712726,8.148203948410613
787.0,16.0,182.44888773,1883.0,42.82550930026572,20.745403328880933
788.0,17.0,210.93729579,3018.0,44.68556244464128,6.228105628152416
789.0,-1.0,-1.0,-1.0,-1.0,-1.0
790.0,-1.0,-1.0,-1.0,-1.0,-1.0
791.0,-1.0,-1.0,-1.0,-1.0,-1.0
792.0,-1.0,-1.0,-1.0,-1.0,-1.0
793.0,-1.0,-1.0,-1.0,-1.0,-1.0
794.0,-1.0,-1.0,-1.0,-1.0,-1.0
795.0,-1.0,-1.0,-1.0,-1.0,-1.0
796.0,-1.0,-1.0,-1.0,-1.0,-1.0
798.0,-1.0,-1.0,-1.0,-1.0,-1.0
800.0,-1.0,-1.0,-1.0,-1.0,-1.0
801.0,-1.0,-1.0,-1.0,-1.0,-1.0
802.0,-1.0,-1.0,-1.0,-1.0,-1.0
803.0,-1.0,-1.0,-1.0,-1.0,-1.0
804.0,-1.0,-1.0,-1.0,-1.0,-1.0
805.0,-1.0,-1.0,-1.0,-1.0,-1.0
806.0,1.0,150.23469025,3452.0,41.526424564511366,25.581353784385186
807.0,-1.0,-1.0,-1.0,-1.0,-1.0
809.0,-1.0,-1.0,-1.0,-1.0,-1.0
810.0,80.0,44.423859363602546,80.0,185.00147623265426,6.595878113158871
811.0,-1.0,-1.0,-1.0,-1.0,-1.0
812.0,-1.0,-1.0,-1.0,-1.0,-1.0
813.0,-1.0,-1.0,-1.0,-1.0,-1.0
814.0,-1.0,-1.0,-1.0,-1.0,-1.0
815.0,3.0,212.20983806,746.0,62.99084735754355,11.200562154789159
816.0,-1.0,-1.0,-1.0,-1.0,-1.0
817.0,-1.0,-1.0,-1.0,-1.0,-1.0
818.0,-1.0,-1.0,-1.0,-1.0,-1.0
819.0,-1.0,-1.0,-1.0,-1.0,-1.0
820.0,-1.0,-1.0,-1.0,-1.0,-1.0
821.0,-1.0,-1.0,-1.0,-1.0,-1.0
822.0,-1.0,-1.0,-1.0,-1.0,-1.0
823.0,-1.0,-1.0,-1.0,-1.0,-1.0
825.0,-1.0,21.64346636718487,4126.0,10.82078535577207,4.451668977274609
826.0,-1.0,-1.0,-1.0,-1.0,-1.0
828.0,-1.0,-1.0,-1.0,-1.0,-1.0
829.0,-1.0,-1.0,-1.0,-1.0,-1.0
830.0,-1.0,-1.0,-1.0,-1.0,-1.0
831.0,-1.0,-1.0,-1.0,-1.0,-1.0
833.0,-1.0,-1.0,-1.0,-1.0,-1.0
835.0,-1.0,-1.0,-1.0,-1.0,-1.0
836.0,-1.0,-1.0,-1.0,-1.0,-1.0
837.0,-1.0,-1.0,-1.0,-1.0,-1.0
838.0,1.0,120.64839473,2429.0,48.80425155004429,8.31399974462346
839.0,-1.0,-1.0,-1.0,-1.0,-1.0
840.0,-1.0,-1.0,-1.0,-1.0,-1.0
841.0,-1.0,-1.0,-1.0,-1.0,-1.0
842.0,-1.0,-1.0,-1.0,-1.0,-1.0
843.0,-1.0,-1.0,-1.0,-1.0,-1.0
844.0,-1.0,-1.0,-1.0,-1.0,-1.0
845.0,-1.0,-1.0,-1.0,-1.0,-1.0
846.0,-1.0,-1.0,-1.0,-1.0,-1.0
847.0,-1.0,-1.0,-1.0,-1.0,-1.0
848.0,-1.0,-1.0,-1.0,-1.0,-1.0
850.0,-1.0,-1.0,-1.0,-1.0,-1.0
851.0,-1.0,-1.0,-1.0,-1.0,-1.0
852.0,-1.0,-1.0,-1.0,-1.0,-1.0
853.0,-1.0,-1.0,-1.0,-1.0,-1.0
854.0,-1.0,-1.0,-1.0,-1.0,-1.0
855.0,-1.0,-1.0,-1.0,-1.0,-1.0
856.0,-1.0,-1.0,-1.0,-1.0,-1.0
857.0,-1.0,-1.0,-1.0,-1.0,-1.0
859.0,-1.0,-1.0,-1.0,-1.0,-1.0
861.0,-1.0,-1.0,-1.0,-1.0,-1.0
862.0,-1.0,-1.0,-1.0,-1.0,-1.0
863.0,-1.0,-1.0,-1.0,-1.0,-1.0
864.0,-1.0,-1.0,-1.0,-1.0,-1.0
865.0,3.0,63.99316527603919,3.0,506.84971951579564,27.768490621677792
866.0,-1.0,-1.0,-1.0,-1.0,-1.0
867.0,-1.0,-1.0,-1.0,-1.0,-1.0
868.0,16.0,52.26402909,1700.0,26.12931798051373,5.76155472887995
869.0,-1.0,-1.0,-1.0,-1.0,-1.0
870.0,154.0,16.87269395558186,154.0,156.8497195157957,7.905276458979244
871.0,-1.0,-1.0,-1.0,-1.0,-1.0
872.0,-1.0,-1.0,-1.0,-1.0,-1.0
873.0,-1.0,-1.0,-1.0,-1.0,-1.0
874.0,138.0,97.27259816,609.0,75.34691467375258,4.061047407553335
875.0,-1.0,-1.0,-1.0,-1.0,-1.0
876.0,-1.0,-1.0,-1.0,-1.0,-1.0
877.0,-1.0,-1.0,-1.0,-1.0,-1.0
878.0,-1.0,-1.0,-1.0,-1.0,-1.0
880.0,-1.0,-1.0,-1.0,-1.0,-1.0
881.0,-1.0,-1.0,-1.0,-1.0,-1.0
882.0,-1.0,-1.0,-1.0,-1.0,-1.0
883.0,-1.0,-1.0,-1.0,-1.0,-1.0
884.0,-1.0,-1.0,-1.0,-1.0,-1.0
885.0,-1.0,-1.0,-1.0,-1.0,-1.0
886.0,-1.0,62.137552301335965,2909.0,31.045172719220552,3.8034991600806407
887.0,-1.0,-1.0,-1.0,-1.0,-1.0
888.0,-1.0,-1.0,-1.0,-1.0,-1.0
889.0,-1.0,-1.0,-1.0,-1.0,-1.0
890.0,11.0,132.04506677,6438.0,33.42190729258931,5.0540650127544335
892.0,2.0,276.99607366,329.0,46.97372305875406,7.6485818441102476
893.0,0.0,146.85263916,12140.0,24.785946265131383,5.20822066005292
894.0,-1.0,-1.0,-1.0,-1.0,-1.0
895.0,-1.0,-1.0,-1.0,-1.0,-1.0
896.0,-1.0,-1.0,-1.0,-1.0,-1.0
897.0,-1.0,-1.0,-1.0,-1.0,-1.0
899.0,-1.0,-1.0,-1.0,-1.0,-1.0
900.0,62.0,149.80765966279813,62.0,194.86271036315324,12.232120852310052
901.0,-1.0,-1.0,-1.0,-1.0,-1.0
902.0,-1.0,-1.0,-1.0,-1.0,-1.0
903.0,-1.0,-1.0,-1.0,-1.0,-1.0
904.0,267.0,43.26044764787709,267.0,121.80395630351344,8.20180705329644
905.0,4.0,104.12483295,4734.0,37.14201358134042,9.897735565015196
906.0,-1.0,-1.0,-1.0,-1.0,-1.0
907.0,85.0,68.93068731,1553.0,23.383525243578386,6.869108138059306
908.0,-1.0,-1.0,-1.0,-1.0,-1.0
909.0,-1.0,-1.0,-1.0,-1.0,-1.0
910.0,-1.0,-1.0,-1.0,-1.0,-1.0
911.0,-1.0,-1.0,-1.0,-1.0,-1.0
913.0,-1.0,-1.0,-1.0,-1.0,-1.0
914.0,-1.0,-1.0,-1.0,-1.0,-1.0
915.0,-1.0,-1.0,-1.0,-1.0,-1.0
916.0,-1.0,-1.0,-1.0,-1.0,-1.0
917.0,-1.0,-1.0,-1.0,-1.0,-1.0
918.0,-1.0,-1.0,-1.0,-1.0,-1.0
919.0,-1.0,-1.0,-1.0,-1.0,-1.0
920.0,284.0,94.02808057714172,284.0,112.97608503100089,9.416951842723092
921.0,22.0,140.58635202043354,22.0,276.36551520519635,6.289827325371043
922.0,-1.0,-1.0,-1.0,-1.0,-1.0
923.0,-1.0,-1.0,-1.0,-1.0,-1.0
925.0,-1.0,-1.0,-1.0,-1.0,-1.0
926.0,57.0,126.79118822910426,57.0,207.4549749040449,13.014051511800073
927.0,-1.0,-1.0,-1.0,-1.0,-1.0
928.0,-1.0,-1.0,-1.0,-1.0,-1.0
929.0,0.0,188.40102113,4513.0,36.211987009152644,7.5517343728345505
930.0,-1.0,-1.0,-1.0,-1.0,-1.0
931.0,-1.0,-1.0,-1.0,-1.0,-1.0
932.0,163.0,57.89233253,748.0,16.090935931502806,6.7689606675785585
933.0,-1.0,-1.0,-1.0,-1.0,-1.0
934.0,-1.0,-1.0,-1.0,-1.0,-1.0
935.0,-1.0,-1.0,-1.0,-1.0,-1.0
936.0,-1.0,-1.0,-1.0,-1.0,-1.0
937.0,-1.0,-1.0,-1.0,-1.0,-1.0
938.0,-1.0,-1.0,-1.0,-1.0,-1.0
939.0,217.0,131.248584527248,217.0,124.78594626513139,7.14235304683866
941.0,378.0,45.10947483780394,378.0,101.29908473575436,8.272905638361854
942.0,-1.0,-1.0,-1.0,-1.0,-1.0
943.0,-1.0,-1.0,-1.0,-1.0,-1.0
945.0,-1.0,-1.0,-1.0,-1.0,-1.0
946.0,-1.0,-1.0,-1.0,-1.0,-1.0
947.0,-1.0,-1.0,-1.0,-1.0,-1.0
948.0,-1.0,-1.0,-1.0,-1.0,-1.0
949.0,-1.0,-1.0,-1.0,-1.0,-1.0
950.0,-1.0,-1.0,-1.0,-1.0,-1.0
951.0,-1.0,-1.0,-1.0,-1.0,-1.0
952.0,-1.0,-1.0,-1.0,-1.0,-1.0
953.0,-1.0,-1.0,-1.0,-1.0,-1.0
954.0,4.0,99.23219808,9084.0,28.87511071744907,5.23190656957552
955.0,-1.0,-1.0,-1.0,-1.0,-1.0
956.0,-1.0,-1.0,-1.0,-1.0,-1.0
957.0,-1.0,-1.0,-1.0,-1.0,-1.0
959.0,-1.0,-1.0,-1.0,-1.0,-1.0
960.0,-1.0,-1.0,-1.0,-1.0,-1.0
961.0,-1.0,-1.0,-1.0,-1.0,-1.0
962.0,-1.0,-1.0,-1.0,-1.0,-1.0
963.0,-1.0,-1.0,-1.0,-1.0,-1.0
964.0,-1.0,-1.0,-1.0,-1.0,-1.0
965.0,-1.0,57.73217710956438,2852.0,28.86034839090641,4.879686267213074
966.0,-1.0,-1.0,-1.0,-1.0,-1.0
967.0,297.0,77.01342227247034,297.0,107.57307351638619,8.2564493618074
968.0,-1.0,-1.0,-1.0,-1.0,-1.0
970.0,-1.0,-1.0,-1.0,-1.0,-1.0
972.0,-1.0,-1.0,-1.0,-1.0,-1.0
974.0,-1.0,-1.0,-1.0,-1.0,-1.0
975.0,478.0,67.2528373273567,478.0,91.60023619722467,7.722832796208341
976.0,-1.0,-1.0,-1.0,-1.0,-1.0
977.0,-1.0,-1.0,-1.0,-1.0,-1.0
978.0,-1.0,-1.0,-1.0,-1.0,-1.0
979.0,124.0,123.61988095007223,124.0,166.12046058458813,6.852452913747489
980.0,-1.0,-1.0,-1.0,-1.0,-1.0
981.0,-1.0,-1.0,-1.0,-1.0,-1.0
982.0,5.0,137.8269336439425,5.0,491.21641570711546,10.266882742448566
984.0,0.0,172.65870989,2661.0,46.45704162976085,6.677087927903974
985.0,-1.0,-1.0,-1.0,-1.0,-1.0
986.0,-1.0,-1.0,-1.0,-1.0,-1.0
987.0,-1.0,-1.0,-1.0,-1.0,-1.0
988.0,4.0,138.94348277,1521.0,59.19692943607913,5.463869100983081
989.0,369.0,79.24193438353825,369.0,103.94154118689104,7.474282297306113
990.0,-1.0,-1.0,-1.0,-1.0,-1.0
991.0,-1.0,-1.0,-1.0,-1.0,-1.0
992.0,-1.0,-1.0,-1.0,-1.0,-1.0
993.0,-1.0,-1.0,-1.0,-1.0,-1.0
994.0,-1.0,-1.0,-1.0,-1.0,-1.0
996.0,-1.0,-1.0,-1.0,-1.0,-1.0
997.0,-1.0,-1.0,-1.0,-1.0,-1.0
998.0,-1.0,-1.0,-1.0,-1.0,-1.0
999.0,-1.0,-1.0,-1.0,-1.0,-1.0
1000.0,-1.0,-1.0,-1.0,-1.0,-1.0
1001.0,-1.0,-1.0,-1.0,-1.0,-1.0
1002.0,-1.0,-1.0,-1.0,-1.0,-1.0
1003.0,-1.0,-1.0,-1.0,-1.0,-1.0
1004.0,199.0,106.92796450033084,199.0,129.87894892235016,7.398726478420856
1005.0,-1.0,-1.0,-1.0,-1.0,-1.0
1006.0,-1.0,-1.0,-1.0,-1.0,-1.0
1007.0,-1.0,-1.0,-1.0,-1.0,-1.0
1008.0,-1.0,-1.0,-1.0,-1.0,-1.0
1009.0,0.0,48.68655705,1456.0,30.277531739002068,5.545384140757457
1010.0,-1.0,-1.0,-1.0,-1.0,-1.0
1011.0,-1.0,-1.0,-1.0,-1.0,-1.0
1012.0,-1.0,-1.0,-1.0,-1.0,-1.0
1013.0,-1.0,-1.0,-1.0,-1.0,-1.0
1014.0,-1.0,-1.0,-1.0,-1.0,-1.0
1015.0,345.0,86.70401999587162,345.0,105.86064363743725,7.16700256579498
1016.0,-1.0,-1.0,-1.0,-1.0,-1.0
1017.0,108.0,77.56025895,9378.0,28.55033953351048,4.653348079892319
1019.0,-1.0,-1.0,-1.0,-1.0,-1.0
1020.0,-1.0,-1.0,-1.0,-1.0,-1.0
1021.0,-1.0,-1.0,-1.0,-1.0,-1.0
1023.0,-1.0,-1.0,-1.0,-1.0,-1.0
1024.0,-1.0,-1.0,-1.0,-1.0,-1.0
1025.0,-1.0,-1.0,-1.0,-1.0,-1.0
1026.0,-1.0,-1.0,-1.0,-1.0,-1.0
1027.0,-1.0,-1.0,-1.0,-1.0,-1.0
1028.0,-1.0,-1.0,-1.0,-1.0,-1.0
1029.0,-1.0,-1.0,-1.0,-1.0,-1.0
1030.0,-1.0,-1.0,-1.0,-1.0,-1.0
1032.0,-1.0,-1.0,-1.0,-1.0,-1.0
1033.0,-1.0,-1.0,-1.0,-1.0,-1.0
1035.0,-1.0,-1.0,-1.0,-1.0,-1.0
1036.0,-1.0,-1.0,-1.0,-1.0,-1.0
1037.0,-1.0,-1.0,-1.0,-1.0,-1.0
1038.0,-1.0,-1.0,-1.0,-1.0,-1.0
1039.0,-1.0,-1.0,-1.0,-1.0,-1.0
1040.0,-1.0,-1.0,-1.0,-1.0,-1.0
1043.0,-1.0,-1.0,-1.0,-1.0,-1.0
1044.0,-1.0,-1.0,-1.0,-1.0,-1.0
1045.0,2.0,192.16169403,1243.0,62.252731030410395,8.256320882730064
1046.0,-1.0,-1.0,-1.0,-1.0,-1.0
1047.0,-1.0,-1.0,-1.0,-1.0,-1.0
1048.0,-1.0,-1.0,-1.0,-1.0,-1.0
1050.0,-1.0,-1.0,-1.0,-1.0,-1.0
1051.0,-1.0,-1.0,-1.0,-1.0,-1.0
1052.0,-1.0,-1.0,-1.0,-1.0,-1.0
1053.0,-1.0,-1.0,-1.0,-1.0,-1.0
1054.0,-1.0,-1.0,-1.0,-1.0,-1.0
1056.0,-1.0,-1.0,-1.0,-1.0,-1.0
1057.0,-1.0,-1.0,-1.0,-1.0,-1.0
1060.0,-1.0,-1.0,-1.0,-1.0,-1.0
1061.0,-1.0,-1.0,-1.0,-1.0,-1.0
1062.0,-1.0,-1.0,-1.0,-1.0,-1.0
1063.0,-1.0,-1.0,-1.0,-1.0,-1.0
1065.0,-1.0,-1.0,-1.0,-1.0,-1.0
1066.0,5.0,11.332934991811142,9224.0,5.668733392382639,3.140112038002389
1067.0,-1.0,-1.0,-1.0,-1.0,-1.0
1068.0,-1.0,-1.0,-1.0,-1.0,-1.0
1069.0,-1.0,-1.0,-1.0,-1.0,-1.0
1070.0,-1.0,-1.0,-1.0,-1.0,-1.0
1071.0,-1.0,-1.0,-1.0,-1.0,-1.0
1072.0,-1.0,-1.0,-1.0,-1.0,-1.0
1073.0,70.0,169.97167585389874,70.0,192.81074697372307,16.682116883842127
1075.0,-1.0,-1.0,-1.0,-1.0,-1.0
1076.0,-1.0,-1.0,-1.0,-1.0,-1.0
1077.0,-1.0,-1.0,-1.0,-1.0,-1.0
1080.0,-1.0,-1.0,-1.0,-1.0,-1.0
1081.0,-1.0,-1.0,-1.0,-1.0,-1.0
1083.0,-1.0,-1.0,-1.0,-1.0,-1.0
1084.0,-1.0,-1.0,-1.0,-1.0,-1.0
1085.0,453.0,100.31607234730156,453.0,94.36079126070268,7.002556236453792
1086.0,-1.0,-1.0,-1.0,-1.0,-1.0
1087.0,-1.0,-1.0,-1.0,-1.0,-1.0
1088.0,-1.0,-1.0,-1.0,-1.0,-1.0
1089.0,-1.0,-1.0,-1.0,-1.0,-1.0
1090.0,321.0,102.3797115269717,321.0,109.18216710953645,8.621805677875674
1091.0,-1.0,-1.0,-1.0,-1.0,-1.0
1092.0,-1.0,-1.0,-1.0,-1.0,-1.0
1093.0,74.0,220.54108071216146,74.0,197.34278122232064,7.451968503846242
1094.0,11.0,121.97991706,6438.0,33.42190729258931,5.0540650127544335
1095.0,-1.0,-1.0,-1.0,-1.0,-1.0
1096.0,-1.0,-1.0,-1.0,-1.0,-1.0
1097.0,-1.0,-1.0,-1.0,-1.0,-1.0
1098.0,-1.0,-1.0,-1.0,-1.0,-1.0
1100.0,-1.0,-1.0,-1.0,-1.0,-1.0
1101.0,-1.0,-1.0,-1.0,-1.0,-1.0
1103.0,-1.0,-1.0,-1.0,-1.0,-1.0
1104.0,-1.0,-1.0,-1.0,-1.0,-1.0
1105.0,7.0,79.13597119,15000.0,23.54591083554768,10.365354237830525
1106.0,-1.0,-1.0,-1.0,-1.0,-1.0
1108.0,-1.0,-1.0,-1.0,-1.0,-1.0
1109.0,-1.0,-1.0,-1.0,-1.0,-1.0
1110.0,-1.0,-1.0,-1.0,-1.0,-1.0
1111.0,-1.0,-1.0,-1.0,-1.0,-1.0
1112.0,-1.0,-1.0,-1.0,-1.0,-1.0
1113.0,-1.0,-1.0,-1.0,-1.0,-1.0
1114.0,49.0,86.97904294,404.0,67.31620903454385,7.387049866895018
1115.0,-1.0,-1.0,-1.0,-1.0,-1.0
1116.0,-1.0,-1.0,-1.0,-1.0,-1.0
1117.0,9.0,207.08958902,4661.0,31.90138765869501,15.026908019231358
1119.0,-1.0,-1.0,-1.0,-1.0,-1.0
1120.0,-1.0,-1.0,-1.0,-1.0,-1.0
1121.0,-1.0,-1.0,-1.0,-1.0,-1.0
1122.0,-1.0,-1.0,-1.0,-1.0,-1.0
1123.0,-1.0,-1.0,-1.0,-1.0,-1.0
1124.0,-1.0,-1.0,-1.0,-1.0,-1.0
1127.0,-1.0,-1.0,-1.0,-1.0,-1.0
1128.0,-1.0,-1.0,-1.0,-1.0,-1.0
1129.0,-1.0,-1.0,-1.0,-1.0,-1.0
1130.0,-1.0,-1.0,-1.0,-1.0,-1.0
1131.0,-1.0,-1.0,-1.0,-1.0,-1.0
1132.0,50.0,180.35702659806998,50.0,218.11337466784767,5.436963360166616
1133.0,376.0,63.04549904780644,376.0,100.45763212282255,7.130982398568616
1135.0,-1.0,-1.0,-1.0,-1.0,-1.0
1136.0,-1.0,-1.0,-1.0,-1.0,-1.0
1140.0,-1.0,-1.0,-1.0,-1.0,-1.0
1141.0,-1.0,-1.0,-1.0,-1.0,-1.0
1142.0,-1.0,-1.0,-1.0,-1.0,-1.0
1143.0,-1.0,-1.0,-1.0,-1.0,-1.0
1144.0,-1.0,-1.0,-1.0,-1.0,-1.0
1145.0,-1.0,-1.0,-1.0,-1.0,-1.0
1146.0,-1.0,-1.0,-1.0,-1.0,-1.0
1147.0,-1.0,-1.0,-1.0,-1.0,-1.0
1148.0,-1.0,-1.0,-1.0,-1.0,-1.0
1150.0,-1.0,-1.0,-1.0,-1.0,-1.0
1151.0,127.0,55.98806901435611,127.0,150.044286979628,7.71052661491786
1153.0,-1.0,-1.0,-1.0,-1.0,-1.0
1154.0,-1.0,-1.0,-1.0,-1.0,-1.0
1155.0,-1.0,-1.0,-1.0,-1.0,-1.0
1158.0,-1.0,-1.0,-1.0,-1.0,-1.0
1159.0,-1.0,-1.0,-1.0,-1.0,-1.0
1160.0,6.0,23.56959870560072,4787.0,11.780336581045173,4.066549658742764
1162.0,0.0,43.49216317,3792.0,21.74490699734278,7.267048022638153
1163.0,-1.0,-1.0,-1.0,-1.0,-1.0
1165.0,-1.0,-1.0,-1.0,-1.0,-1.0
1167.0,-1.0,-1.0,-1.0,-1.0,-1.0
1168.0,-1.0,-1.0,-1.0,-1.0,-1.0
1169.0,-1.0,-1.0,-1.0,-1.0,-1.0
1170.0,-1.0,-1.0,-1.0,-1.0,-1.0
1172.0,-1.0,-1.0,-1.0,-1.0,-1.0
1174.0,-1.0,-1.0,-1.0,-1.0,-1.0
1176.0,554.0,85.45108965603886,554.0,94.72984942426926,4.131245798846229
1177.0,6.0,136.2070424,4063.0,39.489223501623854,4.109981140453221
1178.0,-1.0,-1.0,-1.0,-1.0,-1.0
1179.0,-1.0,-1.0,-1.0,-1.0,-1.0
1181.0,-1.0,-1.0,-1.0,-1.0,-1.0
1182.0,-1.0,-1.0,-1.0,-1.0,-1.0
1184.0,-1.0,-1.0,-1.0,-1.0,-1.0
1185.0,-1.0,-1.0,-1.0,-1.0,-1.0
1187.0,-1.0,-1.0,-1.0,-1.0,-1.0
1188.0,1.0,268.99379222,280.0,91.33451431945674,54.73029420330392
1189.0,-1.0,-1.0,-1.0,-1.0,-1.0
1190.0,-1.0,-1.0,-1.0,-1.0,-1.0
1191.0,-1.0,-1.0,-1.0,-1.0,-1.0
1192.0,-1.0,-1.0,-1.0,-1.0,-1.0
1193.0,-1.0,-1.0,-1.0,-1.0,-1.0
1194.0,-1.0,-1.0,-1.0,-1.0,-1.0
1195.0,-1.0,-1.0,-1.0,-1.0,-1.0
1197.0,-1.0,-1.0,-1.0,-1.0,-1.0
1198.0,47.0,165.93741962289732,47.0,219.39769707705935,12.041598263132173
1199.0,-1.0,-1.0,-1.0,-1.0,-1.0
1202.0,-1.0,-1.0,-1.0,-1.0,-1.0
1203.0,-1.0,-1.0,-1.0,-1.0,-1.0
1204.0,427.0,115.958157526653,427.0,96.84086211987008,7.102224703997371
1208.0,-1.0,-1.0,-1.0,-1.0,-1.0
1210.0,-1.0,-1.0,-1.0,-1.0,-1.0
1215.0,-1.0,-1.0,-1.0,-1.0,-1.0
1216.0,-1.0,-1.0,-1.0,-1.0,-1.0
1217.0,-1.0,-1.0,-1.0,-1.0,-1.0
1218.0,-1.0,-1.0,-1.0,-1.0,-1.0
1219.0,14.0,189.97912925,457.0,84.16002361972247,10.109372037566315
1220.0,-1.0,-1.0,-1.0,-1.0,-1.0
1221.0,15.0,333.0729213843295,15.0,336.8615293770298,8.407272334730097
1222.0,-1.0,-1.0,-1.0,-1.0,-1.0
1223.0,51.0,113.48048621846769,51.0,211.08650723354003,6.208529719245199
1224.0,-1.0,-1.0,-1.0,-1.0,-1.0
1226.0,-1.0,-1.0,-1.0,-1.0,-1.0
1229.0,-1.0,-1.0,-1.0,-1.0,-1.0
1230.0,-1.0,-1.0,-1.0,-1.0,-1.0
1232.0,-1.0,-1.0,-1.0,-1.0,-1.0
1233.0,-1.0,-1.0,-1.0,-1.0,-1.0
1235.0,-1.0,-1.0,-1.0,-1.0,-1.0
1236.0,-1.0,-1.0,-1.0,-1.0,-1.0
1238.0,-1.0,-1.0,-1.0,-1.0,-1.0
1239.0,-1.0,-1.0,-1.0,-1.0,-1.0
1241.0,135.0,172.2185055298106,135.0,149.21759669323885,12.591764423678502
1243.0,2.0,139.12340689,300.0,83.87953941541187,10.466510550743884
1244.0,22.0,284.902647507055,22.0,276.36551520519635,6.289827325371043
1249.0,-1.0,-1.0,-1.0,-1.0,-1.0
1251.0,5.0,268.8691422,3919.0,39.75494537939179,7.5339755646741375
1252.0,-1.0,-1.0,-1.0,-1.0,-1.0
1254.0,-1.0,-1.0,-1.0,-1.0,-1.0
1259.0,-1.0,-1.0,-1.0,-1.0,-1.0
1260.0,-1.0,-1.0,-1.0,-1.0,-1.0
1263.0,-1.0,-1.0,-1.0,-1.0,-1.0
1266.0,-1.0,-1.0,-1.0,-1.0,-1.0
1268.0,-1.0,-1.0,-1.0,-1.0,-1.0
1269.0,24.0,143.78928921309867,24.0,265.51520519633897,9.43340398779013
1271.0,6.0,363.39876733,1502.0,53.91201653380573,11.255341395144209
1272.0,138.0,74.19494566,609.0,75.34691467375258,4.061047407553335
1273.0,207.0,37.78992902905753,207.0,130.61706524948332,13.064329650769293
1276.0,-1.0,-1.0,-1.0,-1.0,-1.0
1277.0,-1.0,-1.0,-1.0,-1.0,-1.0
1278.0,14.0,126.7146258,162.0,2.9672276350752878,1.511537004021527
1279.0,-1.0,-1.0,-1.0,-1.0,-1.0
1281.0,-1.0,-1.0,-1.0,-1.0,-1.0
1283.0,-1.0,-1.0,-1.0,-1.0,-1.0
1284.0,-1.0,-1.0,-1.0,-1.0,-1.0
1285.0,-1.0,-1.0,-1.0,-1.0,-1.0
1288.0,-1.0,-1.0,-1.0,-1.0,-1.0
1291.0,7.0,216.32492017,11010.0,26.911721287274876,8.831403609079173
1292.0,-1.0,-1.0,-1.0,-1.0,-1.0
1294.0,-1.0,-1.0,-1.0,-1.0,-1.0
1295.0,-1.0,-1.0,-1.0,-1.0,-1.0
1296.0,-1.0,-1.0,-1.0,-1.0,-1.0
1299.0,-1.0,-1.0,-1.0,-1.0,-1.0
1301.0,-1.0,-1.0,-1.0,-1.0,-1.0
1302.0,4.0,236.62688030000004,150.0,145.837023914969,6.557474346826488
1303.0,17.0,250.48606574,3018.0,44.68556244464128,6.228105628152416
1304.0,-1.0,-1.0,-1.0,-1.0,-1.0
1305.0,-1.0,-1.0,-1.0,-1.0,-1.0
1307.0,16.0,176.742303278856,16.0,328.4322409211692,8.160847464241009
1308.0,-1.0,-1.0,-1.0,-1.0,-1.0
1309.0,-1.0,-1.0,-1.0,-1.0,-1.0
1310.0,-1.0,-1.0,-1.0,-1.0,-1.0
1311.0,467.0,109.91131797571751,467.0,90.10924121641571,7.3057648675280635
1314.0,-1.0,-1.0,-1.0,-1.0,-1.0
1316.0,-1.0,-1.0,-1.0,-1.0,-1.0
1317.0,-1.0,-1.0,-1.0,-1.0,-1.0
1320.0,-1.0,-1.0,-1.0,-1.0,-1.0
1321.0,-1.0,-1.0,-1.0,-1.0,-1.0
1322.0,-1.0,-1.0,-1.0,-1.0,-1.0
1323.0,-1.0,-1.0,-1.0,-1.0,-1.0
1327.0,-1.0,-1.0,-1.0,-1.0,-1.0
1331.0,-1.0,-1.0,-1.0,-1.0,-1.0
1332.0,-1.0,-1.0,-1.0,-1.0,-1.0
1333.0,-1.0,-1.0,-1.0,-1.0,-1.0
1334.0,-1.0,-1.0,-1.0,-1.0,-1.0
1335.0,-1.0,-1.0,-1.0,-1.0,-1.0
1340.0,54.0,69.39263367,359.0,36.359610274579275,8.612742070247608
1341.0,-1.0,-1.0,-1.0,-1.0,-1.0
1343.0,7.0,56.07506507,11010.0,26.911721287274876,8.831403609079173
1345.0,590.0,67.05435588749657,590.0,85.9462651313847,3.6219859238938286
1346.0,-1.0,-1.0,-1.0,-1.0,-1.0
1347.0,-1.0,-1.0,-1.0,-1.0,-1.0
1348.0,284.0,51.621954271620005,284.0,112.97608503100089,9.416951842723092
1350.0,208.0,59.52620430964591,208.0,129.140832595217,8.249234249395133
1352.0,-1.0,-1.0,-1.0,-1.0,-1.0
1353.0,-1.0,-1.0,-1.0,-1.0,-1.0
1356.0,-1.0,-1.0,-1.0,-1.0,-1.0
1357.0,-1.0,-1.0,-1.0,-1.0,-1.0
1358.0,-1.0,-1.0,-1.0,-1.0,-1.0
1360.0,-1.0,-1.0,-1.0,-1.0,-1.0
1363.0,46.0,119.31991431073229,46.0,228.5798641865958,7.984948877337181
1364.0,-1.0,-1.0,-1.0,-1.0,-1.0
1367.0,-1.0,-1.0,-1.0,-1.0,-1.0
1368.0,67.0,66.53032385,2001.0,33.25952170062002,4.395748699971762
1369.0,-1.0,-1.0,-1.0,-1.0,-1.0
1370.0,-1.0,-1.0,-1.0,-1.0,-1.0
1372.0,-1.0,-1.0,-1.0,-1.0,-1.0
1378.0,-1.0,-1.0,-1.0,-1.0,-1.0
1381.0,-1.0,-1.0,-1.0,-1.0,-1.0
1382.0,-1.0,-1.0,-1.0,-1.0,-1.0
1385.0,-1.0,-1.0,-1.0,-1.0,-1.0
1392.0,-1.0,-1.0,-1.0,-1.0,-1.0
1393.0,-1.0,-1.0,-1.0,-1.0,-1.0
1394.0,-1.0,-1.0,-1.0,-1.0,-1.0
1395.0,15.0,84.91470382,2186.0,42.73693534100974,10.155538140288131
1396.0,-1.0,-1.0,-1.0,-1.0,-1.0
1397.0,-1.0,-1.0,-1.0,-1.0,-1.0
1398.0,-1.0,-1.0,-1.0,-1.0,-1.0
1399.0,-1.0,-1.0,-1.0,-1.0,-1.0
1400.0,-1.0,-1.0,-1.0,-1.0,-1.0
1401.0,-1.0,-1.0,-1.0,-1.0,-1.0
1404.0,67.0,36.1742549,372.0,44.67080011809861,5.297778088114844
1405.0,160.0,128.70189479767004,160.0,138.66253321523473,9.921693574906397
1406.0,-1.0,-1.0,-1.0,-1.0,-1.0
1409.0,-1.0,-1.0,-1.0,-1.0,-1.0
1411.0,-1.0,-1.0,-1.0,-1.0,-1.0
1412.0,-1.0,-1.0,-1.0,-1.0,-1.0
1415.0,-1.0,-1.0,-1.0,-1.0,-1.0
1417.0,-1.0,-1.0,-1.0,-1.0,-1.0
1418.0,-1.0,-1.0,-1.0,-1.0,-1.0
1419.0,37.0,91.20630794,6524.0,30.21848243283141,8.766433405640614
1420.0,-1.0,-1.0,-1.0,-1.0,-1.0
1421.0,-1.0,-1.0,-1.0,-1.0,-1.0
1423.0,-1.0,-1.0,-1.0,-1.0,-1.0
1428.0,-1.0,-1.0,-1.0,-1.0,-1.0
1429.0,47.0,243.99352076572086,47.0,219.39769707705935,12.041598263132173
1430.0,-1.0,-1.0,-1.0,-1.0,-1.0
1432.0,-1.0,-1.0,-1.0,-1.0,-1.0
1434.0,-1.0,-1.0,-1.0,-1.0,-1.0
1436.0,-1.0,-1.0,-1.0,-1.0,-1.0
1437.0,-1.0,-1.0,-1.0,-1.0,-1.0
1438.0,-1.0,-1.0,-1.0,-1.0,-1.0
1439.0,-1.0,-1.0,-1.0,-1.0,-1.0
1442.0,-1.0,-1.0,-1.0,-1.0,-1.0
1443.0,-1.0,-1.0,-1.0,-1.0,-1.0
1444.0,-1.0,-1.0,-1.0,-1.0,-1.0
1445.0,-1.0,-1.0,-1.0,-1.0,-1.0
1446.0,11.0,300.02854691,5701.0,34.69146737525834,4.524842191573388
1447.0,147.0,88.05739052452904,147.0,142.0726306465899,10.97174818137667
1452.0,-1.0,-1.0,-1.0,-1.0,-1.0
1453.0,-1.0,-1.0,-1.0,-1.0,-1.0
1455.0,-1.0,-1.0,-1.0,-1.0,-1.0
1456.0,0.0,48.68655705,1009.0,24.34307646885149,10.54897743514802
1457.0,-1.0,-1.0,-1.0,-1.0,-1.0
1461.0,127.0,144.90596855,1151.0,27.989371124889285,6.461800226254759
1462.0,-1.0,-1.0,-1.0,-1.0,-1.0
1465.0,-1.0,-1.0,-1.0,-1.0,-1.0
1467.0,-1.0,-1.0,-1.0,-1.0,-1.0
1472.0,-1.0,-1.0,-1.0,-1.0,-1.0
1473.0,-1.0,-1.0,-1.0,-1.0,-1.0
1474.0,-1.0,-1.0,-1.0,-1.0,-1.0
1475.0,-1.0,-1.0,-1.0,-1.0,-1.0
1479.0,-1.0,-1.0,-1.0,-1.0,-1.0
1483.0,-1.0,-1.0,-1.0,-1.0,-1.0
1487.0,-1.0,-1.0,-1.0,-1.0,-1.0
1488.0,-1.0,-1.0,-1.0,-1.0,-1.0
1491.0,-1.0,-1.0,-1.0,-1.0,-1.0
1492.0,0.0,125.28347620000001,12140.0,24.785946265131383,5.20822066005292
1493.0,-1.0,-1.0,-1.0,-1.0,-1.0
1495.0,-1.0,-1.0,-1.0,-1.0,-1.0
1496.0,50.0,122.75655440656223,50.0,218.11337466784767,5.436963360166616
1497.0,-1.0,-1.0,-1.0,-1.0,-1.0
1500.0,-1.0,-1.0,-1.0,-1.0,-1.0
1502.0,6.0,331.08393669,8604.0,29.111307942131678,7.31539135898577
1504.0,-1.0,-1.0,-1.0,-1.0,-1.0
1505.0,-1.0,-1.0,-1.0,-1.0,-1.0
1506.0,169.0,53.22879751355784,169.0,140.13876586950104,8.329686796633368
1508.0,-1.0,-1.0,-1.0,-1.0,-1.0
1509.0,-1.0,-1.0,-1.0,-1.0,-1.0
1510.0,100.0,127.39715519550005,100.0,163.92087392973133,10.638771947578153
1511.0,0.0,207.66048182,3828.0,40.507824033067614,5.310484996996496
1514.0,-1.0,-1.0,-1.0,-1.0,-1.0
1516.0,-1.0,-1.0,-1.0,-1.0,-1.0
1518.0,610.0,65.26498096466055,610.0,86.00531443755536,8.328973228068335
1519.0,-1.0,-1.0,-1.0,-1.0,-1.0
1521.0,4.0,138.94348277,988.0,63.10894596988486,8.095972507080486
1526.0,-1.0,-1.0,-1.0,-1.0,-1.0
1528.0,9.0,395.47426263520583,9.0,402.8638913492766,24.90197380023352
1529.0,-1.0,-1.0,-1.0,-1.0,-1.0
1530.0,0.0,112.78848559999999,2283.0,46.48656628284618,7.596384888419669
1534.0,-1.0,-1.0,-1.0,-1.0,-1.0
1535.0,-1.0,-1.0,-1.0,-1.0,-1.0
1536.0,-1.0,-1.0,-1.0,-1.0,-1.0
1537.0,-1.0,-1.0,-1.0,-1.0,-1.0
1540.0,-1.0,-1.0,-1.0,-1.0,-1.0
1541.0,-1.0,-1.0,-1.0,-1.0,-1.0
1543.0,-1.0,-1.0,-1.0,-1.0,-1.0
1548.0,-1.0,-1.0,-1.0,-1.0,-1.0
1550.0,-1.0,-1.0,-1.0,-1.0,-1.0
1552.0,-1.0,-1.0,-1.0,-1.0,-1.0
1553.0,85.0,46.77627539368212,85.0,182.2261588426336,6.32874368114118
1555.0,2.0,128.84317154,8723.0,28.948922350162384,4.947667187460612
1556.0,-1.0,-1.0,-1.0,-1.0,-1.0
1559.0,-1.0,-1.0,-1.0,-1.0,-1.0
1561.0,4.0,175.35279535,93.0,157.58783584292885,10.180705765075341
1567.0,-1.0,-1.0,-1.0,-1.0,-1.0
1568.0,-1.0,-1.0,-1.0,-1.0,-1.0
1571.0,308.0,102.90577079736029,308.0,105.52111012695602,7.850155187313269
1578.0,-1.0,-1.0,-1.0,-1.0,-1.0
1581.0,3.0,115.48576477,11441.0,26.35075287865368,4.691280313146996
1584.0,-1.0,-1.0,-1.0,-1.0,-1.0
1589.0,-1.0,-1.0,-1.0,-1.0,-1.0
1590.0,-1.0,-1.0,-1.0,-1.0,-1.0
1600.0,-1.0,-1.0,-1.0,-1.0,-1.0
1603.0,-1.0,-1.0,-1.0,-1.0,-1.0
1604.0,-1.0,-1.0,-1.0,-1.0,-1.0
1607.0,-1.0,-1.0,-1.0,-1.0,-1.0
1615.0,-1.0,-1.0,-1.0,-1.0,-1.0
1617.0,-1.0,-1.0,-1.0,-1.0,-1.0
1618.0,-1.0,-1.0,-1.0,-1.0,-1.0
1619.0,-1.0,-1.0,-1.0,-1.0,-1.0
1621.0,0.0,194.07398285,258.0,92.64836138175376,8.644941945197395
1624.0,-1.0,-1.0,-1.0,-1.0,-1.0
1625.0,-1.0,-1.0,-1.0,-1.0,-1.0
1626.0,-1.0,-1.0,-1.0,-1.0,-1.0
1631.0,-1.0,-1.0,-1.0,-1.0,-1.0
1639.0,-1.0,-1.0,-1.0,-1.0,-1.0
1642.0,-1.0,-1.0,-1.0,-1.0,-1.0
1645.0,-1.0,-1.0,-1.0,-1.0,-1.0
1647.0,-1.0,-1.0,-1.0,-1.0,-1.0
1648.0,0.0,313.80785789,984.0,64.49660466489519,12.325928528798363
1653.0,-1.0,-1.0,-1.0,-1.0,-1.0
1655.0,0.0,237.23628617,5632.0,33.70239149689991,4.171851198282628
1658.0,-1.0,-1.0,-1.0,-1.0,-1.0
1661.0,-1.0,-1.0,-1.0,-1.0,-1.0
1667.0,-1.0,-1.0,-1.0,-1.0,-1.0
1670.0,34.0,106.05592152238395,34.0,245.89607322113963,8.596351866624243
1675.0,-1.0,-1.0,-1.0,-1.0,-1.0
1677.0,-1.0,-1.0,-1.0,-1.0,-1.0
1684.0,119.0,49.0564103102631,119.0,157.49926188367286,8.65853078498253
1685.0,-1.0,-1.0,-1.0,-1.0,-1.0
1689.0,-1.0,-1.0,-1.0,-1.0,-1.0
1690.0,-1.0,-1.0,-1.0,-1.0,-1.0
1692.0,-1.0,-1.0,-1.0,-1.0,-1.0
1697.0,-1.0,-1.0,-1.0,-1.0,-1.0
1698.0,-1.0,-1.0,-1.0,-1.0,-1.0
1700.0,16.0,52.26402909,868.0,53.661056982580455,9.20715765549167
1708.0,-1.0,-1.0,-1.0,-1.0,-1.0
1715.0,385.0,55.33106756128228,385.0,102.46530853262473,10.501473165802212
1717.0,-1.0,-1.0,-1.0,-1.0,-1.0
1718.0,-1.0,-1.0,-1.0,-1.0,-1.0
1720.0,-1.0,-1.0,-1.0,-1.0,-1.0
1725.0,-1.0,-1.0,-1.0,-1.0,-1.0
1734.0,-1.0,-1.0,-1.0,-1.0,-1.0
1741.0,-1.0,-1.0,-1.0,-1.0,-1.0
1751.0,-1.0,-1.0,-1.0,-1.0,-1.0
1752.0,-1.0,-1.0,-1.0,-1.0,-1.0
1753.0,-1.0,-1.0,-1.0,-1.0,-1.0
1769.0,-1.0,-1.0,-1.0,-1.0,-1.0
1770.0,56.0,159.3524371174926,56.0,203.30676114555655,11.149296438560768
1772.0,-1.0,-1.0,-1.0,-1.0,-1.0
1778.0,-1.0,-1.0,-1.0,-1.0,-1.0
1782.0,1.0,279.51714061,2531.0,47.8004133451432,6.356684626808602
1787.0,216.0,85.00373581769783,216.0,126.98553291998819,8.461588442876367
1790.0,-1.0,-1.0,-1.0,-1.0,-1.0
1795.0,-1.0,-1.0,-1.0,-1.0,-1.0
1798.0,-1.0,-1.0,-1.0,-1.0,-1.0
1799.0,27.0,84.62807692278929,27.0,261.98700915264243,8.115393441504903
1801.0,-1.0,-1.0,-1.0,-1.0,-1.0
1803.0,-1.0,-1.0,-1.0,-1.0,-1.0
1806.0,-1.0,-1.0,-1.0,-1.0,-1.0
1808.0,1.0,367.64116981,666.0,79.56894006495423,10.453461986196325
1810.0,-1.0,-1.0,-1.0,-1.0,-1.0
1816.0,-1.0,-1.0,-1.0,-1.0,-1.0
1821.0,-1.0,-1.0,-1.0,-1.0,-1.0
1824.0,-1.0,-1.0,-1.0,-1.0,-1.0
1825.0,-1.0,-1.0,-1.0,-1.0,-1.0
1837.0,-1.0,-1.0,-1.0,-1.0,-1.0
1842.0,-1.0,-1.0,-1.0,-1.0,-1.0
1858.0,-1.0,-1.0,-1.0,-1.0,-1.0
1865.0,-1.0,-1.0,-1.0,-1.0,-1.0
1882.0,-1.0,-1.0,-1.0,-1.0,-1.0
1883.0,16.0,85.70222737,868.0,53.661056982580455,9.20715765549167
1886.0,-1.0,-1.0,-1.0,-1.0,-1.0
1891.0,-1.0,-1.0,-1.0,-1.0,-1.0
1892.0,-1.0,-1.0,-1.0,-1.0,-1.0
1893.0,-1.0,-1.0,-1.0,-1.0,-1.0
1901.0,-1.0,-1.0,-1.0,-1.0,-1.0
1904.0,-1.0,-1.0,-1.0,-1.0,-1.0
1906.0,2.0,201.30580689,46322.0,14.31945674638323,9.431716511903094
1915.0,-1.0,-1.0,-1.0,-1.0,-1.0
1916.0,154.0,112.2707477,870.0,8.429288455860643,4.595358363820077
1917.0,11.0,382.15899805416535,11.0,387.6439326837909,21.22153088744663
1920.0,-1.0,-1.0,-1.0,-1.0,-1.0
1921.0,-1.0,-1.0,-1.0,-1.0,-1.0
1942.0,-1.0,-1.0,-1.0,-1.0,-1.0
1948.0,-1.0,-1.0,-1.0,-1.0,-1.0
1949.0,-1.0,-1.0,-1.0,-1.0,-1.0
1950.0,34.0,218.60732531,1670.0,53.026276941245946,4.703491706874722
1953.0,-1.0,-1.0,-1.0,-1.0,-1.0
1957.0,0.0,250.06943816,929.0,70.93297903749631,7.888787434750073
1968.0,341.0,63.00423253230018,341.0,104.29583702391497,11.449522156911575
1969.0,0.0,111.06901862,413.0,65.35281960436966,7.365345448804473
1974.0,-1.0,-1.0,-1.0,-1.0,-1.0
1995.0,-1.0,-1.0,-1.0,-1.0,-1.0
1996.0,5.0,408.64951436,254.0,111.83938588721583,4.993430268069988
2000.0,-1.0,-1.0,-1.0,-1.0,-1.0
2001.0,67.0,66.53032385,1368.0,58.724534986713905,6.657614862855921
2011.0,-1.0,-1.0,-1.0,-1.0,-1.0
2022.0,-1.0,-1.0,-1.0,-1.0,-1.0
2028.0,-1.0,-1.0,-1.0,-1.0,-1.0
2033.0,-1.0,-1.0,-1.0,-1.0,-1.0
2042.0,-1.0,-1.0,-1.0,-1.0,-1.0
2044.0,15.0,73.96927701,781.0,57.80927074106879,7.673490299673665
2054.0,-1.0,-1.0,-1.0,-1.0,-1.0
2074.0,-1.0,-1.0,-1.0,-1.0,-1.0
2084.0,-1.0,-1.0,-1.0,-1.0,-1.0
2086.0,-1.0,-1.0,-1.0,-1.0,-1.0
2092.0,-1.0,-1.0,-1.0,-1.0,-1.0
2096.0,-1.0,-1.0,-1.0,-1.0,-1.0
2112.0,-1.0,-1.0,-1.0,-1.0,-1.0
2133.0,-1.0,-1.0,-1.0,-1.0,-1.0
2146.0,-1.0,-1.0,-1.0,-1.0,-1.0
2153.0,209.0,105.31389797899185,209.0,124.40212577502214,11.663553134595245
2162.0,-1.0,-1.0,-1.0,-1.0,-1.0
2163.0,-1.0,-1.0,-1.0,-1.0,-1.0
2166.0,-1.0,-1.0,-1.0,-1.0,-1.0
2168.0,35.0,117.85052701814402,35.0,241.08355476823147,9.868393135619716
2174.0,-1.0,-1.0,-1.0,-1.0,-1.0
2179.0,-1.0,-1.0,-1.0,-1.0,-1.0
2181.0,-1.0,-1.0,-1.0,-1.0,-1.0
2184.0,19.0,127.35497394,181.0,60.87983466194272,8.143366252094642
2186.0,15.0,84.91470382,1395.0,42.456451136699144,6.337734110857855
2204.0,-1.0,-1.0,-1.0,-1.0,-1.0
2212.0,38.0,65.56733827,5665.0,19.781517567168585,11.070287306211393
2214.0,-1.0,-1.0,-1.0,-1.0,-1.0
2215.0,-1.0,-1.0,-1.0,-1.0,-1.0
2230.0,-1.0,-1.0,-1.0,-1.0,-1.0
2234.0,-1.0,-1.0,-1.0,-1.0,-1.0
2239.0,1.0,155.95982421205576,1.0,627.4431650428107,13.626014781921588
2265.0,196.0,49.68735974318896,196.0,129.9379982285208,9.958625488197455
2280.0,-1.0,-1.0,-1.0,-1.0,-1.0
2281.0,289.0,80.70816086883923,289.0,110.77649837614409,9.184905186032676
2283.0,0.0,112.78848559999999,1530.0,57.94213167995276,9.143788978942544
2290.0,-1.0,-1.0,-1.0,-1.0,-1.0
2294.0,195.0,82.01121772886681,195.0,134.57336876291703,9.454241897423138
2303.0,1.0,187.87288598,2429.0,48.80425155004429,8.31399974462346
2323.0,-1.0,-1.0,-1.0,-1.0,-1.0
2324.0,-1.0,-1.0,-1.0,-1.0,-1.0
2325.0,-1.0,-1.0,-1.0,-1.0,-1.0
2327.0,652.0,22.780640164124666,652.0,80.29229406554472,4.190760767333088
2339.0,-1.0,-1.0,-1.0,-1.0,-1.0
2345.0,37.0,151.64833452,1419.0,61.17508119279598,3.332994608968548
2361.0,5.0,155.62619966,704.0,39.10540301151461,5.555302839469578
2368.0,7.0,93.13740451,570.0,77.85651018600532,11.100263532533255
2374.0,2.0,480.62842328,3270.0,43.1945674638323,4.800804089497975
2387.0,-1.0,-1.0,-1.0,-1.0,-1.0
2388.0,-1.0,-1.0,-1.0,-1.0,-1.0
2405.0,2.0,116.38420903,12682.0,25.007381163271333,10.268729617377007
2406.0,1.0,178.91660118,806.0,78.04842043105994,8.663401453075357
2414.0,-1.0,-1.0,-1.0,-1.0,-1.0
2429.0,1.0,120.64839473,838.0,75.0959551225273,8.434550207896896
2438.0,-1.0,-1.0,-1.0,-1.0,-1.0
2452.0,-1.0,-1.0,-1.0,-1.0,-1.0
2454.0,85.0,111.0682477,1553.0,23.383525243578386,6.869108138059306
2466.0,-1.0,-1.0,-1.0,-1.0,-1.0
2468.0,-1.0,-1.0,-1.0,-1.0,-1.0
2497.0,-1.0,-1.0,-1.0,-1.0,-1.0
2521.0,86.0,89.21706661,3772.0,15.677590788308237,4.541431770630213
2531.0,1.0,178.77325869,81.0,102.42102155299675,8.68841083615998
2544.0,-1.0,-1.0,-1.0,-1.0,-1.0
2550.0,2.0,111.51298336,35974.0,16.710953646294655,4.160884759164869
2554.0,3.0,213.6704466,286.0,107.44021257750222,7.902196312117658
2561.0,-1.0,-1.0,-1.0,-1.0,-1.0
2576.0,50.0,171.66173749211217,50.0,218.11337466784767,5.436963360166616
2585.0,2.0,199.26429233,720.0,80.60230292294065,5.06574792322671
2605.0,-1.0,-1.0,-1.0,-1.0,-1.0
2606.0,-1.0,-1.0,-1.0,-1.0,-1.0
2629.0,6.0,305.6259004,65.0,14.142308827871272,4.330389144548521
2645.0,-1.0,-1.0,-1.0,-1.0,-1.0
2646.0,-1.0,-1.0,-1.0,-1.0,-1.0
2649.0,-1.0,-1.0,-1.0,-1.0,-1.0
2661.0,0.0,172.65870989,984.0,64.49660466489519,12.325928528798363
2665.0,-1.0,-1.0,-1.0,-1.0,-1.0
2676.0,58.0,202.44718480345298,58.0,194.65603779155597,10.803368186403343
2677.0,215.0,45.92350096097641,215.0,129.00797165633304,4.490800862850718
2694.0,-1.0,-1.0,-1.0,-1.0,-1.0
2723.0,-1.0,-1.0,-1.0,-1.0,-1.0
2727.0,88.0,145.40879022398252,88.0,178.83082373782108,4.461181239349057
2728.0,0.0,64.48378872,279.0,110.46648951874815,8.147613844380146
2731.0,64.0,88.80154643475686,64.0,198.78948922350162,4.953855819875067
2739.0,1.0,368.05395702,4297.0,38.7511071744907,4.7989092838977525
2755.0,114.0,171.59028096144345,114.0,164.90994980808975,10.613185390488448
2768.0,0.0,74.65911107,2728.0,32.226158842633595,9.810583543232875
2776.0,-1.0,-1.0,-1.0,-1.0,-1.0
2783.0,0.0,234.98385146,636.0,72.73398287570122,13.289165756038505
2796.0,-1.0,-1.0,-1.0,-1.0,-1.0
2823.0,-1.0,-1.0,-1.0,-1.0,-1.0
2852.0,965.0,57.73217710956438,965.0,69.02863891349277,7.151217690249946
2855.0,-1.0,-1.0,-1.0,-1.0,-1.0
2862.0,465.0,57.099372779032066,465.0,82.41806908768822,8.4937543462222
2884.0,2.0,162.70424877,585.0,74.71213463241807,9.934859508053385
2908.0,-1.0,-1.0,-1.0,-1.0,-1.0
2909.0,886.0,62.137552301335965,886.0,73.08827871272513,7.3370551045256205
2920.0,220.0,43.92028147976741,220.0,124.37260112193681,7.939733092091869
2931.0,-1.0,-1.0,-1.0,-1.0,-1.0
2951.0,-1.0,-1.0,-1.0,-1.0,-1.0
2957.0,-1.0,-1.0,-1.0,-1.0,-1.0
2964.0,-1.0,-1.0,-1.0,-1.0,-1.0
2982.0,-1.0,-1.0,-1.0,-1.0,-1.0
3000.0,16.0,150.08874042,3304.0,43.04694419840567,4.48388592375276
3005.0,0.0,169.29234291,500.0,89.17921464422793,9.869372436837551
3018.0,17.0,117.01714993,13249.0,24.66784765279008,5.710241716793212
3036.0,-1.0,-1.0,-1.0,-1.0,-1.0
3039.0,-1.0,-1.0,-1.0,-1.0,-1.0
3043.0,1.0,108.29457177,445.0,28.07794508414526,5.932406800556186
3061.0,0.0,59.18586943,3094.0,26.513138470622973,5.634912811211555
3085.0,-1.0,-1.0,-1.0,-1.0,-1.0
3094.0,0.0,59.18586943,3061.0,25.33215234720992,6.091871200858852
3109.0,-1.0,-1.0,-1.0,-1.0,-1.0
3117.0,9.0,101.43057711,3274.0,43.25361677000296,4.932319077298454
3122.0,-1.0,-1.0,-1.0,-1.0,-1.0
3139.0,-1.0,-1.0,-1.0,-1.0,-1.0
3142.0,-1.0,-1.0,-1.0,-1.0,-1.0
3176.0,-1.0,-1.0,-1.0,-1.0,-1.0
3179.0,108.0,59.225365231056315,108.0,166.9323885444346,5.79349391779793
3208.0,-1.0,-1.0,-1.0,-1.0,-1.0
3209.0,5.0,81.38067957,28823.0,17.744316504281073,8.751715248455211
3218.0,-1.0,-1.0,-1.0,-1.0,-1.0
3238.0,-1.0,-1.0,-1.0,-1.0,-1.0
3243.0,8.0,47.39880947,333.0,40.62592264540891,9.21668071201643
3270.0,2.0,323.13424329,26.0,157.21877767936226,11.725821566958505
3274.0,9.0,101.43057711,3117.0,38.411573664009445,15.270356039145028
3299.0,8.0,146.35232480000002,6466.0,28.343666961913197,14.064114876103433
3304.0,16.0,150.08874042,3000.0,44.77413640389725,5.930558312075077
3307.0,12.0,109.65885942,4045.0,39.681133746678476,4.941572075209042
3332.0,-1.0,-1.0,-1.0,-1.0,-1.0
3349.0,-1.0,-1.0,-1.0,-1.0,-1.0
3380.0,-1.0,-1.0,-1.0,-1.0,-1.0
3392.0,49.0,74.6102721012905,49.0,224.4906997342781,6.549045621524441
3427.0,48.0,130.6191893325913,48.0,228.38795394154118,7.958627181868009
3429.0,137.0,122.09301544136521,137.0,122.51254797756125,6.734409199593345
3452.0,1.0,138.70028857,15492.0,23.280188957779746,8.232280236337244
3454.0,21.0,62.12731985778796,21.0,281.945674638323,5.527949300985606
3468.0,8.0,113.10917473,786.0,66.71095364629466,12.661911115139988
3484.0,-1.0,-1.0,-1.0,-1.0,-1.0
3488.0,558.0,85.14610648566436,558.0,87.02391496899912,7.2562813309676
3503.0,-1.0,-1.0,-1.0,-1.0,-1.0
3521.0,5.0,191.22114707,595.0,84.4700324771184,8.516138845658512
3526.0,0.0,145.90475881,12654.0,24.904044877472693,4.824188957989484
3538.0,-1.0,-1.0,-1.0,-1.0,-1.0
3600.0,0.0,264.55104401,2783.0,46.16179509890759,3.861621817517377
3635.0,-1.0,-1.0,-1.0,-1.0,-1.0
3659.0,0.0,98.02723088,4199.0,29.893711248892824,11.23275263910695
3667.0,-1.0,-1.0,-1.0,-1.0,-1.0
3676.0,-1.0,-1.0,-1.0,-1.0,-1.0
3681.0,124.0,89.37712418431774,124.0,166.12046058458813,6.852452913747489
3683.0,15.0,194.89426663,2044.0,36.979627989371124,3.4811224060868007
3698.0,21.0,220.45470088,3454.0,31.05993504576321,12.284024075528176
3726.0,277.0,98.2099860163242,277.0,112.56273988780632,8.397517874736184
3772.0,86.0,30.0629924844636,86.0,128.0631827576026,8.307004649043654
3792.0,0.0,43.49216317,1162.0,62.22320637732506,42.45538582109093
3793.0,42.0,114.23057296572908,42.0,237.67345733687628,10.685184464106266
3815.0,156.0,49.16476523060288,156.0,143.62267493356953,7.876657592437089
3828.0,0.0,196.43986445,7299.0,31.133746678476527,6.1935412199614905
3855.0,-1.0,-1.0,-1.0,-1.0,-1.0
3860.0,-1.0,-1.0,-1.0,-1.0,-1.0
3888.0,-1.0,-1.0,-1.0,-1.0,-1.0
3908.0,71.0,189.47632648,682.0,3.30676114555654,1.8333597932460584
3919.0,5.0,109.35039287,28823.0,17.744316504281073,8.751715248455211
3928.0,3.0,325.87377554,365.0,89.07587835842929,7.5280447254880825
3934.0,11.0,207.22145424,707.0,73.4573368762917,8.033576041356076
3948.0,-1.0,-1.0,-1.0,-1.0,-1.0
4031.0,-1.0,-1.0,-1.0,-1.0,-1.0
4036.0,103.0,51.8437692661258,103.0,159.94980808975492,9.478783551576619
4045.0,12.0,86.04094174,190.0,72.35016238559197,10.404684697307475
4063.0,6.0,136.2070424,1177.0,63.979923235901985,4.027046205896641
4077.0,124.0,57.91033595591643,124.0,166.12046058458813,6.852452913747489
4091.0,33.0,59.09555948555714,33.0,238.6625332152347,8.337239775809882
4114.0,104.0,81.52542515,399.0,61.898435193386476,8.553928348740127
4120.0,-1.0,-1.0,-1.0,-1.0,-1.0
4126.0,825.0,21.64346636718487,825.0,76.43932683790966,3.8702304749187753
4199.0,0.0,98.02723088,3659.0,37.643932683790965,22.096216769635774
4297.0,1.0,284.75902007,6278.0,33.303808680248004,5.412810466837925
4302.0,-1.0,-1.0,-1.0,-1.0,-1.0
4334.0,-1.0,-1.0,-1.0,-1.0,-1.0
4363.0,296.0,36.7648697812698,296.0,68.68910540301151,7.275266384911466
4382.0,-1.0,-1.0,-1.0,-1.0,-1.0
4392.0,60.0,131.82079052552075,60.0,208.48833776203128,9.363463368415374
4416.0,-1.0,-1.0,-1.0,-1.0,-1.0
4468.0,-1.0,-1.0,-1.0,-1.0,-1.0
4513.0,0.0,92.02042696,237.0,115.92855033953352,6.3475250539876535
4530.0,-1.0,-1.0,-1.0,-1.0,-1.0
4549.0,70.0,36.84268449342709,70.0,192.81074697372307,16.682116883842127
4559.0,6.0,117.43494705,1160.0,68.1724239740183,3.930963151559291
4645.0,-1.0,-1.0,-1.0,-1.0,-1.0
4661.0,9.0,142.37971519999996,89.0,158.13404192500738,11.798576896488196
4666.0,-1.0,-1.0,-1.0,-1.0,-1.0
4672.0,3.0,191.17837533,478.0,91.60023619722467,7.722832796208341
4707.0,-1.0,-1.0,-1.0,-1.0,-1.0
4734.0,4.0,104.12483295,905.0,68.18718630056097,6.956226273000397
4739.0,7.0,90.8318493,131.0,70.63773250664305,10.757143847492706
4749.0,17.0,224.305859,3018.0,44.68556244464128,6.228105628152416
4787.0,1160.0,23.56959870560072,1160.0,68.1724239740183,3.930963151559291
4790.0,-1.0,-1.0,-1.0,-1.0,-1.0
4796.0,-1.0,-1.0,-1.0,-1.0,-1.0
4805.0,-1.0,-1.0,-1.0,-1.0,-1.0
4899.0,0.0,242.89499429,7254.0,30.853262474165927,10.360087207910768
5077.0,-1.0,-1.0,-1.0,-1.0,-1.0
5320.0,-1.0,-1.0,-1.0,-1.0,-1.0
5404.0,253.0,40.22838858183914,253.0,93.32742840271627,7.596421324184701
5478.0,3.0,270.85797269,746.0,62.99084735754355,11.200562154789159
5632.0,0.0,129.42765268,1969.0,34.04192500738116,16.083209551633125
5665.0,38.0,65.56733827,2212.0,37.89489223501624,4.560006935074236
5674.0,19.0,101.12853538300554,19.0,308.8131089459699,6.814382851372604
5701.0,11.0,112.892779277192,11.0,387.6439326837909,21.22153088744663
5718.0,-1.0,-1.0,-1.0,-1.0,-1.0
5818.0,15.0,64.4877124459303,15.0,336.8615293770298,8.407272334730097
5912.0,112.0,48.78746153191455,112.0,160.21552996752288,7.190536150900083
6019.0,32.0,179.2821008575667,32.0,254.82728077945086,6.330282372449744
6107.0,9.0,72.32788439714341,9.0,402.8638913492766,24.90197380023352
6110.0,103.0,86.58029389,4036.0,25.922645408916445,13.126153752727449
6211.0,19.0,283.6434694556721,19.0,308.8131089459699,6.814382851372604
6272.0,3.0,56.44645778,340.0,94.00649542367877,12.417186039671963
6278.0,1.0,191.24288147,2239.0,37.481547091821675,14.585976512757771
6387.0,4.0,183.13810990000002,1521.0,59.19692943607913,5.463869100983081
6438.0,11.0,121.97991706,1094.0,69.35341009743135,5.1071720283564535
6466.0,8.0,94.33332493,14240.0,27.88603483909064,4.744610665675957
6495.0,51.0,192.64454285,1223.0,56.731620903454385,5.677296657738002
6497.0,1.0,321.06924645,1188.0,59.905521110126955,8.862222273722688
6499.0,15.0,154.40226268,781.0,57.80927074106879,7.673490299673665
6524.0,37.0,91.20630794,1419.0,61.17508119279598,3.332994608968548
6591.0,4.0,150.59836561,4734.0,37.14201358134042,9.897735565015196
6635.0,7.0,52.32711211,131.0,70.63773250664305,10.757143847492706
6815.0,8.0,129.88757464,270.0,122.76350752878653,7.896521882020912
6871.0,338.0,45.22653243612719,338.0,110.23029229406555,7.055946190149249
7019.0,17.0,182.41793561,13249.0,24.66784765279008,5.710241716793212
7052.0,-1.0,-1.0,-1.0,-1.0,-1.0
7166.0,-1.0,-1.0,-1.0,-1.0,-1.0
7254.0,0.0,114.61501916,22246.0,19.56008266902864,9.77486612775744
7274.0,12.0,56.878514092780144,12.0,354.9601417183348,8.122891197520484
7299.0,0.0,196.43986445,3828.0,40.507824033067614,5.310484996996496
7368.0,7.0,93.88812075,2368.0,46.54561558901683,9.375994204679373
7465.0,-1.0,-1.0,-1.0,-1.0,-1.0
7468.0,-1.0,-1.0,-1.0,-1.0,-1.0
7537.0,-1.0,-1.0,-1.0,-1.0,-1.0
7689.0,6.0,187.11473047,4063.0,39.489223501623854,4.109981140453221
8129.0,-1.0,-1.0,-1.0,-1.0,-1.0
8196.0,-1.0,-1.0,-1.0,-1.0,-1.0
8269.0,-1.0,-1.0,-1.0,-1.0,-1.0
8353.0,2.0,252.80879787,1555.0,51.57956894006495,13.24162597080484
8544.0,1.0,251.03830975,3452.0,41.526424564511366,25.581353784385186
8546.0,114.0,123.83261141957672,114.0,164.90994980808975,10.613185390488448
8604.0,6.0,208.9774773206956,6.0,469.79627989371124,10.721478930511527
8685.0,-1.0,-1.0,-1.0,-1.0,-1.0
8705.0,243.0,32.56176049748162,243.0,118.2167109536463,9.079416655497194
8710.0,-1.0,-1.0,-1.0,-1.0,-1.0
8723.0,2.0,128.84317154,1555.0,51.57956894006495,13.24162597080484
8968.0,111.0,116.64027970007123,111.0,156.22970180100384,16.177742853534486
9084.0,4.0,99.23219808,954.0,66.68142899320934,8.129031689312018
9224.0,1066.0,11.332934991811142,1066.0,70.50487156775908,3.57453265734898
9244.0,8.0,97.90577476391192,8.0,424.1068792441689,9.421478433736931
9293.0,2.0,164.33919377,1555.0,51.57956894006495,13.24162597080484
9378.0,108.0,63.56791005540178,108.0,166.9323885444346,5.79349391779793
9973.0,0.0,42.59474815,413.0,65.35281960436966,7.365345448804473
10159.0,5.0,175.17698486243438,5.0,491.21641570711546,10.266882742448566
10201.0,4.0,84.98503523,94.0,29.229406554472988,7.2963595443387135
10280.0,1.0,259.05386133,6278.0,33.303808680248004,5.412810466837925
10454.0,2.0,272.03508567,2585.0,47.54945379391792,5.369251864555777
10459.0,121.0,41.02152749507508,121.0,159.0493061706525,8.672669864130327
10473.0,5.0,155.01182433,96.0,162.57750221434898,10.523940204688603
10640.0,161.0,85.52100146559262,161.0,142.53026276941245,10.569613472329412
10691.0,-1.0,-1.0,-1.0,-1.0,-1.0
10928.0,10.0,36.235736315624436,10.0,391.91024505462065,21.52470264417007
11010.0,7.0,56.07506507,1343.0,60.54030115146147,7.39052078365525
11061.0,-1.0,-1.0,-1.0,-1.0,-1.0
11272.0,45.0,186.77923208760268,45.0,238.6625332152347,8.310366213094039
11441.0,3.0,115.48576477,1581.0,54.989666371420135,9.294989930780243
11777.0,4.0,358.45420259,954.0,66.68142899320934,8.129031689312018
11869.0,4.0,156.00570275017338,4.0,481.78328904635373,12.295552182929715
12140.0,0.0,125.28347620000001,1492.0,52.52435783879539,12.743886302449761
12208.0,59.0,116.28449985018234,59.0,195.89607322113963,18.197427773005142
12631.0,-1.0,-1.0,-1.0,-1.0,-1.0
12654.0,0.0,145.90475881,3526.0,41.51166223796871,7.985283219752942
12682.0,2.0,116.38420903,2405.0,48.139946855624444,8.74387355830429
12738.0,2.0,139.46009343,35974.0,16.710953646294655,4.160884759164869
13249.0,17.0,117.01714993,3018.0,44.68556244464128,6.228105628152416
13299.0,20.0,266.8002485613438,20.0,286.3448479480366,12.871478480843734
13377.0,0.0,195.8965917,3005.0,44.77413640389725,4.663367671422084
13514.0,0.0,129.24333845,305.0,96.67847652790078,11.849866759186348
13781.0,28.0,40.67316770139353,28.0,268.7481547091822,6.537382022403832
13807.0,-1.0,-1.0,-1.0,-1.0,-1.0
14240.0,8.0,94.33332493,6466.0,28.343666961913197,14.064114876103433
14442.0,2.0,153.40783121870962,2.0,608.5769117212873,44.75454495770237
14650.0,-1.0,-1.0,-1.0,-1.0,-1.0
15000.0,7.0,79.13597119,1105.0,57.42545025095955,11.44157913282441
15492.0,1.0,138.50095406,15909.0,21.12488928255093,8.225743426177287
15529.0,-1.0,-1.0,-1.0,-1.0,-1.0
15840.0,34.0,66.83919658854171,34.0,245.89607322113963,8.596351866624243
15909.0,1.0,138.50095406,15492.0,23.280188957779746,8.232280236337244
17026.0,-1.0,-1.0,-1.0,-1.0,-1.0
17588.0,19.0,161.96284509999998,5674.0,34.83909064068497,5.259999841349184
17633.0,-1.0,-1.0,-1.0,-1.0,-1.0
17795.0,0.0,114.22610134,1009.0,24.34307646885149,10.54897743514802
18379.0,2.0,196.73741569999999,2550.0,47.977561263655154,27.66305659906255
18862.0,0.0,159.72631761,30409.0,16.06141127841748,8.93097730086334
19129.0,34.0,170.59971947,15840.0,23.07351638618246,13.797234757351466
19715.0,-1.0,-1.0,-1.0,-1.0,-1.0
20157.0,-1.0,-1.0,-1.0,-1.0,-1.0
20512.0,17.0,165.3241872438097,17.0,344.3607912607027,22.352465214619972
20747.0,2.0,181.16846552,8723.0,28.948922350162384,4.947667187460612
22246.0,0.0,111.32867856,31281.0,9.994095069382935,5.233395260282307
23231.0,3.0,175.948307,340.0,94.00649542367877,12.417186039671963
25513.0,0.0,219.77162013,12654.0,24.904044877472693,4.824188957989484
28102.0,-1.0,-1.0,-1.0,-1.0,-1.0
28823.0,5.0,81.38067957,3209.0,43.04694419840567,9.65190742916966
29309.0,59.0,42.35333703957551,59.0,195.89607322113963,18.197427773005142
30409.0,0.0,159.72631761,18862.0,21.213463241806906,5.454011985627035
31281.0,0.0,98.23847964,18.0,76.08503100088573,11.741410936340946
35974.0,2.0,111.51298336,2550.0,47.977561263655154,27.66305659906255
46322.0,2.0,144.97737489,165.0,85.06052553882492,8.898853306713862
49407.0,12.0,56.13174318100214,12.0,354.9601417183348,8.122891197520484
