Name,RAh,RAm,RAs,DE,DEd,DEm,DEs,a26,b_a,AB,l_FUVmag,FUVmag,Bmag,l_Hamag,Hamag,Kmag,f_Kmag,l_21mag,21mag,W50,TType,Tdw1,Tdw2,RVel,Dis,f_Dis
UGC12894,0,0,22.5,+,39,29,44,1.02,0.87,0.47,,17.57,16.8,,19.91,14.02,*,,15.66,34.0,10.0,Ir,L,335.0,8.47,TF
WLM,0,1,58.1,-,15,27,40,11.48,0.35,0.16,,12.8,11.03,,15.56,9.0,,,11.19,53.0,9.0,Im,N,-122.0,0.97,TRGB
And XVIII,0,2,14.5,+,45,5,20,1.4,0.99,0.45,>,23.0,17.0,,,12.49,*,,,,-3.0,Sph,L,-332.0,1.36,TRGB
ESO409-015,0,5,31.8,-,28,5,53,1.2,0.46,0.07,,16.08,15.15,,17.21,12.74,*,,15.28,53.0,9.0,Im,N,726.0,7.7,TF
AGC748778,0,6,34.4,+,15,30,39,0.32,0.52,0.28,,20.28,18.9,,,16.29,*,,18.21,16.0,10.0,Ir,L,258.0,5.4,h'
And XX,0,7,30.7,+,35,7,56,0.8,0.7,0.25,,21.84,19.0,,,14.67,*,,,,-3.0,Sph,X,-456.0,0.8,TRGB
UGC00064,0,7,44.0,+,40,52,32,1.66,0.56,0.34,,16.59,15.5,,,12.84,*,,14.3,60.0,10.0,Ir,N,305.0,9.6,TF
ESO349-031,0,8,13.3,-,34,34,42,1.23,0.82,0.05,,17.14,15.71,,21.43,13.02,,,15.53,30.0,10.0,Ir,L,221.0,3.21,TRGB
NGC0024,0,9,56.4,-,24,57,48,7.24,0.22,0.08,,14.16,12.38,,16.03,8.96,,,13.54,213.0,5.0,,,550.0,9.9,TF
NGC0045,0,14,3.9,-,23,10,56,8.51,0.69,0.09,,12.69,11.55,,14.41,9.09,,,11.98,172.0,8.0,,,465.0,9.2,TF
NGC0055,0,15,8.5,-,39,13,13,37.15,0.17,0.06,,10.29,8.84,,11.66,6.25,,,8.84,169.0,8.0,,,129.0,2.13,TRGB
NGC0059,0,15,25.1,-,21,26,38,2.29,0.48,0.09,,16.25,12.97,,17.26,10.1,,,15.94,50.0,-3.0,dEem,N,361.0,5.3,SBF
ESO410-005,0,15,31.4,-,32,10,48,1.62,0.77,0.06,,18.41,14.9,>,25.92,12.5,*,,17.48,23.0,10.0,Tr,N,36.0,1.92,TRGB
And XIX,0,19,32.1,+,35,2,37,6.2,0.83,0.27,>,23.0,16.8,,,12.45,*,,,,-3.0,Sph,X,-111.0,0.93,TRGB
IC0010,0,20,24.5,+,59,17,30,6.76,0.87,3.65,,,11.78,,12.38,6.51,,,9.94,62.0,10.0,Ir,N,-346.0,0.66,Cep
And XXVI,0,23,45.6,+,47,54,58,1.6,0.75,0.46,>,23.0,18.4,,,13.88,*,,,,-3.0,Sph,X,-261.0,0.76,HB
Sc22,0,23,51.7,-,24,42,18,0.93,0.78,0.07,,22.75,17.73,>,25.92,13.57,*,>,21.5,,-3.0,Sph,L,,4.21,TRGB
Cetus,0,26,11.0,-,11,2,40,4.79,0.67,0.12,>,23.0,14.4,>,22.12,10.19,*,>,19.84,,-1.0,Tr,L,-87.0,0.78,TRGB
ESO294-010,0,26,33.3,-,41,51,20,1.51,0.64,0.02,,18.06,15.53,,21.05,14.08,,,18.56,23.0,10.0,Tr,N,107.0,1.92,TRGB
UGC00288,0,29,4.0,+,43,25,54,1.07,0.62,0.33,,17.57,15.64,,19.67,12.99,*,,15.78,36.0,10.0,Ir,N,187.0,6.73,BS
And XXV,0,30,8.9,+,46,51,7,4.8,0.75,0.42,>,23.0,15.9,,,11.42,*,,,,-3.0,Sph,X,-108.0,0.81,HB
ESO473-024,0,31,22.5,-,22,45,57,1.55,0.59,0.08,,16.92,16.38,,19.06,13.96,*,,15.37,48.0,10.0,Ir,N,530.0,9.9,TF
NGC0147,0,33,11.6,+,48,30,28,13.49,0.61,0.75,>,23.0,10.36,,24.43,7.2,,>,20.87,,-3.0,Sph,N,-193.0,0.76,TRGB
And III,0,35,33.8,+,36,29,52,3.63,0.48,0.1,>,23.0,15.2,,23.76,11.01,*,>,16.33,,-3.0,Sph,L,-346.0,0.75,TRGB
And XXX,0,36,34.9,+,49,38,48,,,0.71,,,,,,,*,,,,,,,-141.0,0.68,TRGB
And XVII,0,37,7.0,+,44,19,20,1.9,0.8,0.32,,21.19,17.7,,,13.31,*,>,16.34,,-2.0,Sph,X,-251.0,0.74,HB
And XXVII,0,37,27.1,+,45,23,13,2.8,0.6,0.34,>,23.0,17.6,,,13.19,*,,,,-3.0,Sph,X,-535.0,0.83,HB
NGC0185,0,38,58.0,+,48,20,10,12.3,0.85,0.79,,,9.99,,20.17,6.56,,,17.23,36.0,-3.0,dE,N,-203.0,0.61,TRGB
NGC0205,0,40,22.5,+,41,41,11,19.5,0.61,0.27,,14.99,8.72,>,27.87,5.59,,,16.41,42.0,-2.0,dE,N,-221.0,0.82,TRGB
And IV,0,42,30.1,+,40,34,33,1.0,0.77,0.27,,17.89,17.18,,21.06,14.54,*,,14.02,90.0,10.0,Ir,L,237.0,6.31,TRGB
MESSIER032,0,42,42.1,+,40,51,59,8.91,0.71,0.26,,16.27,8.89,,23.24,5.1,,>,14.27,,-2.0,dEem,H,-202.0,0.49,TRGB
MESSIER031,0,42,44.5,+,41,16,9,190.55,0.33,0.27,,,4.29,,13.81,0.99,,,5.95,510.0,3.0,,,-296.0,0.77,Cep
DDO226,0,43,3.8,-,22,15,1,2.24,0.36,0.07,,16.69,14.9,,19.26,12.48,,,15.47,37.0,10.0,Ir,N,359.0,4.92,TRGB
And I,0,45,40.0,+,38,2,14,2.88,0.78,0.23,,22.11,13.9,,24.61,9.59,*,>,16.32,,-3.0,Sph,L,-376.0,0.73,TRGB
And XI,0,46,20.0,+,33,48,5,1.1,0.85,0.35,,21.23,18.5,,,14.08,*,>,16.33,,-3.0,Sph,X,-419.0,0.73,RR
NGC0247,0,47,8.3,-,20,45,36,25.12,0.32,0.08,,11.53,9.86,,13.16,7.43,,,10.74,207.0,7.0,,,161.0,3.65,TRGB
And XII,0,47,27.0,+,34,22,29,1.9,0.9,0.49,>,23.0,18.7,,,14.15,*,>,16.33,,-3.0,Sph,X,-556.0,0.83,TRGB
NGC0253,0,47,34.3,-,25,17,32,37.15,0.22,0.08,,11.31,7.92,,11.84,3.77,,,10.94,407.0,5.0,,,243.0,3.94,TRGB
KDG002,0,49,21.1,-,18,4,28,1.23,0.92,0.1,,19.47,16.37,>,25.92,13.93,*,,18.61,26.0,10.0,Tr,L,224.0,3.4,TRGB
DDO006,0,49,49.3,-,21,0,58,2.29,0.41,0.07,,16.91,15.3,,20.55,13.26,,,15.86,19.0,10.0,Ir,N,292.0,3.34,TRGB
ESO540-032,0,50,24.6,-,19,54,25,1.51,0.92,0.09,,19.7,16.44,,24.1,14.01,*,,18.55,17.0,10.0,Ir,L,228.0,3.42,TRGB
Bol520,0,50,42.4,+,32,54,59,0.2,0.89,0.37,,21.9,16.28,,,13.31,,,,,-3.0,dE,H,-312.0,0.63,TRGB
And XIV,0,51,35.0,+,29,41,49,2.7,0.68,0.26,>,23.0,16.9,,,12.56,*,>,16.34,,-3.0,Sph,X,-481.0,0.73,TRGB
And XIII,0,51,51.0,+,33,0,16,1.3,0.75,0.35,>,23.0,18.2,,,13.78,*,>,16.33,,-3.0,Sph,X,-195.0,0.84,RR
SMC,0,52,38.0,-,72,48,1,380.19,0.64,0.17,,,2.7,,7.97,0.16,*,,3.2,90.0,9.0,Im,N,158.0,0.06,Cep
And IX,0,52,52.8,+,43,12,0,4.0,0.75,0.33,,22.62,16.7,,25.63,12.3,*,>,16.32,,-3.0,Sph,X,-216.0,0.79,TRGB
NGC0300,0,54,53.5,-,37,40,57,25.7,0.71,0.06,,10.34,8.95,,13.66,6.38,,,9.12,147.0,7.0,,,146.0,2.15,Cep
And XVI,0,59,29.8,+,32,22,36,1.78,0.9,0.29,,20.63,15.7,,,11.33,*,>,16.34,,-3.0,Sph,L,-385.0,0.52,TRGB
Sculptor,1,0,9.4,-,33,42,33,39.81,0.68,0.05,,22.09,10.05,,,5.9,*,>,12.12,,-3.0,Sph,X,105.0,0.09,TRGB
LGS 3,1,3,55.0,+,21,53,6,2.4,0.58,0.18,,19.46,15.0,>,26.11,12.49,*,,17.35,18.0,10.0,Tr,L,-286.0,0.65,TRGB
IC1613,1,4,47.8,+,2,8,0,19.05,0.9,0.11,,11.64,9.88,,14.86,7.43,*,,10.71,27.0,10.0,Ir,N,-232.0,0.73,Cep
And X,1,6,33.7,+,44,48,16,2.1,0.56,0.55,>,23.0,16.7,,21.9,12.1,*,>,16.34,,-3.0,Sph,X,-164.0,0.63,HB
UGC00685,1,7,22.3,+,16,41,2,2.4,0.71,0.25,,16.51,14.22,,17.97,11.64,*,,14.75,64.0,9.0,BCD,N,156.0,4.51,TRGB
KKH5,1,7,32.5,+,51,26,25,0.87,0.62,1.22,,,17.1,,19.63,13.63,*,,16.8,37.0,10.0,Ir,L,61.0,4.27,TRGB
AM0106-382,1,8,22.0,-,38,12,33,0.72,0.56,0.05,,17.37,16.26,,19.23,13.86,*,,16.45,38.0,10.0,Ir,N,645.0,8.2,TF
NGC0404,1,9,26.9,+,35,43,3,3.47,0.95,0.25,,15.42,11.21,,15.08,7.53,,,13.43,79.0,-1.0,S0em,N,-50.0,3.05,TRGB
And V,1,10,17.1,+,47,37,41,2.4,0.82,0.54,,,15.92,,24.41,11.33,*,>,16.34,,-3.0,Sph,L,-403.0,0.81,TRGB
And XV,1,14,18.7,+,38,7,3,1.9,0.85,0.2,,,15.9,,,11.62,*,>,16.32,,-3.0,Sph,L,-323.0,0.76,TRGB
And II,1,16,29.8,+,33,25,9,2.82,0.8,0.27,,21.67,15.1,,24.59,10.75,*,>,16.31,,-3.0,Sph,L,-194.0,0.65,TRGB
And XXIV,1,18,30.0,+,46,21,58,3.3,0.75,0.35,,,17.2,,,12.78,*,,,,-3.0,Sph,X,-128.0,0.6,HB
And XXII,1,27,40.0,+,28,5,25,1.4,0.44,0.33,,22.43,18.8,,,14.4,*,,,,-3.0,Sph,X,-127.0,0.79,TRGB
UGC01056,1,28,47.2,+,16,41,17,1.0,0.68,0.31,,17.24,14.81,,18.17,12.0,,,16.05,42.0,9.0,Im,N,595.0,7.3,mem
And XXIII,1,29,21.8,+,38,43,8,7.3,0.6,0.28,,,15.1,,,10.74,*,,,,-3.0,Sph,X,-243.0,0.73,TRGB
UGC01104,1,32,42.3,+,18,18,57,1.78,0.6,0.27,,16.12,14.48,,18.25,11.81,,,15.17,83.0,9.0,BCD,N,688.0,7.55,BS
MESSIER033,1,33,50.8,+,30,39,37,69.18,0.61,0.18,,8.21,6.27,,12.2,4.1,,,7.17,181.0,5.0,,,-182.0,0.85,Cep
KKH6,1,34,51.6,+,52,5,30,0.87,0.6,1.52,>,23.0,17.0,,20.82,13.73,,,17.11,28.0,10.0,Ir,N,60.0,3.73,TRGB
NGC0625,1,35,5.0,-,41,26,11,7.08,0.28,0.07,,13.9,11.59,,14.69,8.9,,,13.85,75.0,8.0,,,395.0,3.89,TRGB
NGC0628,1,36,41.3,+,15,47,12,11.22,0.94,0.3,,12.24,9.79,,13.63,6.85,,,11.54,53.0,5.0,,,657.0,7.31,BS
UGC01171,1,39,41.6,+,15,54,11,1.29,0.92,0.25,,18.77,15.71,,22.97,13.13,*,,15.02,25.0,10.0,Ir,N,738.0,7.38,BS
DDO013,1,40,9.6,+,15,54,17,4.57,0.78,0.28,,15.97,14.37,,17.66,11.76,*,,13.97,35.0,10.0,Ir,L,631.0,9.04,BS
AGC112521,1,41,7.9,+,27,19,26,0.6,0.55,0.27,,21.08,17.8,,23.38,15.2,*,,17.88,26.0,10.0,Ir,L,274.0,6.52,h
KK13,1,42,16.8,+,26,22,4,0.71,0.57,0.39,,19.01,16.57,,20.78,13.86,*,,17.12,31.0,10.0,Ir,N,357.0,7.2,mem
KDG010,1,43,41.4,+,15,41,23,1.45,0.67,0.32,,19.78,16.28,,20.02,13.64,*,,16.02,32.0,10.0,Ir,L,789.0,7.87,BS
KK14,1,44,42.7,+,27,17,16,0.79,0.37,0.31,,19.14,17.47,,21.97,14.84,*,,16.22,28.0,10.0,Ir,L,420.0,7.2,mem
ESO245-005,1,45,3.6,-,43,35,53,3.8,0.89,0.07,,13.77,12.7,,16.18,10.26,,,12.62,60.0,9.0,Im,N,393.0,4.43,TRGB
KK15,1,46,41.6,+,26,48,5,0.59,0.33,0.36,,19.88,18.22,,22.66,15.54,*,,17.5,22.0,10.0,Ir,L,366.0,7.2,mem
IC1727,1,47,30.1,+,27,19,52,6.92,0.36,0.34,,14.1,12.07,,16.2,8.97,*,,12.94,129.0,8.0,,,336.0,7.2,BS
NGC0672,1,47,53.2,+,27,26,1,7.24,0.36,0.34,,13.86,11.31,,15.25,8.51,,,12.05,205.0,6.0,,,429.0,7.2,BS
UGC01281,1,49,32.3,+,32,35,33,5.62,0.18,0.2,,15.47,12.87,,17.52,10.5,,,13.75,123.0,7.0,,,157.0,4.94,TRGB
Phoenix,1,51,6.3,-,44,26,41,5.5,0.85,0.07,,16.37,13.72,,,11.31,*,>,16.0,,10.0,Tr,L,-52.0,0.44,HB
KK16,1,55,20.6,+,27,57,15,1.32,0.37,0.29,,18.75,16.3,,21.3,13.68,*,,17.42,24.0,10.0,Ir,N,207.0,5.47,TRGB
KK17,2,0,9.9,+,28,49,57,1.0,0.5,0.24,,19.69,17.2,,21.27,14.24,,,17.44,20.0,10.0,Ir,L,168.0,4.9,TRGB
NGC0784,2,1,16.8,+,28,50,37,6.61,0.23,0.26,,14.42,12.22,,16.24,10.29,,,13.16,88.0,8.0,,,193.0,4.97,TRGB
UGC1561,2,4,5.0,+,24,12,28,2.34,0.86,0.36,,17.19,14.51,,,11.83,*,,16.04,39.0,9.0,BCD,N,606.0,7.2,TF
Cas1,2,6,7.9,+,69,0,36,2.19,0.77,4.4,,,15.29,,17.16,9.34,,,13.15,50.0,10.0,Ir,N,35.0,3.3,mem
UGC01703,2,12,55.8,+,32,48,51,0.79,0.55,0.42,>,23.0,17.0,,24.29,12.52,*,>,18.2,,-2.0,Tr,N,,4.19,SBF
NGC0855,2,14,3.7,+,27,52,38,3.09,0.38,0.31,,16.52,13.3,,16.7,9.83,,,14.64,94.0,0.0,dS0em,N,591.0,9.73,SBF
Segue 2,2,19,16.0,+,20,10,31,5.4,0.85,0.81,,21.01,16.2,,,11.36,*,,,,-3.0,Sph,X,-39.0,0.03,TRGB
NGC0891,2,22,32.8,+,42,20,48,13.18,0.29,0.28,,15.15,10.71,,15.56,5.94,,,11.68,456.0,3.0,,,526.0,9.77,SBF
KKH11,2,24,35.0,+,56,0,42,1.66,0.54,2.13,,,16.2,,19.11,11.74,,,14.06,84.0,10.0,Ir,N,296.0,3.0,mem
[KK2000] 03,2,24,42.7,-,73,30,46,2.45,0.4,0.22,>,23.0,16.0,,,10.83,,>,18.2,,-3.0,Tr,L,,4.1,mem
DDO019,2,25,0.2,+,36,2,16,2.14,0.76,0.3,,16.62,15.8,,18.19,13.14,*,,14.87,87.0,10.0,Ir,L,577.0,9.3,mem
d0226+3325,2,26,52.8,+,33,25,37,1.66,0.92,0.32,,,17.5,,25.32,14.86,*,,15.67,40.0,10.0,Ir,X,520.0,9.3,mem
NGC0925,2,27,16.0,+,33,34,41,11.75,0.56,0.33,,12.72,10.58,,14.11,7.87,,,11.73,203.0,7.0,,,553.0,9.29,Cep
Halogas,2,27,20.0,+,33,57,30,0.43,0.75,0.33,,19.99,18.0,,,15.35,*,,17.87,28.0,10.0,Ir,L,528.0,9.3,mem
KKH12,2,27,27.0,+,57,29,16,1.7,0.29,3.44,,,17.8,,19.13,11.79,,,15.13,48.0,10.0,Ir,L,70.0,3.0,mem
DDO022,2,32,54.0,+,38,40,50,1.74,0.31,0.21,,18.3,15.65,,19.64,13.11,*,,15.54,52.0,10.0,Ir,N,570.0,9.3,mem
DDO025,2,33,18.2,+,33,29,28,2.57,0.92,0.41,,15.9,13.96,,17.5,10.98,*,,14.65,36.0,8.0,,,604.0,9.3,mem
DDO024,2,33,43.0,+,40,31,41,2.62,0.81,0.24,,,13.68,,18.42,10.86,*,,13.97,48.0,8.0,,,581.0,9.8,mem
MB1,2,35,35.6,+,59,22,47,1.07,0.42,4.22,,,17.8,,19.79,10.46,,,15.05,50.0,10.0,Ir,L,190.0,3.0,mem
Maffei1,2,36,35.5,+,59,39,18,2.69,0.85,5.05,,,13.47,>,21.4,5.55,,,,,-3.0,,,66.0,3.01,FP
ESO115-021,2,37,45.0,-,61,20,28,7.24,0.14,0.11,,14.83,13.34,,16.63,9.97,,,12.91,121.0,7.0,,,515.0,4.99,TRGB
Fornax,2,39,54.7,-,34,31,33,17.78,0.7,0.05,,20.68,9.28,,,5.13,*,>,13.58,,-3.0,Sph,L,29.0,0.14,TRGB
Maffei2,2,41,54.5,+,59,36,11,3.8,0.5,7.19,,,14.77,,17.32,4.5,,,11.12,306.0,4.0,,,-15.0,2.8,TF
UGC02172,2,42,10.8,+,43,21,19,1.41,0.61,0.45,,,14.6,,,12.37,,,15.99,60.0,10.0,Ir,N,565.0,9.3,TF
AGC122226,2,46,38.9,+,27,43,35,0.85,0.55,0.53,,,17.08,,19.27,14.25,*,,16.62,29.0,9.0,BCD,N,472.0,8.56,TF
Dw2,2,54,8.5,+,59,0,19,1.0,0.4,5.13,,,17.97,,20.16,10.22,,,13.2,100.0,10.0,Ir,N,94.0,3.0,mem
MB3,2,55,43.6,+,58,51,42,1.58,0.31,5.64,,,19.38,>,24.39,10.93,,,13.77,15.0,10.0,Ir,N,59.0,3.0,mem
ESO154-023,2,56,50.4,-,54,34,23,8.32,0.18,0.07,,13.93,12.71,,16.14,9.81,*,,11.83,122.0,8.0,,,574.0,5.55,TRGB
Dw1,2,56,56.1,+,58,54,42,2.0,0.65,6.34,,,15.01,,17.3,5.17,*,,11.72,187.0,3.0,,,112.0,2.8,TF
ESO199-007,2,58,4.1,-,49,22,57,1.07,0.4,0.09,,17.8,16.44,,,14.01,*,,16.61,55.0,10.0,Ir,N,630.0,6.56,h
NGC1156,2,59,42.4,+,25,14,15,3.31,0.85,0.97,,14.5,12.32,,15.01,9.55,,,13.23,68.0,8.0,,,373.0,7.8,BS
LV J0300+2546,3,0,39.3,+,25,46,56,0.35,0.87,1.37,,22.57,18.1,,21.73,14.5,*,,19.8,19.0,10.0,Ir,N,308.0,7.8,mem
KKH18,3,3,5.9,+,33,41,40,0.71,0.57,0.86,,18.43,16.7,,20.69,13.56,*,,16.39,34.0,10.0,Ir,N,216.0,4.43,TRGB
ESO300-014,3,9,37.8,-,41,1,50,7.08,0.52,0.07,,15.03,13.06,,17.43,10.0,,,14.15,130.0,8.0,,,955.0,9.8,TF
ESO300-016,3,10,10.5,-,40,0,11,1.45,0.72,0.08,,17.44,15.57,,20.51,13.15,*,,15.9,37.0,10.0,Ir,N,710.0,8.8,TF
NGC1291,3,17,18.6,-,41,6,29,14.45,0.92,0.06,,14.31,9.42,,14.58,5.66,,,13.1,40.0,1.0,,,838.0,8.8,mem
NGC1313,3,18,15.4,-,66,29,51,12.59,0.8,0.47,,11.49,9.66,,12.98,7.57,,,10.77,167.0,7.0,,,470.0,4.07,TRGB
NGC1311,3,20,7.4,-,52,11,6,4.68,0.25,0.09,,15.02,13.4,,16.46,10.92,,,14.44,82.0,8.0,,,571.0,5.2,TRGB
UGC02684,3,20,23.7,+,17,17,42,1.95,0.5,0.6,,17.83,16.29,,20.28,13.46,,,15.1,79.0,10.0,Ir,N,350.0,6.49,BS
KK27,3,21,3.0,-,66,19,11,1.17,0.33,0.33,,19.88,16.5,,,13.85,*,,19.15,10.0,10.0,Ir,L,533.0,3.98,TRGB
UGC02716,3,24,7.2,+,17,45,15,1.58,0.56,0.59,,17.07,14.64,,18.81,11.5,,,15.67,44.0,8.0,,,381.0,6.4,h
UGC02773,3,32,7.1,+,47,47,37,1.2,0.75,2.43,,,15.0,,15.94,9.77,,,13.93,81.0,9.0,Im,N,216.0,5.4,h
IC1959,3,33,11.8,-,50,24,38,4.07,0.23,0.05,,14.47,13.2,,16.39,11.04,,,13.83,128.0,8.0,,,640.0,6.05,TRGB
PGC013294,3,35,56.8,-,45,11,29,0.62,0.8,0.05,,17.61,16.13,,,13.73,*,>,17.4,,10.0,Ir,N,744.0,7.98,h
NGC1400,3,39,30.8,-,18,41,17,3.47,0.87,0.28,,17.5,11.92,,,7.81,,,,,-3.0,,,569.0,24.5,SBF
KKH22,3,44,56.6,+,72,3,52,1.05,0.52,1.66,>,23.0,18.0,,,14.13,*,>,17.4,,10.0,Tr,L,,3.5,mem
KK35,3,45,12.6,+,67,51,50,2.51,0.68,2.5,,19.07,15.7,,16.69,11.06,*,,,,10.0,Ir,N,-66.0,3.16,TRGB
IC0342,3,46,48.9,+,68,5,45,21.38,0.91,2.41,,12.81,9.37,,13.68,4.57,,,8.01,181.0,6.0,,,29.0,3.28,Cep
UGC02905,3,57,0.6,+,16,31,28,1.0,0.6,1.35,,18.72,15.76,,19.84,12.17,,,15.76,41.0,10.0,Ir,N,292.0,5.83,BS
UGCA086,3,59,49.5,+,67,7,31,4.47,0.69,4.06,,,13.5,,16.21,8.17,,,,,8.0,,,72.0,2.96,TRGB
IC2038,4,8,54.1,-,55,59,32,2.09,0.24,0.05,,17.16,14.98,,,12.0,,,,,7.0,,,712.0,19.2,TF
NGC1533,4,9,51.8,-,56,7,6,3.55,0.82,0.07,,16.96,11.79,,16.06,7.63,,,12.87,250.0,1.0,,,785.0,19.4,SBF
ESO483-013,4,12,41.1,-,23,9,32,1.58,0.54,0.22,,16.21,14.06,,17.84,10.84,,,16.11,74.0,9.0,BCD,N,898.0,7.4,TF
CamA,4,25,15.6,+,72,48,21,3.72,0.57,0.93,,20.08,14.84,,19.35,11.64,*,,13.25,38.0,10.0,Ir,L,-54.0,3.93,TRGB
NGC1592,4,29,40.8,-,27,24,31,1.41,0.48,0.15,,14.36,14.45,,,12.66,,,15.64,73.0,10.0,Ir,N,945.0,9.1,TF
NGC1569,4,30,49.1,+,64,50,53,3.98,0.51,2.38,,15.6,11.79,,12.84,7.5,,,12.59,101.0,8.0,,,-86.0,3.06,TRGB
UGCA092,4,32,0.3,+,63,36,50,2.0,0.5,3.42,,,15.22,,17.11,11.0,,,12.79,56.0,10.0,Ir,L,-95.0,3.01,TRGB
NGC1560,4,32,49.9,+,71,52,52,9.77,0.15,0.81,,14.73,12.11,,15.35,9.26,,,10.94,119.0,7.0,,,-36.0,3.45,TRGB
NGC1637,4,41,28.2,-,2,51,29,4.37,0.79,0.17,,,11.47,,15.01,7.98,,,13.14,188.0,6.0,,,713.0,9.29,SN
CamB,4,53,6.9,+,67,5,57,1.48,0.5,0.94,,,16.71,,20.27,13.36,,,15.74,21.0,10.0,Ir,L,78.0,3.34,TRGB
NGC1705,4,54,13.7,-,53,21,41,2.24,0.74,0.03,,13.4,12.77,,15.11,10.52,,,14.46,111.0,9.0,BCD,N,628.0,5.11,TRGB
HIPASS J0457-42,4,56,58.7,-,42,48,14,1.41,0.37,0.06,,,14.46,,18.69,12.06,*,,14.8,58.0,10.0,Ir,N,657.0,7.2,TF
NGC1744,4,59,58.2,-,26,1,36,6.92,0.54,0.18,,13.34,11.71,,15.53,9.78,,,12.45,195.0,7.0,,,741.0,10.0,TF
ESO486-021,5,3,19.7,-,25,25,23,1.51,0.76,0.14,,15.55,14.37,,17.58,11.43,,,14.65,65.0,9.0,BCD,N,831.0,10.0,mem
NGC1800,5,6,25.7,-,31,57,15,2.0,0.55,0.06,,14.73,13.13,,16.49,10.21,,,15.02,66.0,9.0,BCD,N,814.0,8.0,TF
UGCA105,5,14,15.1,+,62,34,51,5.5,0.64,1.35,,15.11,12.14,,15.32,8.2,,,11.87,121.0,8.0,,,113.0,3.15,TRGB
LMC,5,23,34.6,-,69,45,22,645.65,0.85,0.32,,,0.91,,3.79,-1.75,*,,2.69,65.0,9.0,Im,N,278.0,0.05,Cep
UGC03303,5,24,59.5,+,4,30,18,5.62,0.78,0.56,,,13.95,,16.22,10.73,*,,13.81,158.0,8.0,,,519.0,7.14,BS
ESO553-046,5,27,5.7,-,20,40,41,1.12,0.71,0.19,,15.48,14.6,,16.16,12.0,,,16.32,62.0,9.0,BCD,N,541.0,5.07,h
KK49,5,41,41.5,+,6,40,54,1.15,0.71,2.46,,,16.1,,16.68,10.39,,,15.06,55.0,9.0,BCD,N,455.0,5.15,h
Orion,5,45,2.0,+,5,4,6,3.09,0.48,3.16,,,15.4,,17.35,10.9,,,12.54,118.0,8.0,,,368.0,6.46,BS
A0554+07,5,57,36.7,+,7,29,31,0.72,0.4,2.55,,,18.4,,21.15,13.72,*,,16.28,50.0,10.0,Ir,N,428.0,5.5,BS
KKH34,5,59,41.2,+,73,25,39,0.93,0.56,1.08,,22.12,17.1,,22.47,13.76,*,,17.26,22.0,10.0,Ir,L,106.0,4.61,TRGB
ESO364-029,6,5,45.4,-,33,4,54,3.55,0.71,0.19,,,13.67,,17.13,10.27,,,14.29,76.0,9.0,Im,N,787.0,7.59,h
HIPASS J0607-34,6,7,19.7,-,34,12,16,1.02,0.67,0.15,,,14.09,,18.01,11.5,,,14.94,127.0,9.0,BCD,N,765.0,7.4,mem
NGC2188,6,10,9.5,-,34,6,22,4.68,0.25,0.14,,,12.14,,15.66,9.5,,,13.66,112.0,8.0,,,745.0,7.4,TF
ESO121-020,6,15,54.5,-,57,43,35,0.93,0.71,0.17,,17.02,15.27,,,12.76,*,,14.9,47.0,10.0,Ir,N,587.0,6.05,TRGB
LV J0616-5745,6,16,9.2,-,57,45,55,0.4,0.8,0.17,,18.45,17.01,,,14.5,*,,16.32,36.0,10.0,Ir,N,554.0,6.0,mem
UGCA127sat,6,20,54.8,-,8,39,1,0.69,0.32,3.53,,,16.9,,20.45,11.32,*,,,,10.0,Ir,L,,8.5,mem
UGCA127,6,20,55.7,-,8,29,44,5.25,0.28,3.62,,,14.1,,15.53,8.31,,,12.14,300.0,6.0,,,732.0,8.5,TF
WHI B0619-07,6,22,13.8,-,7,50,16,1.74,0.53,2.54,,,14.63,,18.53,9.51,*,,13.11,156.0,8.0,,,759.0,8.4,TF
ESO489-056,6,26,17.0,-,26,15,56,0.72,0.5,0.28,,,15.7,,,13.09,*,,16.42,24.0,10.0,Ir,N,492.0,4.99,TRGB
HIPASS J0630+08,6,30,9.0,+,8,22,37,,,2.95,,,,,24.6,,*,,15.68,33.0,10.0,Ir,N,367.0,3.55,h
UGC03475,6,30,28.8,+,39,30,14,2.09,0.57,0.78,,,15.2,,18.43,12.52,,,14.21,170.0,6.0,,,487.0,20.0,TF
UGC03476,6,30,29.2,+,33,18,7,1.48,0.3,1.02,,,15.98,,18.22,12.7,*,,14.68,83.0,10.0,Ir,N,469.0,7.01,BS
ESO490-017,6,37,56.6,-,25,59,59,1.7,0.76,0.34,,,14.01,,17.26,12.0,,,15.09,39.0,10.0,Ir,N,505.0,4.23,TRGB
CGMW1-260,6,38,0.1,-,15,1,22,3.16,0.44,1.44,,,13.7,,18.04,10.0,,,14.23,195.0,8.0,,,746.0,10.8,TF
UGC03501,6,38,38.4,+,49,15,30,1.12,0.37,0.5,,17.99,16.7,,,13.89,*,,16.0,60.0,10.0,Ir,N,451.0,15.5,TF
KK55,6,39,32.9,-,40,43,13,0.71,0.64,0.33,,,16.05,,,13.4,*,,15.59,50.0,10.0,Ir,N,824.0,7.65,h
Carina,6,41,36.7,-,50,57,58,24.55,0.67,0.27,,21.41,11.3,,,6.95,*,>,20.04,,-3.0,Sph,X,224.0,0.1,TRGB
IC2171,6,44,27.3,-,17,55,57,1.91,0.21,1.79,,,15.17,,17.67,10.81,*,,14.85,107.0,8.0,,,789.0,9.9,TF
NGC2283,6,45,52.7,-,18,12,37,3.63,0.76,1.66,,,12.93,,15.08,8.83,,,12.24,179.0,6.0,,,841.0,10.0,TF
KKSG9,6,46,56.9,-,17,56,29,0.5,0.7,1.91,,,16.4,,19.6,11.66,,,14.24,182.0,9.0,BCD,N,693.0,10.0,mem
KKH37,6,47,45.8,+,80,7,26,1.15,0.67,0.33,,18.99,16.4,,21.26,13.75,*,,16.74,,10.0,Ir,N,11.0,3.39,TRGB
KKH38,6,47,54.9,+,47,30,50,1.38,0.54,0.4,,,17.4,,,14.68,*,,15.41,58.0,10.0,Ir,L,451.0,19.3,TF
UGC03600,6,55,40.0,+,39,5,42,1.91,0.36,0.39,,17.63,16.18,,20.15,13.22,*,,15.69,82.0,8.0,,,398.0,7.24,BS
HIZSS003,7,0,29.3,-,4,12,30,0.5,0.6,4.66,,,18.0,,,11.39,*,,13.83,70.0,10.0,Ir,N,298.0,1.67,TRGB
FG202,7,5,17.1,-,58,31,14,1.95,0.47,0.51,,,14.95,,18.03,12.13,*,,13.6,66.0,10.0,Ir,L,564.0,4.9,TRGB
HIPASS J0705-20,7,5,45.0,-,20,59,30,,,2.71,,,,,,,*,,14.59,29.0,0.0,,,766.0,7.23,h
ESO558-011,7,6,56.8,-,22,2,26,1.82,0.56,1.64,,,14.43,,18.42,10.2,*,,15.27,125.0,8.0,,,731.0,8.4,TF
UGC03698,7,9,18.8,+,44,22,48,1.17,0.6,0.42,,17.56,15.41,,18.93,12.68,*,,15.47,38.0,10.0,Ir,N,421.0,7.24,BS
NGC2337,7,10,13.6,+,44,27,25,2.75,0.75,0.38,,15.18,13.48,,16.0,10.34,,,13.8,147.0,9.0,Im,N,433.0,7.87,BS
UGC03755,7,13,51.8,+,10,31,19,1.86,0.59,0.38,,16.38,14.07,,17.96,11.66,,,14.56,34.0,10.0,Ir,N,311.0,7.41,TRGB
UGC03817,7,22,44.5,+,45,6,30,1.74,0.5,0.44,,17.89,15.96,,19.19,11.89,,,15.06,35.0,10.0,Ir,L,437.0,8.55,BS
HIZSS008,7,25,22.0,-,24,28,31,1.35,0.43,6.1,,,16.9,,,8.5,,,13.41,136.0,7.0,,,800.0,7.43,h
DDO043,7,28,17.2,+,40,46,13,1.41,0.69,0.25,,16.8,15.12,,18.79,13.07,,,14.99,36.0,10.0,Ir,N,353.0,5.73,BS
NGC2366,7,28,54.6,+,69,12,19,7.24,0.36,0.16,,12.74,11.68,,13.89,9.14,*,,11.83,99.0,10.0,Ir,N,96.0,3.19,TRGB
HIZSS012,7,30,8.3,-,22,1,1,3.2,0.5,7.88,,,19.0,,,9.0,,,12.56,268.0,8.0,,,779.0,7.2,h
ESO059-001,7,31,19.3,-,68,11,10,2.14,0.81,0.63,,,13.98,,17.89,11.25,,,14.17,85.0,9.0,Im,N,530.0,4.57,TRGB
DDO044,7,34,11.3,+,66,53,10,2.82,0.67,0.19,,22.52,15.64,,24.41,11.37,*,>,18.3,,-3.0,Sph,L,213.0,3.19,TRGB
AGC174585,7,36,10.3,+,9,59,11,0.4,0.62,0.17,,,17.9,,,15.39,*,,18.05,21.0,10.0,Ir,N,356.0,6.1,h'
HIZSS014,7,36,22.6,-,19,29,40,0.4,0.6,5.72,,,18.4,,,10.82,*,,15.35,56.0,9.0,BCD,N,786.0,7.35,h
NGC2403,7,36,51.4,+,65,35,58,28.18,0.56,0.18,,10.66,8.8,,11.99,6.19,,,10.19,240.0,6.0,,,125.0,3.18,Cep
LV J0737+4724,7,37,28.5,+,47,24,33,0.42,0.4,0.47,,20.03,18.06,,,15.28,*,,17.4,39.0,10.0,Ir,N,404.0,15.7,TF
DDO046,7,41,25.8,+,40,6,45,1.78,0.94,0.22,,16.24,14.4,,19.01,12.2,,,14.46,74.0,10.0,Ir,N,364.0,6.85,BS
DDO047,7,41,55.0,+,16,48,2,4.68,0.85,0.14,,15.04,13.62,,17.79,11.0,,,13.33,55.0,8.0,,,270.0,8.05,TRGB
KK65,7,42,31.2,+,16,33,40,1.12,0.56,0.14,,17.56,15.34,,18.08,12.53,,,16.09,33.0,10.0,Ir,N,281.0,8.02,TRGB
HIZSS021,7,46,16.5,-,28,28,11,0.8,0.65,4.37,,,17.5,,,11.13,*,,14.06,85.0,10.0,Ir,N,494.0,3.0,h
KKH40,7,46,56.4,+,51,17,46,0.66,0.72,0.27,,17.87,16.6,,,14.0,*,,16.36,27.0,10.0,Ir,N,445.0,6.98,h
CGCG 262-028,7,47,32.1,+,51,11,29,1.0,0.52,0.3,,16.03,14.8,,17.41,12.81,,,,,9.0,BCD,N,454.0,7.1,h
AGC174605,7,50,21.7,+,7,47,40,0.34,0.94,0.1,>,23.0,18.0,,,15.56,*,,17.84,24.0,10.0,Ir,N,351.0,6.0,h'
UGC04115,7,57,1.8,+,14,23,27,1.91,0.56,0.12,,15.82,15.23,,17.89,12.13,,,14.43,78.0,10.0,Ir,N,343.0,7.73,TRGB
HIPASS J0801-21,8,1,25.4,-,21,59,51,0.48,0.55,0.96,,,17.2,>,22.31,13.97,*,,16.0,56.0,10.0,Ir,N,730.0,6.34,h
NGC2500,8,1,53.2,+,50,44,14,3.31,0.84,0.17,,13.8,12.23,,15.36,9.28,,,13.93,102.0,7.0,,,514.0,12.4,mem
LV J0812+4836,8,12,39.5,+,48,36,45,0.52,0.31,0.22,,19.0,17.1,,,14.55,*,,,,9.0,BCD,N,521.0,12.42,mem
NGC2537,8,13,14.7,+,45,59,26,2.57,0.88,0.23,,14.32,12.27,,15.41,9.13,,,14.42,100.0,8.0,,,449.0,12.2,mem
IC2233,8,13,58.9,+,45,44,32,4.9,0.11,0.22,,14.85,13.07,,16.54,10.76,,,13.46,178.0,7.0,,,557.0,12.2,TF
NGC2541,8,14,40.1,+,49,3,42,7.08,0.53,0.22,,13.16,12.26,,15.57,10.09,,,12.49,192.0,7.0,,,559.0,12.4,TF
HolmII,8,19,4.0,+,70,42,51,8.91,0.86,0.14,,12.55,11.1,,14.47,8.0,,,11.95,64.0,9.0,Im,N,157.0,3.39,TRGB
NGC2552,8,19,20.5,+,50,0,35,3.72,0.74,0.2,,14.65,12.69,,16.41,10.0,,,14.11,130.0,8.0,,,524.0,12.4,mem
ESO006-001,8,19,23.3,-,85,8,44,1.1,0.91,0.83,,,15.13,,,12.97,,>,18.2,,9.0,BCD,N,738.0,6.7,h
ESO495-008,8,21,0.7,-,23,46,53,0.69,0.28,0.49,,,16.06,,19.66,13.21,*,,16.36,99.0,10.0,Ir,N,789.0,17.3,TF
KDG052,8,23,56.0,+,71,1,46,1.26,0.92,0.09,,17.45,16.35,,24.61,13.63,,,15.94,21.0,10.0,Ir,L,116.0,3.55,TRGB
KUG 0821+321,8,25,5.0,+,32,1,3,0.68,0.63,0.2,,,16.8,,,14.27,*,,,,10.0,Ir,N,642.0,8.15,h
CGMW2-3473,8,25,12.9,-,28,8,25,0.78,0.58,1.03,,,15.22,,,11.93,*,,15.72,62.0,9.0,BCD,N,837.0,7.4,TF
DDO052,8,28,28.5,+,41,51,24,1.74,0.5,0.16,,17.01,15.27,,19.93,12.37,,,15.09,83.0,10.0,Ir,N,396.0,10.28,TRGB
DDO053,8,34,6.5,+,66,10,45,2.0,0.87,0.16,,15.58,14.55,,17.05,12.77,,,14.55,30.0,10.0,Ir,N,19.0,3.56,TRGB
ESO495-021,8,36,15.2,-,26,24,34,2.09,0.77,0.48,,,12.45,,14.19,9.0,,,14.71,117.0,9.0,BCD,H,868.0,7.96,h
UGC04483,8,37,3.0,+,69,46,31,1.32,0.58,0.15,,16.0,14.95,,17.61,13.33,,,14.57,33.0,10.0,Ir,N,156.0,3.21,TRGB
ESO496-010,8,49,6.0,-,26,19,12,1.05,0.66,0.43,,17.76,14.83,,,11.9,,,16.1,61.0,9.0,BCD,N,814.0,7.8,TF
AGC182595,8,51,12.1,+,27,52,48,0.36,0.58,0.19,,19.26,17.2,,,14.68,*,,18.1,20.0,9.0,BCD,N,398.0,6.1,h'
UMa II,8,51,30.0,+,63,7,48,25.3,0.5,0.38,,22.28,14.8,,,10.35,*,>,16.33,,-2.0,Sph,X,-116.0,0.03,TRGB
NGC2683,8,52,40.9,+,33,25,2,13.49,0.24,0.14,,14.4,10.34,,14.71,6.33,,,12.93,428.0,3.0,,,411.0,7.73,SBF
KK69,8,52,50.7,+,33,47,52,1.38,0.76,0.13,,20.84,17.4,,22.62,14.93,*,,16.5,13.0,10.0,Ir,L,462.0,7.7,mem
KK70,8,55,22.0,+,33,33,33,0.5,0.97,0.13,>,23.0,17.7,,24.53,13.48,*,>,18.2,,-3.0,Sph,L,,7.7,mem
UGC04704,8,59,0.3,+,39,12,36,4.37,0.11,0.13,,16.11,15.0,,18.56,11.91,*,,14.27,132.0,8.0,,,599.0,15.2,TF
LSBC D564-08,9,2,54.0,+,20,4,31,0.72,0.71,0.12,,18.99,17.9,>,24.61,15.44,*,,16.72,49.0,10.0,Ir,L,483.0,8.67,TRGB
ESO497-004,9,3,3.1,-,23,48,30,1.12,0.23,1.01,,19.16,16.36,,20.76,12.79,*,,15.49,95.0,8.0,,,806.0,19.0,TF
HIPASS J0905-36,9,6,0.0,-,36,3,36,0.5,0.75,1.82,>,23.0,17.4,,,13.38,*,,15.42,70.0,10.0,Ir,N,886.0,7.93,h
UGC04787,9,7,34.9,+,33,16,36,2.45,0.28,0.1,,16.19,14.6,,18.41,11.69,*,,15.29,130.0,8.0,,,553.0,20.3,TF
KKH46,9,8,36.6,+,5,17,32,0.6,0.86,0.2,,18.14,17.05,,19.55,14.52,*,,16.36,25.0,10.0,Ir,N,598.0,5.6,h
LSBC D634-03,9,8,53.5,+,14,34,55,0.47,0.88,0.16,,21.1,17.5,>,24.86,15.0,*,,18.99,47.0,10.0,Ir,N,335.0,9.55,TRGB
KK71,9,9,10.9,-,23,22,4,0.4,0.78,0.77,,21.14,17.7,,,12.9,*,>,18.2,,-3.0,Sph,N,,9.8,mem
DDO056,9,9,46.6,-,23,0,33,1.29,0.7,0.72,,,15.63,,19.46,12.6,*,,16.13,79.0,10.0,Ir,N,724.0,9.8,mem
KK72,9,11,42.3,-,23,58,56,0.45,0.83,0.8,,23.74,18.0,,,13.17,*,>,18.2,,-3.0,Sph,L,,9.8,mem
NGC2784 dw01,9,12,18.5,-,24,12,40,0.89,0.89,0.89,>,23.0,17.27,,,12.36,*,>,18.2,,-3.0,Sph,L,,9.8,mem
NGC2784,9,12,19.4,-,24,10,18,5.5,0.4,0.93,,16.73,11.24,,16.91,6.33,,,,,-2.0,,,687.0,9.82,SBF
KK73,9,12,29.3,-,24,14,28,0.62,0.62,0.85,,20.67,16.35,,,10.62,,>,18.2,,-3.0,Sph,N,,9.8,mem
UGCA153,9,13,12.1,-,19,24,31,2.24,0.6,0.38,,17.07,15.4,,19.31,12.36,*,,14.89,111.0,8.0,,,766.0,21.9,TF
LV J0913+1937,9,13,39.0,+,19,37,8,0.54,0.45,0.19,,18.94,17.4,,,14.88,*,,17.9,25.0,10.0,Ir,N,445.0,4.43,h
AGC198507,9,15,25.8,+,25,25,10,0.2,0.75,0.14,,19.96,18.6,,,16.12,*,,17.82,37.0,9.0,BCD,N,502.0,21.7,TF
UGC04879,9,16,2.2,+,52,50,24,3.24,0.56,0.07,,15.97,13.8,,20.61,11.5,,,16.54,14.0,9.0,BCD,N,-25.0,1.36,TRGB
HIPASS J0916-23b,9,16,58.0,-,23,16,47,0.66,0.37,0.47,,18.32,15.84,,20.77,13.06,*,,17.12,40.0,10.0,Ir,N,837.0,10.3,mem
NGC2835,9,17,52.9,-,22,21,19,8.91,0.67,0.44,,13.2,11.01,,13.66,7.92,,,12.54,194.0,5.0,,,885.0,10.3,TF
NGC2787,9,19,18.6,+,69,12,12,3.31,0.63,0.56,,18.94,11.82,,19.21,7.26,,,14.12,358.0,1.0,,,700.0,7.48,SBF
LSBC D565-06,9,19,29.4,+,21,36,12,0.6,0.86,0.17,,20.58,17.3,>,25.61,14.79,*,,18.77,14.0,10.0,Ir,N,498.0,9.08,TRGB
UGC04932,9,19,34.1,+,51,6,33,1.86,0.32,0.07,,17.06,15.17,,,13.15,,,15.59,110.0,8.0,,,549.0,20.6,TF
DDO062,9,21,27.5,-,22,30,2,2.51,0.24,0.29,,16.68,14.8,,18.28,11.72,*,,13.85,124.0,8.0,,,846.0,18.6,TF
AGC198508,9,22,57.0,+,24,56,48,0.38,0.57,0.16,,18.34,17.8,,,15.3,*,,18.48,29.0,10.0,Ir,N,519.0,10.4,TF
ESO565-003,9,23,9.9,-,20,10,3,0.72,0.67,0.27,,17.49,15.53,,19.39,12.93,*,,16.9,31.0,10.0,Ir,N,829.0,7.52,h
MCG +09-16-010,9,23,17.0,+,51,58,23,0.92,0.78,0.07,,17.46,16.2,,,13.54,*,,,,8.0,,,484.0,7.35,h
UGC04998,9,25,12.1,+,68,22,59,1.78,0.62,0.25,,18.44,15.0,,19.54,11.11,,,17.81,89.0,9.0,BCD,N,632.0,8.24,TRGB
LV J0926+3343,9,26,9.4,+,33,43,4,0.85,0.24,0.08,,18.14,17.8,,,15.13,*,,16.39,47.0,8.0,,,540.0,19.7,TF
NGC2915,9,26,11.5,-,76,37,35,2.0,0.53,1.19,,15.65,13.2,,15.99,9.7,,,12.38,153.0,9.0,BCD,H,467.0,3.78,TRGB
[CKT2009]d0926+70,9,26,27.9,+,70,30,24,0.4,0.75,0.99,,22.27,19.0,,,15.74,*,>,19.69,,10.0,Tr,L,,3.93,TRGB
UGC05047,9,28,49.6,+,51,33,38,1.62,0.28,0.06,,,16.0,,,13.0,*,,17.01,104.0,7.0,,,502.0,19.68,TF
KDG056,9,30,12.9,+,19,59,30,0.68,0.8,0.19,,19.56,17.02,,24.7,14.5,*,,17.64,25.0,10.0,Ir,L,561.0,8.9,mem
NGC2903-HI-1,9,30,39.9,+,21,43,25,0.27,0.75,0.13,,20.81,18.2,,,15.73,*,,19.53,24.0,10.0,Ir,N,582.0,8.9,mem
NGC2903,9,32,9.6,+,21,30,2,12.59,0.48,0.13,,12.61,9.53,,13.21,6.04,,,11.96,366.0,4.0,,,556.0,8.87,BS
ESO373-007,9,32,45.4,-,33,14,44,1.29,0.54,0.58,,19.48,16.4,,,13.52,*,,16.21,44.0,10.0,Ir,L,862.0,8.3,TF
UGC05086,9,32,48.9,+,21,27,54,0.98,0.9,0.14,>,23.0,16.36,,25.1,12.13,*,,,,-3.0,Sph,N,491.0,8.9,mem
[CKT2009]d0934+70,9,34,3.7,+,70,12,57,0.59,0.86,1.11,,22.3,19.3,,,14.18,*,,,,-3.0,Sph,X,,3.66,TRGB
CGCG 035-007,9,34,44.9,+,6,25,32,1.07,0.63,0.18,,17.49,15.22,,19.43,12.68,*,,15.98,89.0,9.0,BCD,N,552.0,13.0,TF
LeoT,9,34,53.4,+,17,3,5,2.09,0.71,0.13,,19.53,16.5,>,21.79,14.03,*,,14.85,15.0,10.0,Ir,L,39.0,0.42,TRGB
LV J0935-1348,9,35,21.6,-,13,48,52,0.42,0.75,0.19,,18.56,16.6,,,14.08,*,>,17.4,,9.0,BCD,N,796.0,7.3,h
[CKT2009]d0939+71,9,39,15.9,+,71,18,42,0.35,0.85,0.17,,24.56,19.6,,,17.09,*,,,,10.0,Tr,L,,3.63,TRGB
LV J0939-2507,9,39,35.0,-,25,7,35,0.63,0.57,0.25,,,15.5,,19.03,12.92,*,,17.3,56.0,10.0,Ir,N,741.0,6.15,h
KISSB023,9,40,12.7,+,29,35,29,0.83,0.34,0.08,,17.01,16.32,,,13.9,*,,16.62,77.0,10.0,Ir,N,544.0,19.8,TF
KUG 0937+480,9,40,19.6,+,47,46,38,0.85,0.36,0.07,,18.34,17.0,,,14.59,*,,,,9.0,Im,N,546.0,7.88,h
KDG058,9,40,27.0,+,0,2,33,0.66,0.78,0.25,,20.04,17.2,,,14.62,*,,,,10.0,Ir,L,,10.0,txt
HolmI,9,40,32.3,+,71,11,11,4.57,0.81,0.21,,15.0,13.64,,17.48,11.2,,,13.72,29.0,10.0,Ir,N,139.0,3.84,TRGB
UGC05186,9,42,59.8,+,33,15,52,1.38,0.23,0.06,,18.39,16.27,,23.47,13.87,*,,16.97,34.0,10.0,Ir,N,546.0,8.3,TF
LV J0944-2254,9,44,20.1,-,22,54,58,0.32,0.76,0.33,,,16.83,,,14.18,*,>,17.4,,9.0,BCD,N,729.0,6.05,h
[CKT2009]d0944+69,9,44,22.5,+,69,12,40,0.2,0.99,0.41,>,23.0,21.0,,,16.52,*,,,,-3.0,Sph,X,,3.98,TRGB
[CKT2009]d0944+71,9,44,34.4,+,71,28,57,0.89,0.62,0.14,,24.21,16.7,,,12.47,*,>,19.76,,-1.0,Tr,L,,3.39,TRGB
IC0559,9,44,43.9,+,9,36,55,1.32,0.74,0.12,,16.68,14.98,,19.04,12.52,*,,15.69,67.0,9.0,BCD,N,541.0,9.4,TF
F8D1,9,44,50.0,+,67,28,32,2.19,0.91,0.41,>,23.0,15.7,,22.91,11.22,*,>,18.2,,-3.0,Sph,L,-125.0,3.77,TRGB
UGC05209,9,45,4.2,+,32,14,18,0.83,0.96,0.08,,18.23,16.06,,21.29,13.64,*,,17.05,32.0,10.0,Ir,N,535.0,6.56,h
FM1,9,45,10.0,+,68,45,54,0.89,0.89,0.31,>,23.0,17.5,,24.25,13.12,*,>,18.2,,-3.0,Sph,L,,3.4,TRGB
RKK1610,9,45,24.8,-,48,8,29,0.93,0.68,2.08,,,16.9,,,12.63,*,,15.01,79.0,10.0,Ir,L,882.0,14.9,TF
NGC2976,9,47,15.6,+,67,54,49,5.75,0.46,0.3,,13.77,11.01,,14.45,7.53,,,13.52,91.0,7.0,,,6.0,3.56,TRGB
AGC191803,9,48,5.9,+,7,7,45,0.72,0.47,0.11,,18.56,16.5,,,14.05,*,,16.78,55.0,9.0,Im,N,535.0,14.9,TF
KK77,9,50,10.0,+,67,30,24,2.4,0.75,0.62,>,23.0,16.3,,24.41,11.63,*,>,18.2,,-3.0,Sph,L,,3.48,TRGB
KK78,9,50,19.6,+,31,27,24,0.41,0.6,0.09,,18.58,17.68,,20.96,15.25,*,,16.7,20.0,10.0,Ir,N,539.0,7.1,mem
DDO064,9,50,22.4,+,31,29,15,2.19,0.38,0.1,,15.13,14.46,,17.31,12.45,,,14.5,84.0,10.0,Ir,N,521.0,7.11,BS
UGC05288,9,51,17.2,+,7,49,38,1.45,0.62,0.15,,15.99,14.62,,17.53,11.49,,,14.3,93.0,9.0,BCD,N,557.0,6.85,BS
NGC3037,9,51,24.0,-,27,0,40,1.29,0.87,0.39,,15.9,13.64,,16.76,11.12,,,14.59,91.0,8.0,,,887.0,8.1,h
BK3N,9,53,48.5,+,68,58,9,0.32,0.8,0.35,,19.45,18.78,,25.17,16.11,*,,15.7,15.0,10.0,Ir,N,-40.0,4.02,TRGB
LV J0954+3620,9,54,50.6,+,36,20,2,0.34,0.67,0.04,,19.82,17.93,,,15.54,*,,18.78,35.0,10.0,Ir,N,503.0,15.4,TF
KKSG15,9,55,10.5,-,6,16,12,1.29,0.23,0.18,,18.0,15.14,,20.77,12.63,*,,16.33,54.0,10.0,Ir,N,791.0,9.7,mem
[CKT2009]d0955+70,9,55,13.6,+,70,24,29,0.35,0.87,0.64,>,23.0,19.5,,,14.81,*,,,,-3.0,Sph,X,,3.93,TRGB
MESSIER081,9,55,33.5,+,69,4,0,28.18,0.52,0.36,,11.45,7.79,,12.13,3.83,,,10.03,423.0,3.0,,,-38.0,3.63,Cep
MESSIER082,9,55,53.9,+,69,40,57,11.48,0.38,0.69,,13.91,9.06,,11.58,4.67,,,11.19,147.0,8.0,,,183.0,3.53,TRGB
LV J0956-0929,9,56,37.6,-,9,29,11,0.93,0.73,0.28,,19.09,15.89,,20.83,13.28,*,>,17.4,,9.0,BCD,N,627.0,5.18,h
DDO068,9,56,45.7,+,28,49,30,2.0,0.37,0.08,,15.22,14.77,,18.16,12.82,,,13.97,74.0,10.0,Ir,N,503.0,9.8,TF
KDG061,9,57,2.7,+,68,35,30,1.41,0.58,0.31,,22.41,15.24,,19.75,10.86,*,,,,-1.0,Sph,N,221.0,3.6,TRGB
ClumpI,9,57,21.2,+,68,42,55,0.18,0.72,0.31,>,23.0,19.8,>,23.96,17.17,*,,,,10.0,Ir,N,-165.0,3.6,mem
A0952+69,9,57,29.0,+,69,16,20,1.82,0.53,0.37,,18.02,16.8,,20.0,14.11,*,,16.26,48.0,10.0,Ir,L,99.0,3.87,TRGB
HolmIX,9,57,32.4,+,69,2,35,2.63,0.8,0.35,,15.63,14.53,,19.04,11.86,*,,12.63,50.0,10.0,Ir,N,50.0,3.61,TRGB
[CKT2009]d0958+66,9,58,48.5,+,66,50,59,0.87,0.58,0.26,,18.82,16.0,,,13.41,*,,19.07,22.0,9.0,BCD,N,90.0,4.04,TRGB
LeoA,9,59,26.4,+,30,44,47,5.75,0.61,0.09,,14.7,12.92,,18.46,10.49,*,,12.76,19.0,10.0,Ir,N,24.0,0.81,TRGB
[CKT2009]d0959+68,9,59,33.1,+,68,39,25,0.79,0.7,0.32,,19.85,18.0,,21.33,15.36,*,,,,10.0,Ir,L,-186.0,3.6,mem
KKSG16,9,59,47.5,-,9,20,36,0.87,0.78,0.31,>,23.0,18.0,,,13.62,*,>,18.2,,-3.0,Sph,L,,9.7,mem
SexB,10,0,0.1,+,5,19,56,6.03,0.69,0.14,,13.92,11.85,,16.86,9.5,,,12.33,38.0,10.0,Ir,N,300.0,1.36,TRGB
KKH57,10,0,16.0,+,63,11,6,0.6,0.83,0.09,>,23.0,17.87,,24.25,13.69,*,>,20.0,,-3.0,Sph,L,,3.91,TRGB
LV J1000+5022,10,0,25.5,+,50,22,45,0.58,0.76,0.05,,,17.1,,,14.7,*,,,,9.0,Im,N,538.0,7.97,h
LV J1000+3032,10,0,36.5,+,30,32,10,0.28,0.71,0.08,,19.84,18.06,,,15.64,*,,19.26,20.0,10.0,Ir,N,501.0,7.1,TF
ClumpIII,10,0,40.4,+,68,39,37,0.1,0.95,0.31,>,23.0,19.8,,22.21,17.17,*,,,,10.0,Ir,L,-121.0,3.6,mem
MCG -01-26-009,10,1,33.6,-,6,31,30,1.12,0.78,0.15,,17.97,16.1,,19.6,13.61,*,,16.49,38.0,10.0,Ir,N,748.0,9.7,mem
KKSG17,10,1,38.4,-,8,14,56,1.66,0.21,0.26,,18.43,15.41,,21.66,12.82,*,,16.46,49.0,10.0,Ir,N,446.0,9.7,mem
UGCA193,10,2,36.2,-,6,0,43,4.27,0.07,0.17,,16.61,14.67,,18.72,12.0,,,14.4,123.0,7.0,,,663.0,9.7,mem
NGC3109,10,3,7.2,-,26,9,36,19.95,0.19,0.29,,11.98,10.39,,14.11,7.5,,,10.51,117.0,8.0,,,403.0,1.32,TRGB
NGC3077,10,3,21.0,+,68,44,2,6.46,0.83,0.29,,14.19,10.62,,14.55,7.32,,,11.76,70.0,9.0,dEem,N,19.0,3.82,TRGB
GARLAND,10,3,42.0,+,68,41,36,3.98,0.6,0.29,,17.03,16.8,,17.3,14.18,*,>,14.88,,10.0,Ir,X,43.0,3.82,TRGB
ESO499-038,10,3,50.2,-,26,36,46,0.83,0.55,0.3,,16.81,15.68,,,13.06,*,,14.94,77.0,10.0,Ir,N,885.0,15.3,TF
NGC3104,10,3,57.4,+,40,45,25,3.55,0.56,0.06,,14.57,13.97,,16.84,11.24,*,,14.25,102.0,8.0,,,603.0,16.0,TF
Antlia,10,4,4.0,-,27,19,55,2.0,0.75,0.34,,17.1,16.19,,,12.73,,,16.63,22.0,10.0,Tr,L,362.0,1.32,TRGB
BK5N,10,4,40.3,+,68,15,20,0.79,0.75,0.25,,23.76,17.53,,24.61,13.2,*,,,,-3.0,Sph,L,,3.78,TRGB
UGC05427,10,4,41.0,+,29,21,59,1.38,0.67,0.1,,16.4,14.89,,18.94,12.2,,,16.42,71.0,8.0,,,498.0,7.11,BS
KDG063,10,5,7.3,+,66,33,18,1.91,0.88,0.41,>,23.0,16.01,,22.18,11.53,*,,16.27,19.0,-3.0,Tr,L,-129.0,3.5,TRGB
NGC3115,10,5,14.0,-,7,43,7,8.51,0.35,0.2,,16.09,9.87,>,24.11,5.88,,,13.89,238.0,-1.0,,,681.0,9.68,SBF
UGC05423,10,5,30.6,+,70,21,52,1.07,0.67,0.34,,17.23,14.42,,18.35,11.99,,,15.92,44.0,10.0,Ir,N,348.0,8.71,TRGB
KDG065,10,5,34.4,-,7,44,57,1.07,0.69,0.03,,23.16,16.36,,,12.23,*,,,,-3.0,Sph,L,721.0,9.7,mem
KKSG18,10,5,41.6,-,7,58,53,1.51,0.8,0.23,,19.4,13.61,,,10.05,,,,,9.0,BCD,N,698.0,9.7,mem
[CKT2009]d1006+67,10,6,46.2,+,67,12,4,0.32,0.97,0.31,>,23.0,19.7,,,15.32,*,,,,-3.0,Sph,X,,3.87,TRGB
KDG064,10,7,1.9,+,67,49,39,1.95,0.47,0.25,,24.07,15.52,,22.91,11.19,*,,,,-3.0,Tr,L,-15.0,3.7,TRGB
Segue 1,10,7,3.2,+,16,4,25,7.0,0.52,0.14,,,16.21,,,11.98,*,>,19.84,,-3.0,Sph,X,206.0,0.02,CMD
UGC05456,10,7,19.7,+,10,21,44,1.62,0.5,0.18,,15.31,13.84,,17.16,11.63,,,15.3,62.0,9.0,Im,N,527.0,5.6,TRGB
KKH58,10,7,22.7,+,38,58,11,1.26,0.48,0.06,,16.43,15.61,,17.94,12.94,*,,15.99,83.0,8.0,,,587.0,18.4,TF
IKN,10,8,5.9,+,68,23,57,2.69,0.85,0.26,>,23.0,16.5,,24.1,12.16,*,>,18.2,,-3.0,Sph,X,-140.0,3.75,TRGB
LeoI,10,8,26.9,+,12,18,29,9.77,0.79,0.16,,,11.18,,,6.93,*,>,19.87,,-1.0,Sph,L,283.0,0.25,TRGB
[CKT2009]d1009+70,10,9,34.9,+,70,32,55,0.72,0.85,0.59,,21.08,18.0,,,13.36,*,,,,-1.0,Sph,L,,9.0,TRGB
SexA,10,11,0.8,-,4,41,34,5.89,0.83,0.19,,12.91,11.86,,15.53,10.18,,,11.88,46.0,10.0,Ir,N,324.0,1.32,Cep
UGC05497,10,12,48.4,+,64,6,27,0.89,0.74,0.08,,18.01,15.6,,,13.18,*,,18.63,16.0,9.0,BCD,N,150.0,3.7,TRGB
SexDSph,10,13,3.0,-,1,36,52,30.2,0.65,0.21,,21.54,11.3,,,7.01,*,>,19.85,,-3.0,Sph,X,227.0,0.09,TRGB
[CKT2009]d1014+68,10,14,55.8,+,68,45,27,0.2,0.9,0.2,,22.08,20.2,,,15.92,*,>,19.53,,-1.0,Tr,X,,4.57,TRGB
[CKT2009]d1015+69,10,15,6.9,+,69,2,15,0.25,0.98,0.21,,23.88,20.5,,,16.21,*,,,,-1.0,Tr,X,,4.07,TRGB
KUG 1013+414,10,16,15.6,+,41,9,59,1.13,0.39,0.08,,18.25,15.4,,,12.73,*,,,,8.0,,,518.0,11.12,mem
NGC3184,10,18,17.0,+,41,25,28,7.41,0.93,0.07,,12.53,10.36,,14.16,7.23,,,12.87,128.0,6.0,,,592.0,11.12,SN
LV J1018+4109,10,18,22.2,+,41,9,57,0.38,0.86,0.06,>,23.0,18.4,,,14.25,*,,,,-1.0,Sph,L,,11.1,mem
HIJASS J1021+6842,10,21,0.2,+,68,42,0,,,0.09,,,,,22.03,,*,,14.9,50.0,11.0,Ir,X,46.0,3.7,mem
HS117,10,21,25.2,+,71,6,58,1.51,0.6,0.49,,21.68,17.3,,24.1,14.5,*,,21.3,13.0,10.0,Tr,L,-37.0,3.96,TRGB
LV J1021+0054,10,21,38.9,+,0,54,0,0.42,0.73,0.23,,18.51,17.5,,,14.94,*,>,17.4,,10.0,Ir,N,701.0,6.78,h
LeoP,10,21,45.1,+,18,5,17,0.55,0.54,0.11,,,17.2,,,14.75,*,,17.7,16.0,10.0,Ir,N,262.0,2.0,txt
AGC731448,10,23,45.0,+,27,6,39,0.48,0.66,0.12,,18.46,16.6,,,14.14,*,,17.47,39.0,9.0,BCD,N,540.0,13.5,TF
KKSG19,10,24,28.3,-,12,25,57,0.69,0.86,0.3,>,23.0,16.79,,,14.17,*,,16.36,30.0,10.0,Ir,L,628.0,5.11,h
NGC3239,10,25,4.9,+,17,9,49,5.01,0.61,0.14,,13.07,11.73,,14.66,9.0,,,13.1,160.0,8.0,,,754.0,7.9,TF
DDO078,10,26,27.9,+,67,39,24,2.0,0.95,0.12,,21.94,16.5,,24.25,12.29,*,,,,-3.0,Sph,L,55.0,3.72,TRGB
UGC05672,10,28,20.9,+,22,34,17,3.09,0.28,0.1,,17.38,14.65,,19.06,11.55,,,15.33,82.0,8.0,,,531.0,11.4,TF
IC2574,10,28,22.4,+,68,24,58,13.18,0.41,0.16,,12.44,10.8,,14.43,7.95,*,,11.21,107.0,8.0,,,43.0,4.02,TRGB
LV J1028+4240,10,28,33.0,+,42,40,8,0.48,0.71,0.04,,18.1,17.4,,,15.01,*,,,,10.0,Ir,N,547.0,7.55,h
[CKT2009]d1028+70,10,28,39.7,+,70,14,1,0.71,0.77,0.17,,18.23,16.2,,,13.69,*,,18.44,20.0,10.0,Ir,N,-114.0,4.0,TRGB
AGC749315,10,29,6.4,+,26,54,38,0.11,0.86,0.1,,19.95,19.1,,,16.66,*,,18.57,31.0,9.0,BCD,N,645.0,21.5,TF
DDO082,10,30,35.0,+,70,37,10,3.39,0.59,0.19,,16.79,13.49,,18.27,10.29,,>,18.7,,9.0,Im,N,56.0,4.0,TRGB
LV J1030+0607,10,30,44.3,+,6,7,38,0.71,0.6,0.11,,18.44,16.8,,,14.35,*,,17.4,27.0,10.0,Ir,N,640.0,7.8,TF
AGC205156,10,30,52.9,+,12,26,48,0.16,0.95,0.13,,20.49,18.6,,,16.13,*,,18.78,21.0,9.0,BCD,N,915.0,10.43,TF
AGC731457,10,31,55.8,+,28,1,33,0.38,0.64,0.12,,18.09,16.8,,,14.34,*,,17.92,36.0,10.0,Ir,N,454.0,9.2,TF
NGC3274,10,32,17.1,+,27,40,7,2.4,0.48,0.1,,14.47,13.21,,16.16,10.74,,,13.45,160.0,7.0,,,541.0,7.98,BS
BK6N,10,34,31.9,+,66,0,42,1.1,0.64,0.05,>,23.0,16.9,,24.25,12.75,*,,,,-3.0,Sph,L,,3.85,TRGB
UMa I,10,34,52.8,+,51,55,12,18.0,0.2,0.08,>,23.0,15.29,,,11.12,*,>,16.33,,-3.0,Sph,X,-55.0,0.1,TRGB
AGC202248,10,34,56.1,+,11,29,32,0.37,0.74,0.08,,19.16,17.5,,,15.08,*,,17.97,62.0,10.0,Ir,N,1177.0,10.4,mem
ESO501-023,10,35,23.2,-,24,45,15,3.47,0.79,0.27,,14.72,13.2,,,10.34,*,,13.73,63.0,8.0,,,1042.0,7.0,TF
LeG03,10,35,48.8,+,8,28,47,0.95,0.23,0.11,,,17.3,,,14.6,*,,16.69,70.0,8.0,,,1158.0,10.4,mem
KUG 1033+366B,10,36,17.6,+,36,25,31,0.6,0.53,0.08,,18.51,17.0,,,14.58,*,,,,9.0,Im,N,620.0,8.1,h
NGC3299,10,36,23.8,+,12,42,27,2.4,0.77,0.11,,16.47,13.3,,17.56,10.97,,,15.73,112.0,8.0,,,604.0,10.4,mem
DDO083,10,36,43.3,+,31,32,48,2.04,0.4,0.09,,16.41,15.41,,18.74,13.41,,,14.63,106.0,10.0,Ir,N,582.0,10.9,txt
AGC205165,10,37,4.8,+,15,20,15,0.72,0.74,0.16,,18.89,16.4,,,13.9,*,,18.74,27.0,9.0,Im,N,724.0,10.4,mem
AGC200499,10,38,8.0,+,10,22,51,0.85,0.78,0.12,,,14.4,,,11.56,,,15.19,178.0,9.0,BCD,H,1175.0,10.4,mem
AGC208397,10,38,58.1,+,3,52,27,0.17,0.6,0.17,,20.88,19.7,,,17.19,*,,18.34,33.0,10.0,Ir,L,763.0,26.2,TF
UGC05797,10,39,25.2,+,1,43,7,1.23,0.87,0.14,,17.12,14.28,,19.33,11.81,,,15.92,48.0,9.0,BCD,N,710.0,7.0,h
LeG04,10,39,40.2,+,12,44,6,0.52,0.5,0.12,>,23.0,18.7,,,16.24,*,>,18.6,,10.0,Tr,L,,10.4,mem
LeG05,10,39,43.3,+,12,38,4,0.6,0.53,0.11,,20.72,16.77,,,14.32,*,,20.14,22.0,10.0,Tr,N,780.0,10.4,mem
LeG06,10,39,55.7,+,13,54,28,0.63,0.65,0.15,,21.2,18.3,,,15.81,*,,18.78,21.0,10.0,Ir,L,1007.0,10.4,mem
AGC208399,10,40,10.7,+,4,54,32,0.16,0.88,0.12,>,23.0,20.0,>,22.41,17.54,*,,17.34,23.0,10.0,Ir,L,747.0,20.9,TF
UGC05812,10,40,56.6,+,12,28,19,1.48,0.4,0.1,,17.89,15.5,,,12.81,*,,16.92,56.0,8.0,,,1008.0,10.4,mem
[CKT2009]d1041+70,10,41,16.8,+,70,9,3,0.35,0.6,0.29,>,23.0,19.6,,,16.98,*,>,20.6,,10.0,Ir,X,,3.91,TRGB
FS04,10,42,0.3,+,12,20,6,1.0,0.46,0.11,,18.65,15.7,,,13.0,*,,17.27,36.0,8.0,,,772.0,10.4,mem
LeG09,10,42,34.6,+,12,9,2,0.71,0.83,0.11,>,23.0,18.5,,,14.3,*,>,18.2,,-2.0,Sph,L,,10.4,mem
DDO084,10,42,41.9,+,34,26,56,4.47,0.74,0.1,,14.17,13.73,,16.56,11.17,,,13.4,74.0,8.0,,,630.0,8.11,h
AGC205268,10,42,52.4,+,13,44,28,0.38,0.46,0.13,,20.27,17.4,,,14.93,*,,15.85,70.0,9.0,BCD,N,1145.0,10.4,mem
ESO376-016,10,43,27.1,-,37,2,33,0.69,0.56,0.25,,,15.53,,,12.95,*,,14.93,41.0,10.0,Ir,N,670.0,7.1,TF
NGC3344,10,43,30.2,+,24,55,25,7.59,0.9,0.14,,12.63,10.45,,14.09,7.44,,,12.18,157.0,4.0,,,588.0,6.85,h
LeG10,10,43,55.4,+,12,8,7,0.16,0.95,0.11,,23.43,19.2,,,16.75,*,>,18.2,,10.0,Ir,N,,10.4,mem
NGC3351,10,43,57.7,+,11,42,13,7.24,0.68,0.12,,13.49,10.58,,14.46,6.67,,,13.48,270.0,3.0,,,777.0,10.05,Cep
LeG11,10,44,2.1,+,15,35,20,0.35,0.9,0.14,>,23.0,18.8,,,16.32,*,>,17.8,,10.0,Tr,L,,10.4,mem
LeG12,10,44,7.8,+,11,31,59,0.22,0.8,0.13,,21.07,18.5,,,16.03,*,>,17.4,,10.0,Ir,N,,10.4,mem
AGC205445,10,44,35.3,+,13,56,23,0.6,0.84,0.14,,21.73,16.4,,,12.17,*,,,,-1.0,Tr,N,633.0,10.4,mem
LeG13,10,44,57.6,+,11,54,58,0.42,0.44,0.1,,19.74,17.43,>,22.96,14.99,*,,19.04,24.0,10.0,Ir,N,871.0,10.4,mem
LeG14,10,46,14.4,+,12,57,36,0.36,0.88,0.1,>,23.0,18.7,,,14.51,*,>,18.27,,-3.0,Sph,L,,10.4,mem
KK93,10,46,24.8,+,14,1,30,0.58,0.94,0.13,>,23.0,18.0,,,13.78,*,>,18.2,,-3.0,Sph,N,,10.4,mem
LeG16,10,46,30.0,+,11,45,21,0.29,0.98,0.11,>,23.0,19.0,,,14.8,*,,,,-2.0,Tr,L,,10.4,mem
LeG17,10,46,41.5,+,12,19,35,0.58,0.78,0.1,,,16.98,,,12.79,*,,17.17,37.0,-1.0,Sph,N,1030.0,10.4,mem
NGC3368,10,46,45.8,+,11,49,11,8.91,0.68,0.11,,14.2,10.11,,15.03,6.32,,,12.98,343.0,3.0,,,893.0,10.42,Cep
LeG18,10,46,53.3,+,12,44,40,0.28,0.75,0.1,,23.15,18.9,,,16.46,*,,18.05,38.0,10.0,Tr,L,636.0,10.4,mem
LeG19,10,46,54.8,+,12,47,17,0.37,0.7,0.1,>,23.3,17.8,,,13.61,*,,,,-1.0,Sph,L,,10.4,mem
KK94,10,46,57.3,+,12,59,54,0.58,0.85,0.13,,23.12,17.5,,,15.03,*,,16.69,35.0,10.0,Tr,L,832.0,10.4,mem
LeG21,10,47,0.8,+,12,57,35,0.25,0.75,0.13,,22.71,18.6,,,16.13,*,,18.2,23.0,10.0,Ir,L,843.0,10.4,mem
DDO088,10,47,22.3,+,14,4,13,2.14,0.95,0.15,,16.59,14.4,,18.89,11.91,*,,15.59,43.0,9.0,Im,N,573.0,7.73,TRGB
ESO318-013,10,47,41.9,-,38,51,15,1.78,0.14,0.33,,16.91,14.97,,,12.07,*,,14.88,54.0,8.0,,,718.0,6.5,TF
NGC3377,10,47,42.4,+,13,59,8,5.25,0.58,0.15,,18.05,11.24,,,7.44,,,,,-2.0,,,678.0,10.91,SBF
NGC3379,10,47,49.6,+,12,34,54,5.37,0.89,0.11,,,10.24,,,6.27,,,,,-3.0,,,923.0,11.12,SBF
NGC3384,10,48,16.9,+,12,37,45,5.5,0.45,0.12,,,10.85,,,6.75,,,,,-1.0,,,704.0,11.38,SBF
UGC05923,10,49,7.6,+,6,55,2,1.26,0.47,0.12,,17.49,14.4,,18.66,11.46,,,16.15,142.0,7.0,,,709.0,22.3,TF
Willman1,10,49,21.0,+,51,3,0,3.7,0.53,0.06,,21.24,16.04,,,11.89,*,>,16.33,,-2.0,Sph,X,-12.0,0.04,CMD
DDO087,10,49,36.5,+,65,31,50,1.58,0.9,0.05,,16.48,15.15,,19.41,11.86,,,14.6,66.0,10.0,Ir,L,340.0,7.45,BS
LeG22,10,49,37.1,+,11,21,6,0.56,0.66,0.13,>,23.0,18.0,,,15.53,*,,,,10.0,Tr,L,,10.4,mem
LeG23,10,50,9.1,+,13,29,1,0.18,0.95,0.14,,21.52,19.1,,,16.62,*,,,,10.0,Ir,N,,10.4,mem
UGC05944,10,50,19.1,+,13,16,19,1.12,0.97,0.13,,23.36,15.6,,,12.0,,,,,-1.0,dE,N,1073.0,11.07,SBF
KK96,10,50,27.1,+,12,21,39,0.6,0.8,0.11,,23.17,18.3,,,14.1,*,,,,-3.0,Sph,L,,10.4,mem
NGC3412,10,50,53.3,+,13,24,44,3.98,0.56,0.12,,18.44,11.44,,17.73,7.67,,>,16.4,,-1.0,,,846.0,10.4,mem
NGC3413,10,51,20.7,+,32,45,59,2.22,0.51,0.1,,15.51,13.23,,,10.36,*,,14.16,142.0,8.0,,,634.0,12.02,TF
LeG26,10,51,21.1,+,12,50,57,0.69,0.89,0.1,,21.64,16.9,,,12.71,*,>,17.4,,-2.0,Sph,N,630.0,10.4,mem
AGC205540,10,51,31.4,+,14,6,53,0.32,0.62,0.14,,23.94,18.0,,,15.52,*,>,17.1,,10.0,Tr,N,832.0,10.4,mem
KKH65,10,51,59.1,+,28,21,45,0.58,0.86,0.08,>,23.0,17.4,,,13.23,*,,,,-2.0,Sph,L,,10.0,txt
AGC205544,10,52,4.8,+,15,1,50,0.45,0.8,0.09,>,23.0,17.1,,,12.92,*,>,17.4,,-1.0,dE,N,828.0,10.4,mem
LV J1052+3628,10,52,5.5,+,36,28,36,0.44,0.69,0.06,,19.2,17.9,,,15.5,*,,,,10.0,Ir,N,476.0,9.2,mem
UGC05983,10,52,17.5,+,36,35,36,1.1,0.61,0.06,,20.35,16.0,,,13.6,*,,,,10.0,Ir,N,765.0,9.2,mem
AGC202456,10,52,19.5,+,11,2,36,0.72,0.89,0.1,>,23.0,16.2,,,12.01,*,>,17.4,,-1.0,dE,N,824.0,10.4,mem
LeG27,10,52,20.1,+,14,42,26,0.37,0.67,0.09,,22.02,18.6,,,14.42,*,,,,-2.0,Tr,L,,10.4,mem
NGC3432,10,52,31.1,+,36,37,8,5.37,0.22,0.06,,13.38,11.67,,14.71,9.06,,,11.86,248.0,8.0,,,611.0,9.2,TF
LV J1052+3639,10,52,40.8,+,36,39,54,1.68,0.37,0.06,,16.9,15.8,,,13.4,*,,,,10.0,Ir,N,511.0,9.2,mem
KDG073,10,52,57.1,+,69,32,45,1.2,0.83,0.01,,18.83,17.09,,23.58,14.73,*,,17.4,18.0,10.0,Ir,L,116.0,3.7,TRGB
LeG28,10,53,0.7,+,10,22,45,0.68,0.5,0.11,>,23.0,18.3,,,15.85,*,,,,10.0,Tr,L,,10.4,mem
UGC06014,10,53,42.7,+,9,43,41,1.2,0.57,0.14,,17.27,15.0,,,12.49,*,,16.42,94.0,9.0,Im,N,1133.0,10.4,mem
LSBC D640-12,10,55,57.1,+,12,20,20,0.45,0.5,0.08,,21.68,18.4,,,15.98,*,,19.9,22.0,10.0,Ir,L,847.0,10.4,mem
LSBC D640-13,10,56,14.0,+,12,0,37,0.58,0.57,0.08,,17.91,16.9,,,14.48,*,,16.84,30.0,10.0,Ir,N,989.0,10.4,mem
HS1053+3624,10,56,40.4,+,36,8,28,0.5,0.49,0.08,,18.27,17.76,,,15.34,*,,,,10.0,Ir,N,572.0,9.2,mem
ESO215-009,10,57,30.2,-,48,10,44,2.0,0.6,0.95,,19.21,16.03,,,12.6,,,12.39,65.0,10.0,Ir,N,598.0,5.25,TRGB
VV747,10,57,47.0,+,36,15,39,1.1,0.56,0.09,,16.56,15.5,,,13.07,*,,,,10.0,Ir,N,619.0,9.2,mem
CGCG 095-078,10,58,2.2,+,19,30,19,0.84,0.48,0.11,,,15.6,,,13.15,*,,17.6,30.0,9.0,BCD,N,650.0,7.37,h
LSBC D640-14,10,58,10.5,+,11,59,57,0.48,0.66,0.07,,22.93,18.5,,,14.34,*,,,,-2.0,Sph,L,,10.4,mem
AGC205278,10,58,52.1,+,14,7,46,0.54,0.68,0.08,,20.51,17.3,,,14.88,*,,18.54,36.0,10.0,Ir,N,686.0,10.4,mem
NGC3489,11,0,18.6,+,13,54,4,3.8,0.57,0.07,,16.74,11.12,,18.66,7.37,,,17.84,113.0,1.0,,,695.0,12.08,SBF
LeG33,11,0,45.2,+,14,10,20,0.35,0.55,0.08,,23.8,18.6,,,16.18,*,,,,10.0,Tr,L,,10.4,mem
LSBC D640-08,11,0,52.1,+,13,52,51,0.81,0.58,0.07,,23.64,16.96,,,12.8,*,,,,-3.0,Sph,N,,10.4,mem
CGCG 066-109,11,4,26.5,+,11,45,18,1.05,0.29,0.06,,17.73,16.2,,20.03,13.8,*,,16.8,44.0,10.0,Ir,N,777.0,10.4,mem
KKSG20,11,4,40.6,+,0,3,30,0.52,0.8,0.16,,22.11,17.51,,,15.01,*,,20.52,25.0,10.0,Ir,N,835.0,10.7,mem
MRK0036,11,4,58.5,+,29,8,22,0.68,0.64,0.13,,15.89,15.61,,16.83,14.0,,,16.93,41.0,9.0,BCD,H,646.0,8.02,h
UGC06145,11,5,35.0,-,1,51,49,1.38,0.56,0.24,,18.44,16.45,>,21.76,13.88,*,,16.04,41.0,10.0,Ir,L,753.0,10.7,mem
NGC3521sat,11,5,40.7,+,0,7,15,2.51,0.77,0.22,>,23.0,16.2,,,11.9,*,,,,-1.0,Sph,X,,10.7,mem
NGC3521,11,5,48.6,-,0,2,9,10.96,0.46,0.25,,13.53,9.83,,13.19,5.78,,,11.84,441.0,4.0,,,797.0,10.7,TF
KKSG22,11,6,7.7,-,1,26,55,0.5,0.8,0.2,>,23.0,18.2,,,15.67,*,>,18.2,,10.0,Ir,L,,10.7,mem
NGC3556,11,11,31.0,+,55,40,26,5.01,0.25,0.07,,13.49,10.69,,14.38,7.04,,,12.27,308.0,6.0,,,696.0,9.9,TF
DDO092,11,13,26.1,+,53,35,42,1.38,0.78,0.05,,16.05,15.6,,,13.2,*,,15.01,45.0,9.0,Im,N,928.0,9.9,mem
LeoII,11,13,29.2,+,22,9,17,12.02,0.87,0.07,,22.28,12.61,,,8.45,*,>,17.38,,-3.0,Sph,L,86.0,0.21,TRGB
NGC3593,11,14,35.9,+,12,49,7,5.89,0.43,0.08,,17.01,11.85,,15.63,7.42,,,15.17,254.0,1.0,,,631.0,10.8,TF
AGC202256,11,14,45.0,+,12,38,51,0.4,0.61,0.08,,19.15,16.7,,,14.28,*,,17.92,42.0,10.0,Ir,N,630.0,11.0,TF
IC2684,11,17,1.0,+,13,5,59,0.81,0.75,0.12,,19.32,16.15,,,13.69,*,,18.0,25.0,10.0,Tr,N,588.0,10.3,mem
NGC3621,11,18,16.1,-,32,48,42,12.3,0.44,0.35,,12.43,10.18,,12.73,6.6,,,10.88,271.0,7.0,,,730.0,6.7,Cep
AGC215354,11,19,15.9,+,14,17,25,0.5,0.6,0.1,,20.87,17.4,,,14.96,*,>,17.4,,9.0,BCD,N,790.0,10.42,mem
NGC3627,11,20,15.0,+,12,59,29,10.23,0.46,0.14,,12.94,9.65,,13.36,5.88,,,13.36,369.0,4.0,,,716.0,10.28,Cep
AGC213436,11,22,24.0,+,12,58,46,0.52,0.98,0.11,,22.17,16.7,,,12.5,*,,,,-1.0,dE,N,626.0,10.3,mem
KKH67,11,23,3.5,+,21,19,37,0.71,0.81,0.1,>,23.0,18.4,,,14.21,*,,,,-2.0,Sph,X,,10.0,txt
IC2787,11,23,19.1,+,13,37,47,1.07,0.93,0.12,,,15.7,>,25.36,13.23,*,,17.73,49.0,9.0,BCD,N,708.0,10.3,mem
IC2791,11,23,37.6,+,12,53,45,0.58,0.68,0.11,,20.02,16.9,,,14.45,*,,19.15,22.0,9.0,Im,N,666.0,10.3,mem
UGC06456,11,28,0.6,+,78,59,29,1.48,0.53,0.16,,15.31,14.27,,16.7,12.48,,,14.6,37.0,10.0,Ir,N,-94.0,4.35,TRGB
KDG078,11,29,54.0,+,52,24,14,0.74,0.71,0.07,>,23.0,16.7,,,14.29,*,,18.74,26.0,10.0,Tr,N,575.0,9.0,txt
LeoV,11,31,9.6,+,2,13,12,4.1,0.45,0.12,>,23.0,17.6,,,13.39,*,>,19.88,,-3.0,Sph,X,173.0,0.18,CMD
HIPASS J1131-31,11,31,35.2,-,31,40,20,1.0,0.6,0.3,,,17.0,,,14.38,*,,16.65,30.0,10.0,Ir,L,715.0,6.7,mem
LeoIV,11,32,57.0,-,0,32,0,7.3,0.78,0.11,,22.81,16.9,>,22.75,12.7,*,>,19.88,,-3.0,Sph,X,132.0,0.16,HB
HIPASS J1133-32,11,33,11.0,-,32,57,43,0.52,0.5,0.26,,,16.27,,,13.68,*,,17.45,59.0,10.0,Ir,N,709.0,6.7,mem
UGC06541,11,33,29.1,+,49,14,17,1.74,0.57,0.08,,15.5,14.44,,16.93,11.85,,,16.35,26.0,10.0,Ir,N,249.0,3.89,TRGB
NGC3738,11,35,48.6,+,54,31,22,3.39,0.73,0.05,,13.87,11.87,,15.88,9.61,,,14.29,78.0,9.0,BCD,N,225.0,4.9,TRGB
NGC3741,11,36,6.4,+,45,17,7,1.48,0.55,0.1,,15.33,14.38,,17.39,12.26,,,13.55,83.0,9.0,BCD,N,229.0,3.03,TRGB
ESO320-014,11,37,53.4,-,39,13,14,1.38,0.64,0.62,,18.79,15.85,,,12.9,,,16.43,40.0,10.0,Ir,N,654.0,6.08,TRGB
UGC06757,11,46,59.1,+,61,20,6,1.1,0.55,0.14,,18.1,16.3,,,13.82,*,,,,10.0,Ir,N,82.0,2.73,h
KK109,11,47,11.2,+,43,40,19,0.45,0.67,0.08,,20.68,18.1,,25.61,15.68,*,,17.76,18.0,10.0,Ir,L,211.0,4.51,TRGB
DDO097,11,48,57.2,+,23,50,16,1.58,0.91,0.12,,17.1,15.14,,19.41,12.65,*,,15.46,86.0,10.0,Ir,N,522.0,13.74,BS
KKH73,11,50,6.4,+,55,47,0,0.69,0.94,0.04,>,23.0,17.3,,,14.91,*,,18.15,20.0,10.0,Tr,L,594.0,9.0,txt
DDO099,11,50,53.0,+,38,52,50,4.27,0.37,0.11,,14.99,13.7,,17.58,11.86,,,13.58,34.0,10.0,Ir,N,251.0,2.64,TRGB
ESO379-007,11,54,43.0,-,33,33,29,0.93,0.73,0.32,,,16.6,,21.7,13.6,,,15.65,28.0,10.0,Ir,L,644.0,5.22,TRGB
UGC06881,11,54,44.7,+,20,3,20,1.62,0.39,0.15,,17.66,15.9,,,13.41,*,,16.23,90.0,10.0,Ir,N,601.0,16.4,TF
MCG +05-28-046,11,55,23.5,+,28,20,24,1.2,0.44,0.12,,18.08,16.35,,,13.89,*,,,,9.0,Im,N,590.0,7.45,h
KDG082,11,55,39.4,+,31,31,10,1.91,0.64,0.09,,17.77,14.84,,19.41,12.09,*,,16.73,100.0,8.0,,,590.0,16.6,TF
NGC3990,11,57,35.6,+,55,27,31,1.69,0.57,0.06,,,13.43,,,9.55,,,,,-1.0,,,696.0,10.3,SBF
LV J1157+5638,11,57,54.2,+,56,38,17,0.48,0.81,0.08,,18.49,17.1,,,14.68,*,,,,10.0,Ir,N,416.0,7.03,h
LV J1158+1535,11,58,40.4,+,15,35,34,0.32,0.83,0.24,,20.69,18.2,,,15.63,*,>,17.4,,10.0,Ir,N,565.0,6.27,h
BTS76,11,58,44.1,+,27,35,6,0.6,0.6,0.1,,20.56,16.5,,21.79,14.06,*,,,,10.0,Ir,N,455.0,5.57,h
ESO572-034,11,58,58.1,-,19,1,48,1.32,0.51,0.17,,,14.27,,,11.5,,,15.18,67.0,9.0,BCD,H,1114.0,8.5,TF
KUG 1157+315,12,0,16.2,+,31,13,30,0.83,0.48,0.08,,16.67,15.05,,,12.88,,,16.47,117.0,8.0,,,617.0,23.2,TF
LV J1203+4739,12,3,0.0,+,47,39,15,0.94,0.46,0.08,,18.58,17.2,,,14.78,*,,,,10.0,Ir,N,492.0,7.49,h
LV J1203+3257,12,3,10.9,+,32,57,22,0.97,0.38,0.09,,20.98,16.7,,,14.02,*,,,,8.0,,,570.0,7.55,h
NGC4068,12,4,2.4,+,52,35,19,2.95,0.53,0.09,,14.46,13.19,,16.61,10.76,*,,13.85,54.0,9.0,Im,N,210.0,4.31,TRGB
NGC4080,12,4,51.8,+,26,59,33,1.58,0.44,0.11,,16.29,13.7,,17.94,10.79,,,16.11,147.0,8.0,,,565.0,15.0,TF
ESO379-024,12,4,56.7,-,35,44,35,0.74,0.75,0.33,,,16.58,,,13.93,*,,16.07,39.0,10.0,Ir,N,632.0,4.88,h
IC2992,12,5,15.9,+,30,51,20,0.83,0.83,0.09,,16.71,15.02,,18.81,12.44,,,17.03,46.0,9.0,BCD,N,599.0,12.7,TF
KUG 1202+286,12,5,23.3,+,28,21,56,0.89,0.57,0.1,,17.28,15.2,,,13.16,,,,,8.0,,,529.0,6.69,h
LV J1205+2813,12,5,34.2,+,28,13,56,0.69,0.79,0.09,,18.66,16.7,,,14.02,*,,,,8.0,,,534.0,6.74,h
MAPS1206+31,12,6,34.5,+,31,20,33,0.71,0.93,0.09,,18.9,15.8,,,13.12,*,,,,8.0,,,568.0,7.43,h
LV J1207+3133,12,7,50.0,+,31,33,8,0.64,0.82,0.09,,20.21,17.5,,,14.82,*,,,,8.0,Sm,,562.0,7.37,h
UGC07131,12,9,11.8,+,30,54,24,1.62,0.29,0.1,,17.26,16.8,,,13.95,*,,15.47,117.0,8.0,,,253.0,16.8,TF
NGC4136,12,9,17.7,+,29,55,39,3.98,0.92,0.08,,13.66,11.69,,15.92,9.31,,,13.65,92.0,5.0,,,608.0,7.9,h
MCG +06-27-017,12,9,56.4,+,36,26,7,0.95,0.31,0.11,,17.36,15.5,,21.58,12.0,,,,,9.0,Im,N,339.0,4.83,TRGB
NGC4144,12,9,59.3,+,46,27,26,6.17,0.21,0.06,,14.08,12.05,,15.56,9.39,,,13.24,153.0,7.0,,,265.0,7.24,TRGB
IC3023,12,10,1.7,+,14,22,1,1.1,0.71,0.16,,16.78,15.35,,,12.85,*,,16.33,44.0,10.0,Ir,N,817.0,7.7,TF
NGC4150,12,10,33.6,+,30,24,6,2.19,0.69,0.08,,18.31,12.49,,,8.99,,,,,-1.0,,,226.0,13.74,SBF
NGC4163,12,12,8.9,+,36,10,10,2.19,0.84,0.09,,15.51,13.63,,18.64,10.88,,,15.28,32.0,9.0,Im,N,162.0,2.94,TRGB
KK127,12,13,22.7,+,29,55,18,1.38,0.36,0.09,,17.44,15.6,,,13.99,,,16.18,64.0,8.0,,,131.0,17.3,TF
NGC4190,12,13,44.6,+,36,38,0,2.14,0.88,0.13,,15.02,13.5,,17.18,10.79,,,14.42,49.0,9.0,BCD,N,235.0,2.82,TRGB
LV J1213+2957,12,13,48.4,+,29,57,32,0.47,0.71,0.08,,19.05,17.4,,,14.98,*,,,,10.0,Ir,N,225.0,2.68,h
ESO321-014,12,13,49.6,-,38,13,53,1.41,0.43,0.4,,17.19,15.21,,19.29,12.7,,,15.31,19.0,10.0,Ir,N,609.0,3.18,TRGB
UGC07242,12,14,7.4,+,66,5,32,1.23,0.42,0.08,,16.2,14.6,,19.42,12.18,*,,15.29,66.0,10.0,Ir,N,66.0,5.42,TRGB
VCC0114,12,14,35.2,+,5,40,38,0.6,0.52,0.07,,18.61,16.16,,,13.75,*,,16.57,34.0,10.0,Ir,N,2067.0,8.2,TF
KDG090,12,14,57.9,+,36,13,8,1.55,0.87,0.09,>,23.0,15.86,,23.97,13.43,*,>,19.2,,10.0,Tr,L,,2.86,TRGB
UGC7257,12,15,3.0,+,35,57,31,1.35,0.62,0.07,,15.17,14.36,,,12.25,,,14.76,89.0,8.0,,,956.0,8.8,TF
NGC4204,12,15,14.4,+,20,39,31,4.47,0.81,0.15,,14.62,12.9,,16.06,10.0,,,13.93,88.0,7.0,,,861.0,8.0,txt
UGC07267,12,15,23.6,+,51,21,0,2.09,0.32,0.11,,16.5,14.79,,18.79,11.94,*,,14.93,117.0,8.0,,,473.0,12.9,TF
UGC07271,12,15,33.4,+,43,26,3,2.4,0.34,0.06,,16.59,14.9,,18.86,13.16,,,15.46,105.0,7.0,,,546.0,18.6,TF
NGC4214,12,15,38.9,+,36,19,39,8.51,0.78,0.09,,11.68,10.24,,13.28,8.14,,,11.98,61.0,8.0,,,291.0,2.94,TRGB
MCG +09-20-131,12,15,46.7,+,52,23,15,1.05,0.3,0.1,,16.78,15.3,,21.78,12.86,*,,15.72,27.0,10.0,Ir,N,159.0,4.59,TRGB
VCC0169,12,15,56.2,+,9,38,57,0.85,0.68,0.08,,21.2,16.67,,,14.25,*,,15.6,24.0,10.0,Ir,L,2219.0,9.4,TF
IC3077,12,15,56.3,+,14,25,59,1.78,0.64,0.14,,20.3,15.01,,,12.69,,,18.21,51.0,9.0,BCD,N,1406.0,9.1,TF
UGC07298,12,16,28.6,+,52,13,38,0.85,0.55,0.1,,17.45,15.95,,22.6,13.29,,,15.76,21.0,10.0,Ir,N,174.0,4.21,TRGB
NGC4236,12,16,43.3,+,69,27,56,21.88,0.32,0.06,,11.91,10.05,,13.76,7.5,,,11.19,154.0,8.0,,,-3.0,4.45,TRGB
LV J1217+4703,12,17,10.1,+,47,3,49,0.3,0.76,0.07,,23.76,18.5,,,16.09,*,>,19.2,,10.0,Tr,L,,7.8,mem
UGC07320,12,17,28.5,+,44,48,41,1.2,0.44,0.05,,18.39,15.4,,,13.0,*,,16.8,55.0,10.0,Ir,N,541.0,9.2,TF
NGC4244,12,17,29.9,+,37,48,27,19.5,0.11,0.09,,12.85,10.88,,14.63,7.72,,,11.02,170.0,6.0,,,247.0,4.49,TRGB
NGC4242,12,17,30.2,+,45,37,10,5.5,0.76,0.05,,13.99,11.59,,15.99,9.12,,,13.58,108.0,7.0,,,517.0,7.9,TF
LV J1217+3231,12,17,32.0,+,32,31,57,0.66,0.62,0.05,,20.15,18.2,,,15.8,*,,,,9.0,Im,N,447.0,5.93,h
UGC7321,12,17,34.0,+,22,32,25,6.76,0.06,0.12,,16.32,14.09,,,10.67,,,13.68,219.0,7.0,,,403.0,17.2,TF
KKH78,12,17,44.5,+,33,20,43,0.45,0.63,0.06,,22.81,17.7,,,15.3,*,,,,10.0,Ir,L,,4.7,mem
NGC4248,12,17,49.9,+,47,24,33,3.31,0.43,0.08,,16.99,13.14,,18.01,10.59,,,15.7,66.0,8.0,,,484.0,7.4,TF
LV J1218+4655,12,18,11.1,+,46,55,1,0.91,0.28,0.08,,18.4,16.83,,,14.16,*,,,,8.0,,,420.0,6.54,h
AGC229053,12,18,15.5,+,25,34,6,0.49,0.48,0.12,,19.85,17.9,,,15.44,*,,17.68,40.0,10.0,Ir,N,425.0,17.9,TF
KDG098,12,18,29.4,+,28,38,45,0.76,0.93,0.1,,22.18,16.5,,,12.31,*,,,,-1.0,Tr,N,,9.0,txt
IC3104,12,18,46.1,-,79,43,34,3.72,0.47,1.7,,,13.65,,17.43,9.26,,,15.35,40.0,9.0,Im,N,429.0,2.27,TRGB
NGC4258,12,18,57.5,+,47,18,14,18.62,0.39,0.07,,11.96,9.1,,12.58,5.46,,,11.2,421.0,4.0,,,447.0,7.83,Cep
KK132,12,19,6.5,+,47,43,51,0.36,0.84,0.07,,24.46,18.5,,,14.34,*,,,,-1.0,Sph,L,,7.8,mem
KDG101,12,19,9.1,+,47,5,23,1.29,0.59,0.08,,22.65,15.75,,22.96,13.33,*,,,,10.0,Ir,N,132.0,7.24,TRGB
KK133,12,19,32.8,+,43,23,11,0.47,0.68,0.06,,19.41,17.7,,,15.3,*,,18.2,51.0,10.0,Ir,L,561.0,8.23,h
KK134,12,19,33.8,+,47,27,6,0.37,0.94,0.07,,22.29,17.0,,,12.84,*,,,,-3.0,Sph,N,,7.8,mem
d1219+4705,12,19,36.8,+,47,5,33,0.29,0.95,0.11,>,23.0,18.6,,,14.4,*,,,,-3.0,Sph,L,,7.8,mem
IC 779,12,19,38.7,+,29,53,0,1.32,0.86,0.08,,21.46,15.22,,,11.79,,,,,-1.0,dE,N,213.0,16.67,SBF
VCC0381,12,19,54.1,+,6,39,57,0.78,0.92,0.01,,18.67,16.67,,,14.31,*,,16.34,23.0,10.0,Ir,L,480.0,4.71,h
[KKH2011]S11,12,20,30.1,+,47,29,25,0.28,0.9,0.08,,22.46,20.5,,,16.33,*,,,,-3.0,Sph,L,,7.8,mem
NGC4288,12,20,38.1,+,46,17,30,2.34,0.71,0.06,,14.69,13.3,,16.58,11.3,,,13.84,154.0,7.0,,,533.0,8.05,h
KK136,12,20,40.6,+,47,0,3,0.47,0.87,0.08,,,17.5,,,13.33,*,,,,-3.0,Sph,N,,7.8,mem
CVnHI,12,20,43.4,+,46,12,33,,,0.06,,24.36,,,,,*,,18.8,20.0,11.0,Ir,X,420.0,6.5,h
KUG 1218+387,12,20,54.9,+,38,25,49,1.17,0.71,0.08,,16.92,15.4,,,12.98,*,,16.04,30.0,9.0,BCD,N,570.0,8.03,h
d1220+4649,12,20,55.0,+,46,49,45,0.25,0.83,0.08,,23.59,19.4,,,15.23,*,,,,-3.0,Sph,L,,7.8,mem
DDO120,12,21,15.0,+,45,48,41,2.4,0.62,0.05,,16.2,13.55,,23.49,10.77,,,15.05,37.0,9.0,Im,N,463.0,7.06,h
KDG104,12,21,27.9,+,15,1,28,0.81,0.67,0.14,,20.53,16.88,,,14.4,*,,18.04,24.0,10.0,Ir,L,1861.0,9.4,TF
KDG105,12,21,43.0,+,37,59,14,0.83,0.59,0.08,,19.75,16.7,,,14.28,*,,16.87,40.0,10.0,Ir,L,567.0,7.6,TF
UGC7427,12,21,55.0,+,35,3,5,1.07,0.61,0.06,,,15.9,,,13.5,*,,16.37,32.0,10.0,Ir,N,726.0,9.7,TF
NGC4308,12,21,56.9,+,30,4,27,0.85,0.95,0.09,,20.55,14.11,,,10.62,,,,,-1.0,,,642.0,14.0,txt
KK138,12,21,58.4,+,28,14,34,0.42,0.58,0.09,>,23.0,18.7,,,16.27,*,>,19.2,,10.0,Tr,L,,6.3,mem
GR34,12,22,7.6,+,15,47,57,0.93,0.82,0.11,,19.04,15.95,,,13.5,*,,18.24,25.0,10.0,Ir,L,1298.0,8.9,TF
VCC0565,12,22,38.5,+,6,0,52,0.58,0.6,0.1,,19.19,15.86,,,13.42,*,,18.1,28.0,10.0,Ir,N,871.0,9.6,TF
KK141,12,22,52.7,+,33,49,43,0.4,0.77,0.05,,18.18,16.6,,,14.2,*,,17.29,26.0,10.0,Ir,N,573.0,7.78,h
IC3247,12,23,14.0,+,28,53,38,2.34,0.17,0.1,,18.19,15.25,,,12.12,,,16.47,157.0,7.0,,,569.0,24.4,TF
BTS132,12,23,46.2,+,47,39,32,0.39,0.68,0.08,,23.61,18.4,,,14.23,*,,,,-3.0,Sph,L,,7.8,mem
IC3308,12,25,17.9,+,26,42,53,1.55,0.26,0.1,,,15.41,,19.11,12.51,*,,14.94,125.0,8.0,,,316.0,12.8,TF
KK144,12,25,27.9,+,28,28,57,1.12,0.44,0.09,,17.25,16.5,,20.94,14.07,*,,15.12,38.0,10.0,Ir,L,480.0,6.15,h
UGC07512,12,25,41.3,+,2,9,32,1.45,0.52,0.08,,17.4,15.2,,,12.78,*,,15.31,65.0,10.0,Ir,N,1506.0,10.6,TF
AGC749236,12,25,42.4,+,26,48,36,0.62,0.51,0.1,,,17.3,,,14.86,*,,16.53,53.0,10.0,Ir,L,273.0,19.5,TF
VCC0841,12,25,47.0,+,14,57,7,1.1,0.49,0.12,,18.95,15.5,,,13.04,*,,17.79,39.0,9.0,Im,N,499.0,7.9,TF
NGC4395,12,25,49.8,+,33,32,46,13.18,0.83,0.07,,11.76,10.64,,14.15,8.0,,,11.53,98.0,8.0,,,313.0,4.61,TRGB
DDO123,12,26,8.1,+,58,19,21,2.78,0.79,0.05,,,14.5,,,11.85,*,,13.74,58.0,8.0,,,722.0,10.5,TF
UGCA281,12,26,16.0,+,48,29,31,1.05,0.75,0.06,,15.29,15.14,,15.85,12.51,,,15.19,47.0,10.0,Ir,N,279.0,5.68,TRGB
IC3341,12,26,23.4,+,27,44,44,0.68,0.56,0.08,,,16.4,,,13.98,*,,16.75,65.0,9.0,Im,N,372.0,14.0,TF
SBS 1224+533,12,26,52.6,+,53,6,19,0.8,0.69,0.08,,17.36,16.1,,,13.68,*,,,,9.0,BCD,N,300.0,5.35,h
ComaI,12,26,59.0,+,23,54,15,9.5,0.64,0.08,>,23.0,14.98,,,10.81,*,>,19.88,,-3.0,Sph,X,98.0,0.04,HB
DDO126,12,27,5.1,+,37,8,33,2.88,0.63,0.06,,15.18,14.12,,17.48,11.53,,,14.23,50.0,10.0,Ir,N,217.0,4.88,TRGB
DDO125,12,27,41.8,+,43,29,38,3.89,0.56,0.09,,14.99,12.95,,18.03,10.23,,,14.31,27.0,9.0,Im,N,206.0,2.74,TRGB
UGC07584,12,28,2.9,+,22,35,22,0.91,0.5,0.1,,17.2,16.19,,19.83,13.75,*,,16.2,35.0,9.0,BCD,N,603.0,9.2,TF
KKH80,12,28,5.4,+,22,17,27,0.85,0.69,0.09,,18.27,16.8,,23.42,14.37,*,,17.48,16.0,10.0,Ir,L,602.0,7.43,h
NGC4449,12,28,11.2,+,44,5,40,6.76,0.71,0.08,,10.99,9.99,,12.55,7.25,,,12.35,98.0,8.0,,,201.0,4.21,TRGB
DDO127,12,28,28.5,+,37,14,0,1.62,0.5,0.07,,16.19,14.98,,20.47,12.57,*,,15.03,54.0,10.0,Ir,N,275.0,6.89,BS
UGC07596,12,28,33.9,+,8,38,23,1.58,0.43,0.09,,18.46,14.9,,,12.47,*,,18.49,27.0,10.0,Ir,N,565.0,4.6,TF
UGC07605,12,28,39.0,+,35,43,5,1.48,0.73,0.06,,15.9,14.76,,18.61,12.4,,,15.77,26.0,10.0,Ir,N,310.0,4.43,TRGB
NGC4455,12,28,44.1,+,22,49,21,3.24,0.29,0.09,,14.6,12.93,,16.54,10.55,,,13.91,108.0,7.0,,,644.0,8.4,TF
DDO129,12,28,44.2,+,43,13,27,2.82,0.89,0.07,,14.88,13.67,,17.26,11.01,*,,14.11,43.0,8.0,,,538.0,8.9,TF
LV J1228+4358,12,28,44.9,+,43,58,18,3.98,0.27,0.09,>,23.0,14.2,,,11.77,*,,,,10.0,Tr,X,,4.07,TRGB
NGC4460,12,28,45.8,+,44,51,52,4.27,0.3,0.08,,15.68,12.26,,15.66,9.06,,,15.54,90.0,1.0,,,499.0,9.59,SBF
KK149,12,28,52.3,+,42,10,40,0.93,0.63,0.11,,17.47,15.01,,19.83,12.56,*,,16.15,54.0,10.0,Ir,N,407.0,8.9,TF
UGC07639,12,29,53.0,+,47,31,48,2.14,0.54,0.05,,16.25,14.13,,20.46,11.73,*,,16.05,39.0,9.0,Im,N,385.0,7.14,SBF
UGC07636,12,30,1.0,+,7,55,46,0.89,0.81,0.09,,19.07,14.9,,,12.47,*,,18.98,25.0,10.0,Ir,N,469.0,5.2,TF
KK151,12,30,23.8,+,42,54,5,1.12,0.42,0.08,,17.3,15.8,,20.36,13.38,*,,16.66,34.0,9.0,Im,N,436.0,6.56,h
NGC4485,12,30,31.2,+,41,42,0,2.34,0.7,0.09,,13.68,12.32,,15.44,10.58,,,13.22,139.0,8.0,,,480.0,5.8,mem
NGC4490,12,30,36.4,+,41,38,37,6.31,0.49,0.09,,12.19,9.76,,13.06,7.35,,,11.6,173.0,7.0,,,586.0,5.8,TF
CGCG 014-054,12,31,3.8,+,1,40,33,1.27,0.58,0.08,,17.81,15.6,,,13.18,*,,16.5,44.0,9.0,Im,N,1105.0,9.6,TF
MAPS1231+42,12,31,9.0,+,42,5,39,0.33,0.68,0.08,,19.39,17.8,,,15.38,*,,19.1,16.0,10.0,Ir,N,563.0,5.8,mem
DDO131,12,31,58.6,+,29,42,35,1.15,0.76,0.08,,16.5,15.28,,,12.86,*,,15.22,63.0,10.0,Ir,N,643.0,8.1,mem
UGC7678,12,32,0.4,+,39,49,55,1.78,0.52,0.07,,15.62,14.5,,17.86,12.48,,,15.62,39.0,9.0,Im,N,679.0,6.9,TF
UGC07690,12,32,26.9,+,42,42,15,2.09,0.79,0.13,,14.92,13.13,,17.13,11.4,,,14.48,71.0,8.0,,,536.0,11.2,TF
NGC4517,12,32,45.5,+,0,6,54,12.02,0.13,0.1,,15.86,11.09,,,7.33,,,12.39,307.0,7.0,,,1134.0,9.7,TF
UGC07699,12,32,48.0,+,37,37,18,3.98,0.27,0.05,,14.83,13.3,,17.04,11.15,,,14.07,171.0,7.0,,,495.0,14.5,TF
DDO133,12,32,53.0,+,31,32,21,3.55,0.69,0.07,,14.85,13.53,,16.93,11.12,*,,13.77,45.0,10.0,Ir,L,330.0,4.85,TRGB
NGC4509,12,33,6.8,+,32,5,30,0.91,0.76,0.05,,15.22,14.1,,,11.5,,,15.9,49.0,9.0,BCD,H,934.0,10.1,TF
BTS142,12,33,7.4,+,38,6,58,0.33,0.98,0.05,,20.22,18.44,,,16.04,*,,17.95,23.0,10.0,Ir,L,719.0,10.0,txt
KDG155,12,33,8.0,-,0,31,59,1.2,0.74,0.1,,20.48,16.4,,,13.96,*,,16.24,43.0,10.0,Ir,L,750.0,8.11,h
KK152,12,33,24.9,+,33,21,5,1.07,0.43,0.08,,17.51,16.3,,,13.88,*,,16.18,34.0,10.0,Ir,N,838.0,6.9,TF
UGC7719,12,34,0.6,+,39,1,10,2.14,0.29,0.07,,16.14,15.25,,18.09,12.59,*,,15.1,57.0,8.0,,,679.0,9.2,TF
NGC4534,12,34,5.5,+,35,31,6,3.02,0.66,0.05,,14.01,13.2,,16.24,11.21,,,13.28,110.0,8.0,,,802.0,9.8,TF
UGC7751,12,35,11.8,+,41,3,39,1.21,0.34,0.11,,17.73,16.5,,,14.05,*,,16.38,41.0,9.0,Im,N,605.0,7.9,TF
LV J1235-1104,12,35,39.4,-,11,4,2,0.43,0.9,0.17,,16.81,15.7,,,13.18,*,,17.24,55.0,10.0,Ir,H,1110.0,10.0,TF
NGC4559,12,35,57.7,+,27,57,35,10.96,0.41,0.08,,12.27,10.28,,13.5,7.58,,,11.77,237.0,6.0,,,814.0,8.1,TF
UGC07774,12,36,22.5,+,40,0,19,3.16,0.16,0.07,,16.46,14.6,,18.56,11.11,*,,14.19,183.0,7.0,,,528.0,22.6,TF
VCC1675,12,36,35.0,+,8,3,17,1.41,0.61,0.1,,17.8,14.8,,,12.1,,,18.27,33.0,9.0,BCD,N,1790.0,7.5,TF
IC3583,12,36,43.5,+,13,15,34,2.88,0.52,0.19,,15.43,13.31,,,11.2,,,15.66,105.0,9.0,Im,N,1120.0,7.6,TF
MAPS1236+33,12,36,49.4,+,33,36,48,0.56,0.43,0.07,,18.86,16.9,,,14.49,*,,17.49,30.0,10.0,Ir,N,526.0,11.7,TF
IC3591,12,37,3.0,+,6,55,36,1.29,0.6,0.1,,16.09,14.39,,16.79,11.6,,,15.18,86.0,9.0,BCD,N,1632.0,9.8,TF
KKSG29,12,37,14.1,-,10,29,51,1.41,0.43,0.12,,18.9,16.54,,,14.08,*,,17.74,30.0,10.0,Ir,L,756.0,7.7,TF
Arp211,12,37,21.3,+,38,44,43,0.85,0.57,0.08,,15.99,15.74,,19.38,13.32,*,,16.54,27.0,10.0,Ir,N,458.0,6.61,TRGB
VCC1713,12,37,29.1,+,4,45,5,0.58,0.59,0.1,,17.93,15.86,,,13.42,*,,17.41,26.0,9.0,Im,N,1638.0,7.2,TF
KKSG30,12,37,35.9,-,8,52,2,0.87,0.5,0.14,,19.01,16.3,,,13.82,*,,17.39,36.0,10.0,Ir,N,1105.0,9.1,TF
VCC1725,12,37,41.2,+,8,33,33,1.17,0.54,0.1,,15.95,14.89,,,11.74,,,16.48,76.0,9.0,BCD,N,1076.0,8.5,TF
KKSG31,12,38,33.7,-,10,29,25,0.79,0.88,0.13,>,23.0,17.7,,,13.48,*,>,18.2,,-3.0,Sph,L,,9.3,mem
UGCA292,12,38,40.0,+,32,46,0,1.02,0.7,0.07,,16.35,16.07,,18.26,14.24,,,15.03,27.0,10.0,Ir,L,308.0,3.61,TRGB
UGC07827,12,39,38.9,+,44,49,15,1.25,0.58,0.08,,16.94,15.96,,18.16,13.54,*,,15.26,44.0,10.0,Ir,N,553.0,8.5,TF
KKSG32,12,39,55.0,-,11,44,48,0.6,0.83,0.21,,23.93,18.5,,,14.21,*,>,18.2,,-3.0,Sph,L,,9.3,mem
KDG177,12,39,58.5,+,13,46,53,0.89,0.51,0.14,,18.47,16.36,,,13.88,*,,16.17,30.0,10.0,Ir,N,1005.0,8.2,TF
NGC4594,12,39,59.1,-,11,37,23,11.75,0.51,0.22,,14.98,8.98,,16.73,4.96,,,14.78,736.0,1.0,,,1090.0,9.3,SBF
NGC4605,12,40,0.3,+,61,36,29,6.17,0.37,0.06,,13.13,10.89,,14.31,7.76,,,13.44,132.0,8.0,,,151.0,5.47,TRGB
AGC749241,12,40,1.7,+,26,19,19,0.34,0.84,0.06,,19.66,18.3,,,15.9,*,,17.7,18.0,10.0,Ir,L,451.0,9.2,TF
BTS146,12,40,2.1,+,38,0,2,0.34,0.55,0.08,,20.35,17.5,,,15.08,*,,18.05,27.0,10.0,Ir,N,446.0,8.5,TF
SUCD1,12,40,3.1,-,11,40,4,0.1,0.96,0.02,>,23.0,18.4,,,14.7,,>,17.8,,-1.0,dE,H,1305.0,9.3,mem
KKSG33,12,40,8.9,-,12,21,53,0.5,0.99,0.2,>,23.0,18.5,>,22.37,14.22,*,>,18.2,,-3.0,Sph,L,,9.3,mem
VCC1822,12,40,10.4,+,6,50,49,0.83,0.53,0.09,,,16.4,,,13.97,*,,17.69,23.0,10.0,Ir,N,1008.0,8.1,TF
NGC4597,12,40,12.9,-,5,47,57,5.56,0.46,0.11,,14.44,12.58,,15.91,11.68,,,13.04,163.0,8.0,,,1039.0,10.1,TF
NGC4600,12,40,23.0,+,3,7,4,1.62,0.67,0.12,,20.38,13.7,,18.51,9.81,,>,17.5,,0.0,dS0em,N,852.0,7.35,SBF
KKSG34,12,41,18.9,-,11,55,39,0.69,0.88,0.23,>,23.0,18.0,,,13.69,*,>,18.2,,-3.0,Sph,L,,9.3,mem
NGC4618,12,41,32.8,+,41,9,3,4.17,0.76,0.1,,13.02,11.31,,14.76,8.66,,,13.08,90.0,6.0,,,536.0,7.9,TF
LV J1241+3251,12,41,47.3,+,32,51,28,0.79,0.57,0.08,,17.51,16.4,,,13.98,*,,17.14,27.0,10.0,Ir,N,693.0,7.3,mem
NGC4625,12,41,52.7,+,41,16,26,1.66,0.78,0.08,,14.56,13.03,,16.44,9.75,,,14.1,51.0,7.0,,,606.0,7.9,mem
NGC4627,12,41,59.7,+,32,34,25,1.82,0.69,0.07,,17.47,13.01,,23.76,8.85,*,,,,-3.0,,,542.0,7.3,mem
NGC4631,12,42,8.0,+,32,32,29,16.6,0.17,0.07,,11.45,9.75,,13.96,6.47,,,10.86,183.0,7.0,,,583.0,7.38,TRGB
IC3687,12,42,15.1,+,38,30,7,5.13,0.88,0.09,,14.79,13.79,,16.88,11.12,,,14.38,36.0,10.0,Ir,N,350.0,4.57,TRGB
BTS151,12,43,24.6,+,32,28,56,0.78,0.61,0.07,>,23.0,17.4,,,13.24,*,,,,-2.0,Sph,L,,7.3,mem
LV J1243+3232,12,43,44.6,+,32,32,4,0.35,0.65,0.07,>,23.0,19.0,,,14.84,*,,,,-1.0,Sph,L,,7.3,mem
KDG192,12,43,45.0,+,53,57,32,1.07,0.63,0.06,,17.47,16.6,,,14.2,*,,15.48,69.0,10.0,Ir,L,443.0,7.45,h
LV J1243+4127,12,43,55.7,+,41,27,25,1.38,0.43,0.08,,19.36,17.2,,,14.78,*,,17.2,16.0,10.0,Ir,L,402.0,6.09,h
KK160,12,43,57.4,+,43,39,41,0.59,0.75,0.11,,21.41,17.43,,24.25,14.98,*,,17.52,22.0,10.0,Ir,L,293.0,4.31,TRGB
NGC4656,12,43,57.6,+,32,10,13,12.88,0.15,0.06,,11.6,10.96,,14.04,8.0,,,11.51,146.0,8.0,,,638.0,5.4,TF
[KK2000] 51,12,44,21.5,-,42,56,23,0.55,0.44,0.38,>,23.0,17.3,,,14.6,*,>,17.8,,10.0,Tr,L,,3.6,mem
DDO143,12,44,25.1,+,34,23,11,2.24,0.36,0.08,,15.9,16.0,,17.73,13.58,*,,14.55,50.0,10.0,Ir,L,607.0,9.1,TF
UGCA294,12,44,38.1,+,28,28,21,1.1,0.57,0.07,,15.99,14.82,,,12.41,*,,15.58,60.0,9.0,BCD,N,955.0,9.9,TF
ESO381-018,12,44,42.7,-,35,58,0,0.79,0.58,0.27,,,15.72,,,13.52,,,15.98,40.0,10.0,Ir,N,624.0,5.32,TRGB
IC3718,12,44,46.0,+,12,21,5,2.57,0.3,0.13,,18.39,14.0,>,19.88,11.91,,,17.18,71.0,8.0,,,849.0,6.8,TF
ESO381-020,12,46,0.4,-,33,50,17,2.82,0.4,0.28,,15.6,14.44,,17.04,12.11,,,13.59,78.0,10.0,Ir,L,589.0,5.45,TRGB
VCC2033,12,46,4.5,+,8,28,35,0.55,0.91,0.1,,17.37,15.3,,,12.45,,,18.27,23.0,9.0,BCD,H,1485.0,9.8,TF
VCC2037,12,46,15.3,+,10,12,12,1.2,0.46,0.11,,17.9,15.8,,,13.35,*,,18.5,29.0,10.0,Ir,N,1142.0,7.4,TF
UGCA298,12,46,55.4,+,26,33,51,0.89,0.78,0.06,,17.85,15.25,,,12.43,,,17.8,65.0,9.0,BCD,N,844.0,11.0,TF
UGC07950,12,46,56.4,+,51,36,47,1.38,0.74,0.06,,15.35,14.6,,18.36,12.12,,,15.46,57.0,9.0,Im,N,508.0,8.9,TF
DDO147,12,46,59.8,+,36,28,35,1.45,0.79,0.08,,16.09,15.12,,19.52,12.7,*,,14.55,30.0,10.0,Ir,L,331.0,5.4,TF
FGC1497,12,47,0.6,+,32,39,5,1.07,0.17,0.06,,18.79,16.8,,,14.13,*,,17.02,91.0,8.0,,,519.0,23.4,TF
HIPASS J1247-77,12,47,32.6,-,77,35,1,0.66,0.48,3.2,,,18.0,,,13.5,,,15.55,32.0,10.0,Ir,L,413.0,3.16,TRGB
NGC4707,12,48,22.9,+,51,9,53,2.09,0.8,0.05,,15.16,13.43,,17.66,11.73,,,14.77,67.0,10.0,Ir,N,468.0,5.8,TF
DDO148,12,48,43.1,-,5,15,14,2.34,0.74,0.12,,17.36,13.7,,,10.99,*,,16.04,43.0,8.0,,,1337.0,9.0,TF
KK165,12,48,52.7,+,31,58,13,0.72,0.93,0.07,>,23.0,17.5,,,13.34,*,,,,-1.0,Tr,L,,5.4,mem
NGC4700,12,49,7.6,-,11,24,41,4.07,0.21,0.2,,14.26,12.63,,17.72,10.49,,,14.08,123.0,7.0,,,1411.0,7.3,TF
KK166,12,49,13.3,+,35,36,45,0.6,0.59,0.06,>,23.0,17.62,,24.25,13.47,*,,,,-3.0,Tr,L,,4.74,TRGB
MAPS1249+44,12,49,31.0,+,44,21,33,0.47,0.53,0.07,,18.86,17.1,,,14.69,*,,17.59,36.0,9.0,Im,N,513.0,7.84,h
UGC07983,12,49,47.0,+,3,50,32,0.81,0.68,0.18,,18.05,16.2,,,13.69,*,,15.64,28.0,10.0,Ir,N,694.0,9.4,TF
UGC07990,12,50,27.2,+,28,21,10,1.17,0.52,0.06,,,16.2,,21.38,13.51,*,,16.38,87.0,8.0,,,512.0,20.4,TF
NGC4736,12,50,53.5,+,41,7,10,15.14,0.81,0.08,,11.9,8.7,,13.21,5.11,,,13.36,207.0,2.0,,,308.0,4.66,TRGB
BTS157,12,51,13.3,+,47,4,15,0.52,0.82,0.15,,21.23,17.5,,,15.01,*,,18.15,18.0,10.0,Ir,L,572.0,8.83,mem
KK167,12,51,44.4,+,26,6,38,0.85,0.72,0.04,,17.48,16.39,,,14.0,*,,16.45,37.0,10.0,Ir,N,1248.0,9.2,TF
IC3840,12,51,46.1,+,21,44,7,0.95,0.48,0.17,,17.71,16.9,,,14.39,*,,16.51,33.0,10.0,Ir,N,557.0,5.5,TF
NGC4765,12,53,14.4,+,4,27,47,1.86,0.73,0.18,,15.04,13.37,,,10.82,,,14.7,77.0,9.0,BCD,H,722.0,9.7,TF
KKSG38,12,53,31.6,-,5,55,40,0.87,0.46,0.15,,17.97,17.0,,,14.51,*,,17.51,44.0,10.0,Ir,N,1071.0,10.4,TF
DDO153,12,53,57.5,-,12,6,31,2.54,0.31,0.23,,15.9,14.59,,17.36,12.03,*,,14.01,68.0,9.0,Im,N,821.0,8.0,TF
DDO154,12,54,5.2,+,27,8,55,2.14,0.73,0.04,,14.88,14.1,,18.19,12.33,,,13.16,80.0,10.0,Ir,N,374.0,4.04,TRGB
UGC08030,12,54,29.4,+,26,18,18,1.23,0.56,0.04,,18.32,16.6,,,14.21,*,,17.02,53.0,10.0,Ir,L,628.0,15.3,TF
ESO443-009,12,54,53.6,-,28,20,27,0.71,0.75,0.28,,18.37,17.01,,,14.4,*,,16.8,29.0,10.0,Ir,L,645.0,5.78,TRGB
KDG215,12,55,40.5,+,19,12,33,1.17,0.54,0.09,,18.86,16.9,,,14.47,*,,15.79,25.0,10.0,Ir,L,419.0,5.5,TF
ESO219-010,12,56,9.6,-,50,8,38,0.68,0.79,0.96,,,16.42,,20.27,11.44,*,>,19.7,,-3.0,Sph,N,,4.29,SBF
KDG216,12,56,25.0,+,15,5,9,1.12,0.86,0.08,>,23.0,16.9,,,12.73,*,>,17.8,,-3.0,Tr,L,,6.0,txt
UGC08061,12,56,43.4,+,11,55,52,0.83,0.8,0.13,,18.0,15.97,,20.49,13.5,*,,16.58,56.0,10.0,Ir,N,563.0,6.49,h
NGC4826,12,56,44.2,+,21,41,5,13.8,0.52,0.18,,13.92,9.3,,13.96,5.33,,,13.38,302.0,2.0,,,409.0,4.37,TRGB
CVnII,12,57,10.0,+,34,19,15,2.5,0.61,0.04,,21.43,16.95,,,12.81,*,>,16.6,,-3.0,Sph,X,-129.0,0.16,HB
MCG-02-33-075,12,58,28.3,-,10,34,37,2.96,0.46,0.22,,,14.7,,,11.8,,,16.59,53.0,8.0,,,1267.0,8.7,TF
GR8,12,58,40.4,+,14,13,3,1.66,0.91,0.11,,15.41,14.79,,17.23,12.9,,,15.24,26.0,10.0,Ir,N,217.0,2.13,TRGB
HIPASS J1258-04,12,58,49.6,-,4,53,19,0.85,0.42,0.11,,16.83,15.26,,,12.81,*,,15.72,46.0,10.0,Ir,N,1318.0,6.5,TF
NGC4861,12,59,2.0,+,34,51,37,3.63,0.38,0.04,,13.6,12.9,,14.49,10.46,*,,13.67,103.0,9.0,Im,N,842.0,7.3,TF
KK176,12,59,56.3,-,19,24,47,1.48,0.58,0.16,,18.83,16.5,,,14.0,*,,15.62,37.0,10.0,Ir,L,825.0,6.9,TF
UGCA319,13,2,14.4,-,17,14,15,1.26,0.69,0.35,,17.25,15.08,,21.08,12.07,,,15.22,94.0,10.0,Ir,N,755.0,7.3,mem
KK177,13,2,41.9,+,21,59,51,0.78,0.91,0.16,>,23.0,17.4,,,13.15,*,,,,-2.0,Sph,L,,4.4,mem
DDO161,13,3,16.8,-,17,25,23,7.94,0.13,0.35,,14.59,13.5,,16.21,10.38,*,,12.66,113.0,8.0,,,744.0,7.3,TF
ESO269-037,13,3,33.6,-,46,35,3,1.2,0.75,0.57,,19.81,16.29,,22.6,13.42,*,,19.53,15.0,10.0,Ir,N,744.0,3.48,TRGB
KK180,13,4,29.9,+,17,45,32,0.89,0.69,0.1,>,23.0,17.3,,,13.11,*,,,,-2.0,Sph,L,,4.4,mem
KK182,13,5,2.9,-,40,4,58,0.91,0.6,0.44,,18.07,16.33,,21.07,13.47,,,15.58,33.0,10.0,Ir,N,617.0,5.78,TRGB
NGC4945,13,5,26.1,-,49,28,16,28.18,0.19,0.76,,,9.28,,12.61,4.49,,,11.76,361.0,6.0,,,563.0,3.8,TRGB
KDG218,13,5,44.0,-,7,45,20,1.82,0.71,0.2,,22.95,16.8,,,12.52,*,>,17.8,,-1.0,Tr,L,,5.0,txt
IC4182,13,5,49.3,+,37,36,21,6.61,0.92,0.06,,13.47,12.02,,16.03,9.72,,,13.3,35.0,8.0,,,321.0,4.7,Cep
DDO165,13,6,26.8,+,67,42,15,4.07,0.54,0.1,,14.7,13.31,,18.74,11.14,,,14.04,46.0,9.0,Im,N,31.0,4.57,TRGB
MCG -03-34-002,13,7,56.6,-,16,41,21,1.23,0.63,0.35,,16.77,14.79,,,12.55,,,16.01,57.0,9.0,BCD,N,959.0,7.9,TF
UGC08215,13,8,3.6,+,46,49,41,0.85,0.7,0.04,,17.7,16.03,,20.79,13.64,*,,15.94,25.0,10.0,Ir,N,224.0,4.55,TRGB
UGC08245,13,8,34.2,+,78,56,13,2.14,0.41,0.14,,16.75,14.75,,19.81,12.2,,,,,9.0,Im,N,-58.0,1.99,h
MCG -04-31-038,13,9,36.6,-,27,8,26,1.02,0.67,0.33,,16.79,15.09,,,10.8,,,15.35,59.0,10.0,Ir,N,684.0,7.8,TF
ESO269-058,13,10,32.9,-,46,59,27,4.68,0.6,0.46,,16.65,13.29,,20.69,9.04,,,15.27,62.0,9.0,Ir,L,400.0,3.8,TRGB
[KK2000] 53,13,11,14.2,-,38,54,22,0.79,0.87,0.38,>,23.0,17.3,,,12.85,*,>,17.8,,-3.0,Sph,L,,3.6,mem
NGC5023,13,12,11.9,+,44,2,19,7.24,0.11,0.08,,14.81,12.85,,16.43,9.74,,,13.3,178.0,7.0,,,407.0,6.61,TRGB
KK189,13,12,45.0,-,41,49,55,0.6,0.67,0.49,>,23.0,17.75,>,25.37,13.2,*,>,20.9,,-3.0,Sph,L,,4.21,TRGB
CGCG 217-018,13,12,51.8,+,40,32,35,1.0,0.67,0.06,,16.71,14.93,,18.64,12.59,,,,,9.0,BCD,N,555.0,8.33,mem
KKH82,13,12,58.7,+,41,47,12,1.15,0.79,0.06,,20.48,16.4,,,14.0,*,,,,10.0,Tr,L,529.0,8.06,h
ESO269-066,13,13,9.2,-,44,53,24,2.14,0.86,0.4,>,23.0,14.59,>,25.37,10.12,*,>,21.4,,-1.0,Sph,L,784.0,3.82,TRGB
NGC5011C,13,13,11.9,-,43,15,56,1.17,0.66,0.5,,19.18,14.21,,,11.24,,>,15.8,,-1.0,Tr,N,647.0,3.6,mem
DDO167,13,13,22.8,+,46,19,11,1.1,0.55,0.04,,16.39,15.45,,19.14,13.45,,,15.96,19.0,10.0,Ir,N,150.0,4.19,TRGB
KK191,13,13,39.7,+,42,2,39,0.42,0.96,0.06,,23.36,18.2,,,15.8,*,>,19.2,,10.0,Tr,L,,6.0,txt
DDO168,13,14,28.6,+,45,55,10,3.89,0.39,0.07,,14.66,12.97,,17.31,11.11,,,13.14,59.0,10.0,Ir,N,191.0,4.33,TRGB
DDO169NW,13,15,20.1,+,47,32,37,0.78,0.71,0.04,,17.69,18.0,,,15.61,*,,16.52,30.0,10.0,Ir,L,242.0,4.2,mem
DDO169,13,15,30.7,+,47,29,47,2.95,0.33,0.04,,15.79,14.46,,18.81,12.17,,,14.68,48.0,10.0,Ir,N,262.0,4.41,TRGB
KK193,13,15,31.2,+,41,30,5,0.56,0.91,0.07,,24.26,18.7,,,16.29,*,,,,10.0,Tr,L,,8.9,mem
NGC5055,13,15,49.3,+,42,1,45,16.22,0.57,0.08,,12.47,9.32,,13.36,5.61,,,11.55,381.0,4.0,,,500.0,8.99,TRGB
CGCG 189-050,13,17,4.9,+,37,57,9,0.85,0.77,0.06,,,15.6,,,13.2,*,,,,9.0,BCD,N,324.0,5.04,h
KK194,13,17,19.5,+,44,23,48,0.63,0.58,0.07,,21.5,17.6,,,15.19,*,,,,10.0,Ir,L,,10.0,txt
NGC5068,13,18,55.3,-,21,2,21,10.0,0.88,0.44,,12.78,10.52,,13.43,7.55,,,12.34,74.0,6.0,,,668.0,5.45,PNLF
AGC732602,13,21,4.8,+,24,8,36,0.62,0.43,0.04,,18.34,17.1,,,14.71,*,,17.63,27.0,10.0,Ir,N,925.0,7.2,TF
KK195,13,21,8.2,-,31,31,47,0.71,0.46,0.27,,18.94,17.1,>,25.37,14.5,,,15.53,24.0,10.0,Ir,L,572.0,5.22,TRGB
[KK2000] 54,13,21,32.4,-,31,53,11,0.66,0.68,0.29,>,23.0,18.13,>,25.37,15.51,*,>,19.7,,10.0,Tr,L,,4.6,mem
KK196,13,21,47.1,-,45,3,48,0.87,0.77,0.36,,19.01,16.14,,,13.46,*,>,18.1,,10.0,Ir,L,741.0,3.98,TRGB
NGC5102,13,21,57.8,-,36,37,47,13.49,0.32,0.24,,,10.28,,16.99,6.92,,,12.48,204.0,1.0,,,464.0,3.4,TRGB
KK197,13,22,1.8,-,42,32,8,1.58,0.78,0.66,>,23.0,15.68,>,25.37,10.98,*,>,20.1,,-3.0,Sph,L,,3.87,TRGB
[KK2000] 55,13,22,12.4,-,42,43,51,0.79,0.88,0.63,>,23.0,18.5,>,25.37,13.82,*,>,18.0,,-3.0,Sph,X,,3.94,TRGB
KK198,13,22,56.1,-,33,34,22,0.5,0.83,0.3,,21.5,17.65,>,25.37,13.28,*,>,19.6,,-3.0,Tr,L,,4.6,mem
AM1320-230,13,23,29.9,-,23,23,35,0.69,0.57,0.35,,21.73,17.53,>,25.37,13.11,*,>,19.7,,-3.0,Tr,L,,4.6,mem
KK200,13,24,36.0,-,30,58,20,1.1,0.62,0.3,,18.64,16.67,,23.0,13.42,,,17.06,17.0,10.0,Ir,L,494.0,4.63,TRGB
NGC5128,13,25,28.9,-,43,1,0,34.67,0.78,0.5,,12.85,7.84,,12.18,3.94,,,12.56,477.0,-2.0,,,556.0,3.75,TRGB
IC4247,13,26,44.4,-,30,21,45,1.66,0.38,0.27,,16.48,14.41,,19.49,11.25,,,15.42,33.0,10.0,Ir,N,420.0,4.97,TRGB
KK203,13,27,28.1,-,45,21,9,0.5,0.99,0.44,>,23.0,17.7,,,14.95,*,>,17.8,,10.0,Tr,L,,3.6,mem
ESO324-024,13,27,37.4,-,41,28,50,3.31,0.72,0.47,,15.32,12.91,,16.54,10.35,,,13.28,80.0,8.0,,,514.0,3.73,TRGB
CVnI,13,28,3.5,+,33,33,21,14.3,0.61,0.06,>,23.0,13.94,,,9.79,*,>,16.34,,-3.0,Sph,X,31.0,0.22,TRGB
LV J1328+4937,13,28,31.2,+,49,37,38,0.45,0.55,0.04,,18.01,17.3,,,14.91,*,,,,10.0,Ir,N,395.0,8.02,mem
PGC170257,13,29,21.0,-,21,10,45,0.93,0.75,0.46,,17.55,15.33,,,12.6,,,17.0,50.0,9.0,BCD,H,650.0,6.5,mem
NGC5204,13,29,36.4,+,58,25,4,5.13,0.6,0.05,,13.02,11.73,,15.01,9.51,,,12.66,115.0,8.0,,,201.0,4.66,TRGB
NGC5194,13,29,52.7,+,47,14,4,15.85,0.62,0.15,,11.34,8.61,,12.41,5.5,,,12.15,175.0,5.0,,,446.0,8.4,SN
NGC5195,13,29,58.7,+,47,16,5,6.92,0.92,0.15,,14.39,10.45,,14.69,6.25,,,14.89,165.0,0.0,,,455.0,7.66,SBF
UGC08508,13,30,44.4,+,54,54,36,2.14,0.59,0.06,,,14.12,,17.63,11.57,,,14.73,46.0,10.0,Ir,N,56.0,2.69,TRGB
AGC238890,13,32,30.3,+,25,7,25,0.83,0.63,0.06,,,16.6,,,14.2,*,,18.54,20.0,9.0,BCD,N,360.0,6.8,TF
UGCA361,13,32,36.2,+,49,49,49,0.98,0.59,0.03,,21.82,16.7,,,12.57,*,,,,-1.0,Tr,L,,8.0,mem
NGC5206,13,33,43.9,-,48,9,4,3.72,0.86,0.52,,,11.62,>,22.61,8.48,,>,17.0,,-3.0,,,583.0,3.47,TRGB
NGC5229,13,34,2.9,+,47,54,55,3.39,0.13,0.08,,15.88,14.33,,17.51,11.67,,,14.16,126.0,7.0,,,359.0,8.0,mem
NGC5238,13,34,42.7,+,51,36,50,2.09,0.82,0.05,,15.3,13.55,,17.01,11.5,,,15.54,40.0,10.0,Ir,N,229.0,4.51,TRGB
ESO270-017,13,34,47.3,-,45,32,51,15.85,0.12,0.48,,,11.71,,15.56,8.2,,,12.11,147.0,8.0,,,827.0,3.6,mem
UGCA365,13,36,30.8,-,29,14,11,1.58,0.42,0.23,,18.0,15.49,,23.66,12.64,,,16.27,31.0,10.0,Ir,L,577.0,5.25,TRGB
KK208,13,36,35.5,-,29,34,15,5.89,0.42,0.19,,23.72,14.3,>,25.37,10.03,*,>,17.6,,-3.0,Sph,X,,4.68,TRGB
MCG +08-25-028,13,36,44.8,+,44,35,57,0.95,0.52,0.07,,17.88,15.9,,,13.49,*,,,,10.0,Ir,N,480.0,7.74,h
NGC5236,13,37,0.1,-,29,52,4,18.62,0.89,0.28,,10.65,8.2,,11.66,4.62,,,9.3,261.0,5.0,,,519.0,4.92,TRGB
HIDEEP J1337-33,13,37,0.6,-,33,21,47,0.2,0.95,0.21,,19.45,17.3,>,24.25,14.76,*,,17.35,20.0,10.0,Ir,N,591.0,4.37,TRGB
ESO444-084,13,37,20.2,-,28,2,46,1.35,0.77,0.3,,16.56,15.06,,18.61,12.6,,,14.41,56.0,10.0,Ir,N,587.0,4.61,TRGB
HIPASS J1337-39,13,37,25.1,-,39,53,52,0.52,0.83,0.32,,17.82,16.5,>,24.25,13.8,,,15.35,37.0,10.0,Ir,N,492.0,4.83,TRGB
NGC5237,13,37,38.9,-,42,50,51,2.0,0.84,0.41,,16.37,13.23,,17.3,9.85,,,14.73,77.0,9.0,BCD,H,361.0,3.4,TRGB
UGC08638,13,39,19.4,+,24,46,33,1.66,0.67,0.06,,15.89,14.47,,18.05,11.53,,,16.29,31.0,10.0,Ir,N,276.0,4.27,TRGB
DDO181,13,39,53.8,+,40,44,21,2.4,0.57,0.03,,15.65,14.22,,17.82,11.85,,,14.9,39.0,10.0,Ir,N,214.0,3.01,TRGB
NGC5253,13,39,55.8,-,31,38,24,6.92,0.38,0.24,,12.82,10.87,,13.21,8.29,,,13.74,67.0,8.0,,,407.0,3.56,TRGB
IC4316,13,40,18.1,-,28,53,40,2.04,0.63,0.24,,16.56,14.56,,18.7,10.96,,,16.43,22.0,10.0,Ir,N,576.0,4.41,TRGB
NGC5264,13,41,37.0,-,29,54,50,3.47,0.6,0.22,,15.34,12.6,,17.13,9.5,,,14.99,35.0,8.0,,,478.0,4.53,TRGB
[KK2000] 57,13,41,38.1,-,42,34,55,0.55,0.87,0.39,,,18.1,,,13.64,*,>,17.8,,-3.0,Sph,L,,3.93,TRGB
KK211,13,42,5.6,-,45,12,18,1.2,0.87,0.48,>,23.0,16.32,>,25.37,11.78,*,>,19.2,,-2.0,Sph,L,600.0,3.58,TRGB
LV J1342+4840,13,42,20.1,+,48,40,57,0.78,0.69,0.04,,,16.3,,,13.91,*,,,,9.0,Im,N,438.0,7.44,h
DDO182,13,42,32.6,+,39,39,30,1.32,0.74,0.04,,16.07,15.69,,18.86,13.3,*,,15.49,38.0,10.0,Ir,N,663.0,8.9,TF
KK213,13,43,35.8,-,43,46,9,0.48,0.5,0.42,,,18.0,>,25.37,13.52,*,>,17.8,,-3.0,Sph,L,,3.63,TRGB
ESO325-011,13,45,0.8,-,41,51,32,3.16,0.48,0.38,,,14.02,,16.39,11.32,,,13.82,58.0,10.0,Ir,L,544.0,3.4,TRGB
[KK2000] 58,13,46,0.8,-,36,19,44,0.93,0.7,0.27,,,17.41,>,25.37,13.06,*,>,19.7,,-3.0,Sph,L,,3.6,mem
KK217,13,46,17.2,-,45,41,5,0.65,0.83,0.52,,,17.57,,,12.99,*,>,20.9,,-3.0,Sph,L,,3.84,TRGB
KK218,13,46,39.5,-,29,58,45,0.81,0.45,0.26,>,23.0,17.6,>,25.37,13.26,*,>,20.9,,-3.0,Sph,L,,4.6,mem
ESO174-001,13,47,57.7,-,53,21,4,2.45,0.43,2.13,,,14.2,,,11.5,,,13.18,71.0,10.0,Ir,L,686.0,3.6,TF
CenN,13,48,9.2,-,47,33,54,0.76,0.78,0.61,,,17.5,,,12.84,*,>,17.8,,-3.0,Sph,L,,3.66,TRGB
HIPASS J1348-37,13,48,33.9,-,37,58,3,0.47,0.8,0.33,,,17.6,,,14.9,,,16.4,39.0,10.0,Ir,L,582.0,5.75,TRGB
KK221,13,48,46.4,-,46,59,49,1.51,0.67,0.6,,,17.3,,,14.4,*,>,17.8,,10.0,Ir,L,507.0,3.98,TRGB
ESO383-087,13,49,18.8,-,36,3,41,5.62,0.8,0.31,,13.69,11.0,,15.21,8.2,,,13.81,33.0,8.0,,,326.0,3.45,TRGB
DDO183,13,50,51.1,+,38,1,16,2.4,0.32,0.07,,15.98,14.45,,19.26,12.04,*,,15.1,29.0,10.0,Ir,N,188.0,3.22,TRGB
HIPASS J1351-47,13,51,22.0,-,47,0,0,0.56,0.6,0.62,,,17.5,,,14.6,,,16.06,39.0,10.0,Ir,L,529.0,5.73,TRGB
KDG229,13,53,41.6,+,60,3,4,0.85,0.57,0.05,,23.62,16.5,,,14.1,*,,,,10.0,Ir,L,,8.0,txt
KKH86,13,54,33.6,+,4,14,35,0.85,0.71,0.12,,19.69,16.88,,26.06,14.09,,,18.12,14.0,10.0,Ir,L,287.0,2.59,TRGB
HolmIV,13,54,45.1,+,53,54,17,4.07,0.3,0.06,,,13.76,,17.35,11.04,,,14.24,78.0,8.0,,,140.0,7.21,TRGB
UGC08833,13,54,48.7,+,35,50,15,1.17,0.89,0.05,,16.73,15.3,,19.76,12.31,,,15.77,28.0,10.0,Ir,N,221.0,3.08,TRGB
LV J1354+5438,13,54,50.6,+,54,38,50,,,0.04,,,,,,,*,,17.3,27.0,11.0,HIcld,,210.0,7.41,mem
KK227,13,56,10.1,+,40,18,12,0.71,0.81,0.04,>,23.0,17.5,,,13.36,*,,,,-2.0,Ir,L,,10.0,txt
ESO384-016,13,57,1.6,-,35,20,2,1.32,0.69,0.32,,19.22,15.11,>,23.86,12.0,,,17.36,17.0,9.0,BCD,N,561.0,4.53,TRGB
BootesIII,13,57,7.4,+,26,46,30,56.0,0.65,0.1,>,23.0,12.6,,,8.41,*,,,,-3.0,Sph,X,198.0,0.05,HB
UGC08882,13,57,14.6,+,54,6,3,1.07,0.73,0.04,,21.6,15.77,,23.97,13.72,,,,,-1.0,dE,N,348.0,8.32,SBF
BootesII,13,58,0.0,+,12,50,0,6.7,0.73,0.08,,22.45,16.32,,,12.15,*,>,19.88,,-2.0,Sph,X,-117.0,0.04,CMD
BootesI,14,0,0.0,+,14,30,0,20.0,0.61,0.08,>,23.0,13.66,,,9.49,*,>,19.88,,-2.0,Sph,X,99.0,0.07,HB
NGC5398,14,1,22.2,-,33,3,52,3.55,0.52,0.28,,14.93,12.78,,,10.34,,,14.22,98.0,7.0,,,1220.0,8.1,TF
MESSIER101,14,3,12.8,+,54,21,2,30.2,0.93,0.04,,10.04,8.31,,11.91,5.51,,,10.39,147.0,6.0,,,240.0,7.38,Cep
NGC5408,14,3,21.5,-,41,22,35,2.82,0.42,0.3,,,12.2,,14.68,10.5,,,13.26,70.0,9.0,Im,N,502.0,4.81,TRGB
NGC5474,14,5,2.1,+,53,39,47,4.79,0.9,0.05,,13.0,11.48,,15.47,9.48,,,12.52,39.0,8.0,,,288.0,7.2,BS
NGC5477,14,5,33.1,+,54,27,39,2.04,0.76,0.05,,14.97,14.19,,17.04,11.79,*,,13.48,53.0,9.0,Im,N,312.0,7.7,BS
KK230,14,7,10.7,+,35,3,37,0.76,0.83,0.06,,18.24,17.5,,24.25,14.55,,,16.67,17.0,10.0,Ir,L,63.0,2.14,TRGB
CIRCINUS,14,13,9.3,-,65,20,21,6.92,0.43,4.2,,,12.12,,14.33,5.28,,,10.7,251.0,3.0,,,434.0,4.2,TF
KKH87,14,15,9.4,+,57,5,15,1.12,0.37,0.05,,17.38,16.1,,19.92,13.7,*,,15.64,38.0,10.0,Ir,N,320.0,7.2,TF
DDO187,14,15,56.5,+,23,3,19,1.7,0.76,0.1,,16.4,14.38,,20.61,12.46,,,14.89,31.0,10.0,Ir,N,160.0,2.2,TRGB
KKR08,14,19,14.8,+,3,7,26,0.56,0.82,0.15,>,23.0,18.0,,,13.76,*,>,17.8,,-2.0,Sph,L,,8.0,txt
NGC5585,14,19,48.3,+,56,43,49,5.89,0.64,0.07,,13.17,11.2,,15.41,9.5,,,12.56,145.0,7.0,,,303.0,5.7,BS
DDO190,14,24,43.5,+,44,31,33,2.4,0.89,0.05,,14.92,13.1,,17.67,10.72,,,14.28,45.0,9.0,Im,N,150.0,2.74,TRGB
PGC051659,14,28,3.7,-,46,18,6,1.86,0.38,0.56,,,15.2,,20.87,12.34,*,,14.16,46.0,10.0,Ir,L,391.0,3.58,TRGB
Centaurus A-dE5,14,30,5.0,-,33,28,45,0.52,0.58,0.33,>,23.0,18.43,>,25.37,15.78,*,>,20.2,,10.0,Tr,L,,9.0,txt
ESO222-010,14,35,3.0,-,49,25,18,0.44,0.44,1.11,,,16.33,,19.16,12.96,*,,15.2,46.0,10.0,Ir,N,620.0,5.8,TF
DDO194,14,35,24.6,+,57,15,24,2.14,0.35,0.05,,16.81,14.52,,21.03,11.87,*,,15.08,86.0,8.0,,,218.0,8.02,BS
MRK0475,14,39,5.4,+,36,48,22,0.45,0.75,0.05,,17.48,16.41,,17.61,14.01,*,,19.46,32.0,9.0,BCD,H,583.0,9.2,TF
HIPASS J1441-62,14,41,42.7,-,62,46,2,0.3,0.65,5.71,,,20.5,,,12.93,*,,15.87,52.0,10.0,Ir,L,672.0,6.02,h
ESO272-025,14,43,25.5,-,44,42,19,1.58,0.5,0.69,,,14.79,,18.73,12.27,,,16.95,42.0,10.0,Ir,N,631.0,5.88,h
ESO273-014,14,58,30.3,-,47,41,55,3.8,0.73,1.32,,,12.9,,,9.79,,,11.79,185.0,7.0,,,1050.0,9.9,TF
ESO223-009,15,1,8.5,-,48,17,33,2.63,0.92,1.12,,,13.82,,15.91,9.44,,,12.86,61.0,10.0,Ir,N,588.0,6.49,TRGB
UGC09660,15,1,9.3,+,44,41,53,1.2,0.49,0.09,,15.99,14.35,,18.46,11.74,,,15.42,66.0,9.0,BCD,N,608.0,7.4,TF
UMin,15,9,11.3,+,67,12,52,30.2,0.44,0.14,>,23.0,11.9,,,7.67,*,>,13.41,,-3.0,Sph,X,-255.0,0.06,TRGB
ESO274-001,15,14,13.5,-,46,48,45,13.49,0.1,1.11,,,11.7,,15.39,8.36,,,12.26,170.0,7.0,,,524.0,3.09,TRGB
HIPASS J1526-51,15,26,22.9,-,51,10,31,,,2.74,,,19.5,,,14.64,*,,15.42,39.0,10.0,Ir,L,605.0,5.68,h
UGC09992,15,41,47.8,+,67,15,15,1.66,0.61,0.16,,16.62,15.4,,19.06,12.9,*,,15.1,49.0,10.0,Ir,N,423.0,7.3,TF
KKR25,16,13,47.6,+,54,22,16,1.1,0.59,0.04,,,17.0,,22.96,12.86,*,>,19.9,,-1.0,Sph,L,-79.0,1.86,TRGB
ESO137-018,16,20,59.3,-,60,29,15,3.47,0.34,1.05,,,12.23,,16.61,8.37,,,13.2,138.0,6.0,,,603.0,6.4,TRGB
Hercules,16,31,2.0,+,12,47,30,13.5,0.33,0.26,>,23.0,15.0,,,10.66,*,>,19.88,,-3.0,Sph,X,45.0,0.15,HB
KDG235,17,0,25.3,+,70,17,24,1.29,0.81,0.15,,18.57,16.8,,22.48,14.31,*,,16.28,29.0,10.0,Ir,L,443.0,10.6,TF
Draco,17,20,1.4,+,57,54,34,35.48,0.69,0.12,>,23.0,10.9,,,6.69,*,>,19.88,,-3.0,Sph,X,-296.0,0.08,TRGB
Milky Way,17,45,40.0,-,29,0,28,,,,,,-4.6,,,,*,-,3.35,440.0,4.0,,,0.0,0.01,geom
IC4662,17,47,6.3,-,64,38,25,2.82,0.57,0.3,,13.02,11.74,,13.81,8.53,,,12.27,86.0,9.0,BCD,N,302.0,2.44,TRGB
NGC6503,17,49,27.6,+,70,8,41,7.08,0.34,0.14,,13.45,10.86,,14.03,7.3,,,12.67,196.0,6.0,,,51.0,5.27,TRGB
IC4710,18,28,38.0,-,66,58,56,3.72,0.78,0.38,,14.18,12.51,,15.53,9.56,*,,13.67,46.0,8.0,,,739.0,7.94,h
NGC6684,18,48,57.9,-,65,10,24,3.98,0.65,0.29,,,11.31,,,7.05,,,17.0,93.0,0.0,,,866.0,8.7,TF
Sag dSph,18,55,3.1,-,30,28,42,446.68,0.48,0.66,,,4.5,,,-0.2,*,>,17.36,,-3.0,Sph,X,140.0,0.02,TRGB
ESO104-022,18,55,41.2,-,64,48,39,1.48,0.67,0.36,,17.55,15.63,,,12.95,*,,14.27,38.0,10.0,Ir,L,797.0,6.7,TF
[KK2000] 70,19,6,58.9,-,63,57,57,0.55,0.82,0.2,,23.53,17.7,,,15.17,*,,,,10.0,Ir,L,,8.3,mem
UGC11411,19,8,42.3,+,70,17,2,0.79,0.7,0.52,,16.64,15.6,,17.48,12.8,,,,,9.0,BCD,N,69.0,4.73,h
[KK2000] 71,19,8,44.0,-,63,43,53,1.82,0.39,0.19,,15.99,15.1,,,12.58,*,,,,10.0,Ir,N,,8.3,mem
NGC6744,19,9,45.9,-,63,51,28,21.38,0.65,0.18,,11.47,9.14,,13.09,5.94,,,9.95,323.0,4.0,,,841.0,8.3,TF
ESO104-044,19,11,23.1,-,64,13,9,1.78,0.64,0.16,,17.57,14.96,,20.36,12.46,*,,14.6,70.0,10.0,Ir,L,750.0,8.3,mem
[KK2000] 72,19,12,22.9,-,63,51,22,0.55,0.75,0.17,,19.59,17.9,,,15.39,*,,,,10.0,Ir,L,,8.3,mem
NGC6789,19,16,41.8,+,63,58,22,1.41,0.77,0.3,,16.79,13.76,,18.24,11.2,,>,17.4,,9.0,BCD,H,-140.0,3.63,TRGB
Sag dIr,19,29,59.0,-,17,40,41,2.88,0.72,0.52,,15.89,14.12,,19.36,12.13,,,13.58,28.0,10.0,Ir,L,-79.0,1.04,TRGB
IC4870,19,37,37.6,-,65,48,43,1.74,0.56,0.49,,15.53,14.5,,17.04,12.11,,,13.92,78.0,9.0,BCD,N,877.0,7.3,TF
NGC6822,19,44,57.7,-,14,48,11,19.05,0.87,1.03,,12.04,9.31,,12.71,6.0,,,8.94,80.0,10.0,Ir,N,-57.0,0.5,Cep
LV J1952+1428,19,52,11.8,+,14,28,24,0.3,0.93,1.1,,,16.9,,,13.54,*,,17.47,28.0,9.0,BCD,N,279.0,7.13,h
KK246,20,3,57.4,-,31,40,54,0.91,0.42,1.28,,19.96,17.06,,,13.3,,,15.12,52.0,10.0,Ir,N,435.0,7.83,TRGB
IC4951,20,9,31.8,-,61,51,2,3.24,0.18,0.17,,15.55,13.97,,17.48,10.98,*,,13.91,122.0,8.0,,,814.0,9.8,TF
UGC11583,20,30,15.3,+,60,26,25,2.19,0.24,1.32,,,15.9,,20.2,12.3,*,,14.0,96.0,10.0,Ir,L,126.0,5.89,BS
KK251,20,30,32.0,+,60,21,13,1.58,0.5,1.28,,,16.5,,20.13,12.98,*,,14.56,52.0,10.0,Ir,L,130.0,5.89,BS
KK252,20,31,32.6,+,60,48,48,0.89,0.99,1.95,,,16.7,,20.85,12.57,*,,17.07,28.0,10.0,Ir,L,138.0,5.89,BS
NGC6946,20,34,51.1,+,60,9,15,14.79,0.85,1.48,,13.16,9.61,,12.53,5.37,,,9.99,169.0,6.0,,,51.0,5.89,BS
KKR55,20,45,20.8,+,60,24,40,0.6,0.67,2.94,,,17.0,,19.66,11.96,*,,15.6,37.0,10.0,Ir,N,32.0,5.89,BS
DDO210,20,46,51.8,-,12,50,53,2.63,0.5,0.22,,16.96,14.0,,22.23,11.29,,,14.64,19.0,10.0,Ir,L,-140.0,0.94,TRGB
KKR56,20,48,24.1,+,58,37,6,0.71,0.64,3.14,,,17.6,,21.36,12.38,*,,15.57,10.0,10.0,Ir,L,-43.0,5.89,BS
Cepheus1,20,51,9.7,+,56,53,24,3.02,0.5,4.05,,,15.4,,19.31,9.05,*,,12.1,90.0,8.0,,,33.0,6.0,mem
IC5052,20,52,6.2,-,69,12,14,8.13,0.14,0.22,,14.35,11.68,,15.76,8.88,,,12.51,174.0,7.0,,,584.0,6.03,TRGB
KKR59,21,3,24.2,+,57,17,14,2.29,0.61,3.86,,,15.7,,18.25,9.57,*,,,63.0,8.0,,,-3.0,5.89,BS
KKR60,21,5,53.0,+,57,12,19,0.71,0.7,4.57,,,18.0,,19.05,11.47,*,,,,10.0,Ir,L,-14.0,5.9,mem
Segue 3,21,21,31.0,+,19,7,2,1.3,0.7,0.4,>,23.0,15.9,,,11.43,*,,,,-3.0,Sph,N,,0.02,CMD
NGC7090,21,36,28.6,-,54,33,26,10.23,0.18,0.1,,14.29,11.33,,14.91,8.16,,,12.57,205.0,6.0,,,850.0,6.7,TF
IC5152,22,2,41.9,-,51,17,43,7.08,0.62,0.11,,12.54,11.03,,15.91,7.97,,,12.26,85.0,9.0,BCD,N,122.0,1.97,TRGB
IC5201,22,20,57.4,-,46,2,3,8.71,0.46,0.05,,13.28,11.3,,15.44,8.0,,,12.48,195.0,6.0,,,915.0,8.8,TF
ESO238-005,22,22,30.1,-,48,24,18,3.09,0.65,0.06,,16.56,14.7,,19.06,12.28,*,,14.47,83.0,10.0,Ir,L,706.0,7.8,TF
AM2220-460,22,23,43.0,-,45,52,56,0.89,0.91,0.05,,17.37,16.37,,,13.97,*,,16.94,51.0,10.0,Ir,L,843.0,8.8,mem
And XXVIII,22,32,41.2,+,31,12,58,1.7,0.66,0.36,,,16.7,,,12.27,*,,,,-1.0,Tr,L,,0.65,TRGB
KK258,22,40,43.9,-,30,47,59,1.7,0.5,0.06,,20.02,16.3,,,12.15,*,>,18.2,,-3.0,Tr,L,,2.0,txt
Tucana,22,41,49.0,-,64,25,12,2.88,0.41,0.14,,22.04,15.7,,,11.47,*,>,20.1,,-1.0,Tr,L,194.0,0.88,TRGB
PiscesII,22,58,31.0,+,5,57,9,1.8,0.69,0.28,,22.68,17.2,,,12.84,*,,,,-3.0,Sph,X,,0.18,HB
NGC7462,23,2,47.2,-,40,50,6,5.5,0.17,0.05,,14.25,12.53,,,9.65,,,13.83,183.0,6.0,,,1057.0,10.1,TF
ApplesI,23,15,3.3,-,42,32,22,0.1,0.73,0.05,>,23.0,21.4,,,17.25,*,,,,-3.0,Sph,X,674.0,8.32,TRGB
NGC7640,23,22,6.6,+,40,50,44,10.47,0.19,0.48,,,11.61,,15.26,8.6,,,11.55,238.0,5.0,,,369.0,7.9,TF
UGC12588,23,24,42.4,+,41,20,53,1.86,0.82,0.63,,,14.11,,17.01,10.89,*,,14.91,90.0,8.0,,,425.0,7.9,mem
UGCA438,23,26,27.5,-,32,23,26,2.14,0.8,0.06,,15.43,13.89,,20.17,11.04,,,14.44,35.0,10.0,Ir,N,62.0,2.18,TRGB
Cas dSph,23,26,31.8,+,50,40,32,3.02,0.87,0.83,>,23.0,13.65,,24.11,8.79,*,>,16.34,,-3.0,Sph,L,-307.0,0.79,TRGB
ESO347-017,23,26,56.1,-,37,20,49,1.91,0.34,0.07,,15.75,14.69,,17.69,11.78,*,,14.87,69.0,7.0,,,691.0,7.6,TF
Pegasus,23,28,34.1,+,14,44,48,5.5,0.54,0.28,,16.27,13.21,,19.81,9.87,,,13.9,23.0,10.0,Ir,L,-184.0,0.76,TRGB
DDO217,23,29,58.7,+,40,59,25,5.25,0.82,0.62,,15.76,12.84,,16.81,9.6,*,,13.23,117.0,8.0,,,424.0,9.7,TF
IC5332,23,34,27.5,-,36,6,6,8.32,0.87,0.07,,12.62,11.0,,14.63,8.7,,,12.33,102.0,7.0,,,701.0,7.8,mem
LV J2335-3713,23,35,4.1,-,37,13,14,0.58,0.57,0.07,,,16.64,,,14.23,*,,17.26,29.0,10.0,Ir,N,615.0,7.8,mem
NGC7713,23,36,15.0,-,37,56,20,6.76,0.41,0.07,,,11.49,,15.08,9.19,,,13.44,182.0,6.0,,,692.0,7.8,TF
UGC12713,23,38,14.5,+,30,42,33,1.78,0.47,0.27,,16.95,14.81,,18.43,11.5,,,15.21,95.0,7.0,,,295.0,12.2,TF
UGCA442,23,43,46.0,-,31,57,33,6.31,0.14,0.07,,14.97,13.6,,17.51,11.42,,,13.47,94.0,8.0,,,267.0,4.27,TRGB
KKH98,23,45,34.0,+,38,43,4,1.05,0.55,0.53,,18.21,16.7,,20.08,13.82,,,16.66,21.0,10.0,Ir,L,-132.0,2.45,TRGB
ESO348-009,23,49,23.4,-,37,46,25,2.29,0.36,0.06,,16.37,14.81,,19.29,12.41,*,,14.54,85.0,10.0,Ir,L,647.0,11.5,TF
Peg dSph,23,51,46.4,+,24,35,10,3.98,0.59,0.28,>,23.0,14.17,,24.43,9.81,*,>,19.85,,-3.0,Sph,L,-345.0,0.82,RR
ESO149-003,23,52,2.8,-,52,34,39,2.63,0.18,0.06,,15.78,15.05,,18.65,12.65,*,,15.32,48.0,10.0,Ir,N,574.0,5.9,TF
And XXI,23,54,47.7,+,42,28,15,5.5,0.8,0.4,>,23.0,15.8,,,11.33,*,,,,-3.0,Sph,X,-361.0,0.86,TRGB
NGC7793,23,57,49.4,-,32,35,24,14.13,0.68,0.08,,11.28,9.72,,12.86,6.85,,,11.87,172.0,6.0,,,227.0,3.91,TRGB
And XXIX,23,58,55.6,+,30,45,20,2.7,0.65,0.2,>,23.0,17.0,,,12.72,*,,,,-2.0,Sph,X,,0.73,TRGB
