galaxyID,Mstar_r80star,sfr
0,305767656754.63513,30.047107506543398
1,374378940598.22705,48.2309541888535
2,522752478213.5465,28.837597137317058
3,495567649401.139,33.61901005730033
4,213834369342.29852,16.53647256270051
5,156120157523.44406,6.671607842668892
6,187578361950.89648,20.517270114272836
7,183028242270.9327,18.658040318638086
8,178070470728.6079,16.943754313513633
9,204259088314.23065,7.5208935495465985
10,183816798627.7065,5.387938177213073
11,91385332766.59418,0.0
12,127463713052.80125,7.662938812747598
13,99530602327.0535,2.467621475458145
14,49087119286.10857,27.246801320463423
15,105472809826.59247,7.1950808595865965
16,131306419573.86896,4.984732681885363
17,135865897013.18346,0.14542661979794502
18,198001798285.1015,0.0
19,68742847787.26888,14.169209038838744
20,105541059127.87088,5.661168146878481
21,51850523239.6384,11.697378795593975
22,55270339569.12793,1.1835575085133314
23,85988573327.22064,6.4190860372036695
24,58738934687.273964,2.950635068118572
25,90065989173.67209,7.542424250394106
26,144442919088.4098,1.68220030143857
27,66625154583.84633,1.883870393037796
28,41599894585.91583,1.5954519547522068
29,65001747689.4025,1.3091859184205532
30,61204558401.731766,1.6619265228509903
31,122855459738.2677,28.1498272176832
32,47848378987.45178,0.9786774888634682
33,51677797766.19203,3.383839715272188
34,45737260174.94172,6.558947488665581
35,34979040042.80493,3.342683460563421
36,37971387752.37939,2.426571231335401
37,45994999985.26737,4.5948446840047845
38,30437352757.791424,4.693896979093552
39,47506054580.907265,13.965033229440449
40,34576349875.889565,3.5923480708152056
41,48412671014.28986,7.000757718458773
42,49696676007.40016,2.252651914954185
43,49881456412.62493,2.3766557648777957
44,46782633964.38508,3.3858183976262812
45,37438148082.08097,1.576804969459772
46,47351174178.650406,1.6283590365201237
47,38596143508.55443,2.2285451982170343
48,36976308569.82543,3.3119945544749503
49,40519233208.347534,5.097720723599196
50,30813112517.49825,0.7913847528398037
51,34575821119.3203,0.8913769498467445
52,11942190452.071363,4.996521754190327
53,34630504173.73417,2.1299212984740734
54,17878256209.640167,1.9265283718705175
55,34091066990.54965,5.731748541817068
56,28910800190.353127,5.56283905915916
57,13335359365.482864,1.5006827823817732
58,20449406994.9283,1.7015740070492031
59,32796237097.468044,12.604076674208045
60,25543050261.306103,1.553646020591259
61,36071774329.44759,2.9933437369763847
62,24365116476.857258,8.300758736208081
63,11388712427.107813,1.8421547263860705
64,22757202604.53801,2.22951721586287
65,69050006082.74303,1.5135013833642006
66,26819678461.101837,2.8065130580216646
67,9801383979.492704,0.1986977718770504
68,18290919854.09896,1.920490177348256
69,21464784430.623928,3.2611564956605434
70,15375137731.425682,20.25630253553391
71,5547223233.215111,1.4885233230888844
72,18188571710.3203,0.8925047200173141
73,20175894988.984344,1.6673803590238094
74,10870155675.40151,3.937880149111152
75,27131261177.07629,5.9854385796934375
76,8703399017.072863,1.1768190041184423
77,13333666125.355684,1.238688342273235
78,16760607554.704798,1.8575381990522144
79,30130613413.442307,1.9054508171975613
80,19117950591.013405,3.254794729873538
81,43982121869.93972,6.6307762041687965
82,27571784539.43381,3.5762356407940388
83,25207321132.72534,0.9619751665741204
84,21947141402.6416,2.4651881456375118
85,16271031225.990091,1.6290308386087418
86,21817526035.161167,2.3772595245391135
87,13685185841.799265,0.17780278623104095
88,21341796048.58112,0.0
89,25022294465.99733,3.041492449119687
90,6405042606.48265,0.7654416207224131
91,18740303859.560574,1.7547349520027635
92,37874779365.12694,12.170985976234078
93,25064436796.440872,6.304840920493008
94,36878288260.01222,11.347019117325544
95,14570944533.01861,1.2954232096672058
96,24496015664.01928,2.6071384437382217
97,13570569014.12625,2.0270577166229486
98,41005784217.86221,6.54588383436203
99,14659573832.59494,1.6508768443018198
100,15587599413.46764,1.3742540292441845
101,17042674910.41446,1.917149227112532
102,16394462489.327663,0.4078113175928593
103,12688229971.767756,5.855992682278156
104,10008116999.353477,2.896075135096908
105,15683650650.780859,1.9321166258305311
106,12471520308.760784,0.7288296148180962
107,15220640612.47339,2.17168072424829
108,11437065206.838207,0.8967929892241955
109,11759216401.22527,1.2463920935988426
110,16137806228.034143,1.6908558569848535
111,9122407638.007677,1.437574101611972
112,15002114327.118841,1.7399553302675486
113,16192650827.003675,2.2966383323073387
114,14443850430.694206,1.568291500210762
115,11825805084.802862,0.7276298683136702
116,15628347653.28026,0.4046103022992611
117,10029890250.520737,0.5979656390845776
118,12838998367.267056,3.8110795579850674
119,10663286723.840816,1.5557523239403963
120,17173103365.369492,0.7343849502503872
121,13998600187.915031,3.153497820720077
122,6011026504.888278,3.150053331628442
123,13165187650.152843,0.5594364069402218
124,7094043354.579481,0.2800549678504467
125,34113709951.231506,3.582550149410963
126,10766483319.333431,0.15384170785546306
127,9854665747.915865,1.1053331214934587
128,19552377743.815086,1.2974515929818151
129,5158252175.747846,0.5584368258714676
130,9166261688.456104,1.4594361428171396
131,22712540564.93429,12.25723080523312
132,8486634144.105699,0.19658521190285685
133,8202973570.888522,0.7312690857797861
134,8464087744.552854,0.6735365018248558
135,8375504827.7428465,0.8173431660979986
136,7420446712.613644,1.6158737335354092
137,15983787107.03241,0.5076958443969488
138,6582694568.152435,2.4071876183152203
139,10491247630.283466,0.0
140,9034272098.392315,1.5027913041412833
141,8647334453.713816,1.0511586628854277
142,11689470377.339972,1.683694165199995
143,5350435159.693831,0.33182661794126034
144,9239951614.030678,0.5519937239587307
145,6014684705.982463,0.5324453637003899
146,6188473405.369524,0.7639942672103643
147,4906751741.14169,0.7480115368962288
148,7238894641.901105,1.170478254556656
149,9736721440.18127,3.2195557616651063
150,13267425422.510107,0.8774280734360218
151,9326862705.947105,3.0667937062680717
152,10506215709.208141,1.0965735781937838
153,14501927904.640953,2.3332788236439232
154,2143890391.8656347,1.2931572869420052
155,7428176522.228575,0.029562868177890774
156,9906305943.51967,0.8654587343335152
157,17051800914.41393,4.755741102620959
158,9129915462.699915,0.5195142067968845
159,13300442420.485243,3.200825698673725
160,4641448297.218219,3.2483709137886763
161,7017032368.926668,0.2912367172539234
162,21906813873.52888,27.510804500430822
163,2393554204.759979,0.5398449897766113
164,7988093829.098589,1.0902531575411558
165,22486550156.05422,5.506128583103418
166,6638106303.1089325,0.684286180883646
167,7298788777.356469,0.8352907039225101
168,13386472702.516987,3.011257041245699
169,5745044344.438016,1.805054254829884
170,7482062548.502744,1.1187994927167892
171,9831250548.480736,0.06450138241052628
172,8420259242.890072,3.162396850064397
173,17211160095.275513,3.2854007538408037
174,7805707498.941516,0.7172244787216187
175,16242942698.027878,3.9670519772917032
176,4930946930.238207,0.7535134591162205
177,4660002400.699536,1.1111440621316433
178,9042058588.77371,1.1347465552389622
179,5202605165.873236,0.24969952926039696
180,7155826761.7726345,1.6976706851273775
181,10361639312.46778,2.7662545945495367
182,5099833660.568048,1.2694035507738592
183,10884182254.701878,0.99356322363019
184,4030993407.6494713,1.9717013984918597
185,7057158451.11218,2.110490391030908
186,7883724555.39876,1.486322250217199
187,7836835183.137901,0.3485398888587952
188,7343237575.233344,1.1781964153051376
190,12042514824.175028,1.0852011907845736
191,8961527891.213919,1.732767315581441
192,6666169481.883607,0.17689268290996552
193,4784421910.366598,1.4849901907145977
194,8755882040.47361,1.157657776027918
195,3841230627.967207,0.34261567518115044
196,3049189153.681118,0.4870981834828854
197,4477073545.668087,0.13530912064015865
198,4914734594.057386,0.7908906117081642
199,5696525609.914937,0.8390968944877386
200,10689387910.207495,0.7903410717844963
201,8215518824.08943,0.5302520729601383
202,6405305215.008606,1.0431534536182878
203,5780289116.864663,0.17126992158591747
204,4495527107.621659,0.4348607137799263
205,6177851053.087256,2.4475817494094367
206,4399732550.325938,0.2532580308616161
207,3619808482.444571,0.6111517287790775
208,2747604181.3447647,0.18220296688377854
209,1803801590.405857,0.9365745075047016
210,4918813240.068625,0.2163752317428589
211,5648640942.562757,0.7044851705431938
212,6142410236.640775,1.692394282668829
213,7734418621.442145,0.09937353432178496
214,6314086238.380815,3.9945462625473738
215,5550360086.681379,0.08813876286149025
216,1998449189.2760887,1.2599679455161097
217,5324220274.389011,1.6311649717390535
218,5273808519.466624,1.7559017725288868
219,6042436757.562059,0.8404392190277576
220,4612654309.248304,0.5211154539138079
221,5846450345.283302,1.3110878206789494
222,5674095382.890186,0.07643689960241318
223,13901876152.255331,0.3194676414132118
224,5475506516.253649,0.2936480361968279
225,6856602627.923657,0.8820760976523161
226,2695202836.03608,0.9518166407942772
227,6210301016.527596,0.16074588522315025
228,5398965785.967546,0.418013371527195
229,3638591285.803439,0.5265451613813639
230,5641476082.102839,0.18221114203333852
231,7602524381.730806,2.615467973053456
232,4897047390.250157,0.4907006192952394
233,8455918899.843099,1.0301307737827299
234,5588601393.445215,0.2218640707433224
235,7045452416.391109,0.09652519971132277
236,6047603499.468061,1.095188070088625
237,10650708100.720095,1.5300546064972878
238,4024974509.9364634,0.2526282910257578
239,8371357929.10517,0.6089071687310934
240,2911717793.772157,1.0924670621752741
241,3176665219.552579,1.4696376584470272
242,7723961007.4094095,0.5895674675703049
243,4375336563.263731,1.478535896167159
244,5449865520.447505,0.694888886064291
245,2967454380.935883,1.1578749120235443
246,5056616937.585336,1.301812605932355
247,4496545642.5649395,0.1445806585252285
248,4161107827.9331656,0.3807928636670113
249,3989507736.5595284,0.23091503046453
250,4869962193.320135,0.9845091570168734
251,3535137261.171915,1.216670012101531
252,1814819150.127461,0.05036277323961258
253,10036052831.10025,1.0542268529534342
254,10776509760.16091,0.1673116497695446
255,5302289969.460644,0.3674776908010245
256,2780979818.379241,1.633730394765735
257,1812217962.3726325,0.9949285592883824
258,5308954871.4289465,1.0793746020644903
259,9856243758.202707,0.6677017211914062
260,3229943995.074912,1.885616898536682
261,5300177370.335504,0.9804740995168686
263,4838838066.263061,0.5712707452476025
264,11122674674.972055,2.4541645385324955
265,3259292794.579717,1.3170243278145792
266,6184571287.664621,0.21592354401946068
267,464693513.44016045,0.478080052882433
268,5059459955.070713,1.5752042308449743
269,3256474268.988468,0.2571516763418913
270,3828154786.781639,0.07437360659241676
271,3604198635.212012,1.527507932856679
273,2294903671.8510795,0.9274270907044412
274,2821686012.288053,0.5951353386044502
275,4688676500.521858,0.04569808766245842
276,4317179820.190952,0.4429723657667637
277,2826938274.310477,0.8899232856929302
278,2823031295.628948,0.09897793643176556
279,7222892062.765975,0.16601479798555374
280,17350444609.7512,0.0
281,3309069403.0950413,1.0898031610995529
283,1223200975.9211636,0.0
284,366455162.0834253,0.0
285,3016902802.3662987,0.06982313096523285
286,1534026427.3133812,0.9385307021439075
287,2461187050.663812,0.0
288,2646169333.701302,0.13607906363904476
289,3225313796.47762,0.26936838775873184
290,2409622665.098695,0.2219531573355198
291,4299496002.032797,2.1398989744484425
293,2480135020.2341824,0.31510457396507263
294,3425389843.7903852,0.2672320492565632
295,3177971083.085125,0.5791329089552164
296,5439918265.6476,1.1897270735353231
297,2858218078.091381,0.4509157799184322
298,4176050291.2262135,0.5052874255925417
299,3747824304.682629,0.15075163915753365
300,11501282540.52128,0.4834636002779007
301,904299375.3305554,0.6123983971774578
302,2476615250.134448,1.2280839718878271
303,6490047914.9252825,1.6774084139615295
304,4701227332.608108,0.27555964700877666
305,6775915123.394157,1.8850092682987447
306,3079976469.128773,0.7962267585098743
307,4774479975.063449,0.858067337423563
308,2336741850.0874557,0.3603686410933733
309,2185804098.5786505,0.2201163899153471
310,2122798031.4028594,0.8392025120556355
311,3553946851.8484282,0.2409475520253181
312,3615994306.1507773,0.14760373532772064
313,9301534924.350466,0.0
314,3654965578.8603063,0.19730419665575027
315,7173361786.5573015,0.7582797780632973
316,2918288497.0856905,0.353964040055871
317,1972486047.8318136,1.885102529078722
318,3624776949.0813775,0.25219065323472023
319,3186310745.9272127,0.5346473716199398
320,2022868960.8532505,0.2743825111538172
321,910772602.0591117,0.4091895092278719
322,1793835825.824611,0.11794813722372055
323,2635982879.032377,0.7890918999910355
324,3142168526.0667715,1.3362554162740707
325,8884830198.136318,0.14672768861055374
326,2226023913.8735113,0.5014079548418522
327,2444150472.3391747,0.0732923075556755
328,6815247011.454464,1.0112572386860847
329,5892373570.432181,0.2536757737398148
330,2232662373.857588,0.8450008332729341
331,2137384752.2207816,0.4693427551537752
332,5142022139.187632,0.8399221822619438
333,8709812127.893341,0.8866364546120167
334,2344773544.5402045,2.6610765401273966
335,2472043483.6616035,2.744295382872224
336,2742131625.608001,1.5015795323997736
337,2561131600.5306234,0.506972748786211
338,3055657582.5565968,0.11349202319979668
339,1810519983.9546185,0.03186626359820366
340,4655847197.622693,0.5481883529573679
341,802813712.5404935,0.2710559591650963
342,1874498596.32078,0.3394174724817276
343,1444733147.6559732,0.27573483623564243
344,2987373884.739692,1.1043901201337576
345,1628159817.2272015,0.5928242150694132
346,3064317342.710149,0.8806594684720039
347,2487722972.9368854,0.4474000483751297
348,6502674748.105871,3.0141896028071637
349,3178733585.0692573,0.9739670474082232
350,3237851848.8911715,0.5295515507459639
351,2257755471.718472,0.639411099255085
352,6932507191.259418,1.1091993041336536
353,2522007316.269851,0.2434369493275881
354,1215467405.4670975,0.07868281565606594
355,1699969207.8722913,0.9827617593109608
356,1825615386.6092782,0.5560805127024651
357,2007005436.439445,0.3718012776225805
358,2432630430.593677,0.2540114838629961
359,6631594167.840568,0.21418628096580505
360,1271418070.4510186,0.05830594152212142
361,1588612919.1716938,1.1390959694981575
362,1609649067.9680288,0.025474121794104576
363,1822171750.3492935,0.5468080379068851
364,704902176.2964466,0.782217726111412
365,7107593127.539877,0.8697690553963184
366,1815907256.3470156,0.8209680952131748
367,2016196782.212386,0.3165125213563442
368,558054146.8036592,0.18137519247829914
369,715183675.6086421,0.0
370,956282051.4521873,0.3694310374557972
371,1082675598.7735667,0.0
372,3436520182.13386,0.0
373,1416701790.9214175,0.024998225271701813
374,2393467501.13236,0.3452793471515179
376,1016407430.4970474,0.0
377,1900520888.2479987,0.4162959288805723
378,255516530.51870903,0.0
380,2283527576.9927325,0.18118122965097427
381,6616845331.804031,1.5501126758754251
382,1514809233.0760965,0.0
383,5197407587.756804,0.2575911041349173
384,1614588078.734543,0.18612459301948547
385,692897889.3223671,0.10360949113965033
386,2439231874.5226827,1.3926130831241608
387,2301376086.472295,0.3485266026109457
388,6503986039.743529,0.2189745083451271
389,971697386.9735043,0.05269242450594902
390,2153403997.8295393,0.6877946592867374
391,1925069913.6266942,0.2708141915500164
392,2059284166.962541,0.6924943774938583
393,797668371.394579,0.0
394,1803272275.3311286,0.14264974370598793
395,942360179.4714172,0.1869679093360901
396,1606052361.839851,0.6524878740310669
397,1141517886.004506,0.1429795529693365
398,854715926.5157412,0.0
399,1174757176.6053147,0.8461885955184698
400,1703410789.6966596,0.0
401,1389788557.1015654,0.0
402,597803523.8124702,0.3760738391429186
403,7443455833.767942,0.0
404,2603880262.101194,0.1557610835880041
405,930233659.7961928,0.05506998300552368
406,10383418494.184286,0.0
407,1755905158.785356,0.5008319169282913
408,915743199.2483463,0.0
409,2599590012.158452,0.59645089879632
410,1720645250.7939856,0.2847555056214333
411,820703414.2656157,0.0
412,459628262.66083884,0.04661458358168602
413,7021032856.478903,0.0995444655418396
414,3614690672.827058,0.3041316997259855
415,1757929544.181318,0.3420656602829695
416,2128793189.9279609,1.256280144676566
417,1124366674.304399,0.6064864490181208
418,726497170.7952057,0.0
419,695061744.0324247,0.3895007017999888
420,1352025380.607419,0.0
421,1834857883.6753206,0.04155334085226059
422,1213067361.3940275,1.3043769896030426
423,1066586617.9069368,0.0
424,1022920094.9815019,0.0
425,1380072177.914353,0.0954600553959608
426,2394011516.905393,0.04302014783024788
427,1161184650.3504775,0.18725868873298168
428,3570443793.9412656,0.204167440533638
429,1712185931.7831855,0.09317118860781193
430,1409928942.253451,0.15007108077406886
431,1015951512.0206873,0.1205732449889183
432,1951699459.1219087,1.271679040044546
433,1599482645.3025596,0.4259625468403101
434,1621576845.2476976,0.3343379721045494
435,1287267911.3196695,0.15604456700384614
436,2574698018.965977,0.6887246239930391
437,715441382.4193474,0.0
438,1578074232.1347713,0.19800292141735554
439,923280762.940445,0.05199118331074715
440,1100252881.083363,0.0
441,1496769004.7617302,0.35155248269438744
442,1737853714.3397145,0.29014813899993896
443,2733783770.049991,0.2446242030709982
444,1083576975.5705266,0.11116445995867252
445,4481107672.5950575,0.36930277943611145
446,267756593.729849,0.0
447,1292857708.5462494,0.2138158567249775
448,1918142501.4864874,0.06967993825674057
449,1297197988.8674676,0.2712422851473093
450,2057560154.3291767,0.0
451,1370870458.1855822,0.07535804808139801
452,910561162.46836,0.6896108891814947
453,703705491.3663516,0.0
454,2050041721.8191934,0.030332786962389943
455,1642100667.2971828,0.2676108442246914
456,894105692.0248623,0.5799628216773272
457,3411690086.2520595,0.0
458,763493083.4747919,0.0
459,944506556.513492,0.03800487145781517
460,1154933011.8792534,0.0
462,1519062833.2186544,0.3996300268918276
463,1394239272.645761,0.16114572249352932
464,692848575.4428512,0.0
465,3821218845.5507617,0.03954353928565979
466,822205612.5401107,0.0
467,196404923.2306504,0.04277103021740914
468,1491081778.831565,0.058575602248311036
469,1860892390.2278225,0.061967438086867326
470,1354863363.3468258,0.15025034733116627
471,1663955723.2735274,0.06793813779950142
472,280016259.7371919,0.052000291645526886
473,880618308.8234239,1.4403363484889269
474,177072943.53867543,0.085777398198843
475,1043275895.3733296,0.02782500721514225
476,1505428930.2965677,0.391811603680253
477,1547623293.9738796,0.8255600333213806
478,2728030612.4570065,0.5298511236906052
479,1526607260.5513473,0.39888933673501015
480,1295526783.1761124,0.0
481,335533547.41103566,0.0
482,2008512065.2615266,0.0
483,904138541.0574899,0.13696666434407234
484,2946405103.434497,0.07308550924062729
485,969260946.5745703,0.08519281260669231
486,1364080225.5279903,0.0
487,422972075.68272185,0.9142872411757708
488,1301416372.1976895,0.4741316940635443
490,1295717360.1446152,0.2946410141885281
491,828204860.1226455,0.9190584085881709
492,1521109510.0424352,0.10047735273838043
493,988415915.0311416,0.0979227963835001
494,662145758.1585815,0.34248208813369274
495,3234761121.2865024,0.8751511704176664
496,615335340.4230492,0.0
497,1146204769.3726401,0.0845124889165163
498,1017955211.282559,0.05135728605091572
499,2822120098.279652,0.0
500,1157180804.0352492,0.08079604804515839
501,3590504604.3552756,0.03622613102197647
503,933789946.5982623,0.0938328132033348
505,680561257.7320311,0.6576791927218437
506,520163151.83199716,0.0
507,896608927.6299498,0.2485828902572393
508,1291283800.823651,0.0
509,1138336851.3089626,0.0
510,1381450041.6036918,0.5800316352397203
512,1705463337.3194814,0.25052267871797085
513,715683657.3713161,0.10374168306589128
514,815063501.7931849,0.0
515,199289722.09570777,0.29628853872418404
516,806184573.4585531,0.4342592451721429
517,664953608.2905991,0.20082473754882807
518,524306428.88096863,0.12359021231532095
519,283611521.19332016,0.05296060256659985
520,1398004480.349824,0.3927719704806805
521,669918334.5935223,0.0
522,787362570.2134387,0.061011845245957375
523,3063845771.9863863,0.2246954757720232
524,807966885.4978071,0.2853603512048721
525,117434891.71651375,0.0
526,726229402.6120912,0.0
527,823764821.0882852,0.0
528,490999062.7259251,0.08055583573877811
529,2243938081.7311287,0.1765010841190815
530,1237351642.6091433,0.05915552750229836
532,562105366.2026327,0.0
533,220204134.71740645,0.0
534,2264890415.206766,0.5913578458130361
535,956834736.4759518,0.0
536,516579172.83285695,0.42040407471358776
537,280508199.4433395,0.0
538,1135879781.8039687,0.0
539,637286108.1732737,0.0
541,266452814.83192977,0.07558717206120491
542,928152923.5773416,0.0
543,591827859.2033339,0.047106215730309486
544,504865295.40162355,0.22884492576122284
545,171000897.1182645,0.0
546,419130559.69154125,0.0
547,773905008.6370504,0.055264607071876526
548,769235372.5221763,0.3957418333739042
549,928878625.8134863,0.4238555319607258
550,1524070104.7881954,0.05287178047001362
552,294500498.8961978,0.0
553,958246295.1348033,0.0
554,6805855.313521296,0.0
555,743970977.6512675,0.0
556,894591908.855764,0.3975939583033323
557,1026256872.1828252,0.0
558,1000785964.9832275,0.21458307839930055
559,581834902.1402619,0.05142904445528984
560,505634831.7143657,0.02968351170420647
561,699295876.5375601,0.0
562,3407081420.4117517,0.4308910258114338
563,268065789.76249477,0.3252872433513403
564,353865749.87705886,0.02356451377272606
565,1581391111.4575975,0.6775991097092628
566,360754716.1563686,0.0
567,905112603.3344314,0.17996224202215672
568,633756413.6758118,0.0
569,388029014.4588143,0.0
570,2650233943.449525,0.14780209958553314
572,336076886.65172166,0.025593645870685574
573,105254736.74952346,0.0
574,1009295641.5603352,0.2976039871573448
575,2959732185.6303325,0.0
576,2854138749.791288,0.360382741317153
577,148551172.08253932,0.0
578,871041998.1373388,0.03231324255466461
579,355945418.208289,0.0
580,898419444.5244321,0.0
581,692620565.99718,0.0
582,558608646.4700767,0.0
583,264198366.26962808,0.31529029831290245
584,520831478.6808085,0.11010665260255337
585,3348807602.234055,0.0
586,923408424.6529752,0.15969047136604786
587,899379306.2311717,0.0
588,635149827.5696367,0.0
589,696575109.7143053,0.0
590,27154385.94730917,0.023093519732356068
591,624065228.404824,0.0
592,662531515.8922473,0.04737360216677189
593,261796321.52639103,0.02423427626490593
594,338450259.9134984,0.0
595,468553792.54266936,0.0
596,702062532.3664439,0.0
597,770373251.3763355,0.054906072095036514
598,909164761.7893696,0.2538246177136898
599,301661966.8831415,0.0
600,1450931793.218091,0.05580631271004677
601,1531484971.3917449,0.06994110345840454
602,1883101784.6820905,0.0
603,676540919.5248058,0.3077998384833336
604,426855269.9499938,0.0
606,412901500.3157783,0.3813083507120609
607,2062756683.133212,0.16405552998185158
608,633314799.2323955,0.0
609,104819689.18948258,0.0735033992677927
610,196056048.209176,0.0
611,303290917.50637114,0.0
612,591080407.6715201,0.2296705059707165
613,380614381.8514416,0.0
614,719822372.8525647,0.18329585902392864
615,4497469056.18088,0.0
616,28228344.922401145,0.0
617,1902021591.689945,0.0
618,236620186.49714428,0.0
619,89904403.25358054,0.0
620,274715696.57116336,0.053924158215522766
621,232232714.65210867,0.4278914928436279
622,963134035.0037547,0.2984293159097433
623,648002557.9132483,0.02606017328798771
624,220958415.07888463,0.0
625,1487193254.6319766,0.15690188482403755
626,376587043.760671,0.0
627,444125655.30596036,0.0
628,670585169.9629929,0.0
629,304315206.27577883,0.1340382657945156
631,671488974.2743505,0.2497828509658575
632,240065253.16042328,0.0
633,128652909.06831264,0.23166268318891525
634,952321650.1709543,0.298573512583971
636,2637489751.581316,0.0
637,630592310.9950656,0.02676929906010628
638,101176424.28009328,0.0
639,442252802.66635686,0.0
640,1422519126.590476,0.21463773027062416
641,1649311217.1444814,0.0
642,803303743.6235408,0.5678936708718538
643,643002264.6982481,0.0
644,1705761100.651958,0.18273737281560895
645,541547505.5016453,0.0
646,766029855.7437433,0.10944673046469687
647,1273680446.4498842,0.12366108223795892
648,70466002.77963303,0.0
649,452771762.9659348,0.18854195065796372
650,2151392765.406589,0.16014843992888927
651,747076596.5903182,0.025277744978666302
652,31517913.444505136,0.0
653,245796009.01545545,0.0
655,177785029.24683166,0.0
656,447324328.48584527,0.1381924469023943
658,378998832.9830681,0.0
659,282562777.85478127,0.0
660,972721201.9134922,0.0
661,338203354.04047227,0.0
663,342978324.91082335,0.0
664,1207651281.3510635,0.18492056243121624
665,78952623.8708014,0.3996251095086336
666,979443635.7991533,0.0
667,231139554.3628436,0.2124095018953085
668,104450974.5191919,0.16450815461575985
669,404062487.9434249,0.05494027957320213
670,244328192.29572985,0.0
671,325256391.2112794,0.0
672,292655960.11960924,0.0
673,289336056.5724973,0.0529243815690279
674,4603259501.125878,0.0
675,453531566.69518137,0.0
676,582540656.3407679,0.0
677,230465884.30314705,0.024976367130875587
678,115833839.82647827,0.04773607105016709
679,372140240.1345765,0.0
680,453758196.0994511,0.0
681,463319403.92382,0.0
682,2731086026.0935826,3.5937891397625212
683,872957654.5862924,0.0
685,317420880.03550935,0.0
686,431031254.7860919,0.0
687,263612155.4035636,0.0
688,73148108.45194818,0.0
689,921193508.028414,0.0
690,241355724.7773494,0.0
691,74456996.11815234,0.0
692,138003745.78701985,0.0
693,310839212.41694885,0.0
694,1536262054.3903422,0.03650538995862007
695,528399791.11797863,0.32476438395679
696,480245626.6599715,0.39598604664206505
697,417838841.835942,0.0
699,86803169.95464055,0.0
700,112471390.79121554,0.0
701,40480920.82845967,0.0
702,107789399.25660647,0.0
703,483438464.35523,0.0
704,4470388353.042831,0.0
705,1365279417.2377524,0.0
706,229530258.8915091,0.16159328632056713
707,1255146156.6677835,0.03574301674962044
708,583319422.1383437,0.0
709,255669401.79241067,0.0
712,695974563.1796764,0.0
713,553864936.5968101,0.0
714,380865567.8241227,0.07540028728544712
716,206545268.42136723,0.0
717,221062952.6939415,0.0
718,188571701.35266745,0.022665912285447117
719,126113690.300235,0.0
720,295721961.98837566,0.0
721,449910050.7390914,0.1546405293047428
723,371586222.09823483,0.0
724,252273913.43543804,0.0
725,1733429814.9024177,0.16234705969691274
726,485921713.85116845,0.053727367892861366
727,198059786.2158713,0.05330778285861015
728,170710677.0501248,0.0
729,243242397.27218905,0.0
730,218212566.51243228,0.0
731,71840178.90028179,0.0
732,128289278.59625512,0.0
733,179089880.27842632,0.0
734,11540374.235313825,0.0
735,134323796.88412404,0.023077251389622692
736,245980942.30349377,0.0
737,3166209210.726304,0.0
738,88557497.88312744,0.0
740,262958498.17126933,0.0
741,147932765.5571682,0.0
742,68680483.97269279,0.0
743,81776592.69519864,0.0
744,225178553.11358827,0.04521424323320389
745,503794105.4277263,0.0
746,771560822.2102128,0.0
747,1452679686.6897395,0.0
748,455965215.81204575,0.14423200115561485
749,120683267.94606602,0.6618175935000181
750,1227847458.8942122,0.02211308479309082
751,585035538.2021115,0.0
752,341891454.73269916,0.023877834901213646
753,251958716.13409144,0.0
754,127839218.1505645,0.0
755,156717053.19427735,0.0
756,181814200.6528228,0.0
757,266054255.73209032,0.0
758,433614176.23133874,0.0
759,384800795.2311768,0.07878643646836281
761,257394616.65653205,0.0
762,121979862.55414608,0.0
763,458055576.5330176,0.0
764,253556698.29154083,0.0
765,111991186.05393496,0.0
766,132480664.78663242,0.0
767,271090568.65635383,0.05078094825148583
768,173599864.99577153,0.0
769,552665477.7548666,0.0
770,189687885.90510964,0.0
771,279357018.97071147,0.07787896133959292
772,90032630.70162147,0.0
773,253112987.76425648,0.0
774,346659903.6640728,0.0
775,282555269.46514904,0.0
776,315512205.37486184,0.0
778,172485873.96826324,0.0
779,305360828.88209134,0.0
780,245764644.12263164,0.0
781,666497976.9907341,0.0
782,318691912.68678653,0.0794566236436367
783,123589584.88985059,0.0
784,662544046.6018469,0.0
786,903271858.3248756,0.12544236704707146
787,1027106566.862799,0.0
788,726728966.066278,0.0
789,448737538.18504167,0.0
790,171569142.8324225,0.0
791,92478251.64332291,0.0
792,144552211.8241887,0.0768356453627348
793,123137590.5159202,0.0
794,668756789.3989736,0.0
795,97083057.968214,0.0
796,29581298.885757245,0.3043459299951792
798,339518969.28557456,0.14052389189600945
800,114944259.33624424,0.0
801,104000625.65063176,0.0
802,55053893.52764129,0.0
803,755548392.1089157,0.0
804,50914413.66268495,0.045164216309785836
805,124908233.74754898,0.0
806,93677235.6153116,0.0
807,77573479.47422908,0.0
809,343829132.9967891,0.0
810,937868729.9097699,0.5475650988519192
811,94360967.5374756,0.0
812,216333754.90019652,0.0
813,152150814.07344377,0.0
814,218403423.2237289,0.0
815,894902776.4910686,0.0
816,131961811.79433264,0.0
817,261266009.424473,0.0
818,283167487.39195764,0.0
819,50186837.67143118,0.0
820,260533018.7812165,0.0
821,205887997.55542773,0.0
822,10950095.1997168,0.0
823,88811589.3282004,0.0
825,6915696.058727156,0.0
826,187051822.21049136,0.0
828,101604707.99691372,0.0
829,110408515.59021524,0.0
830,87250247.57255507,0.0
831,32332695.3766036,0.0
833,162950027.50904942,0.0
835,140285727.82452935,0.04688762128353119
836,49516567.75445493,0.0
837,90647558.76219755,0.0
838,122075135.9170746,0.0
839,209855214.7905436,0.0
840,134404132.813615,0.0
841,124396533.67463714,0.0
842,141213953.90131384,0.0
843,196347050.766332,0.0
844,23494980.19221493,0.0
845,222561750.74515885,0.0
846,22422506.805693395,0.0
847,143967081.33887842,0.0
848,243310739.80755973,0.02546530030667782
850,65544969.53396522,0.0
851,592688803.6305755,0.0
852,125947508.51316866,0.0
853,69884834.6481611,0.0
854,1276187435.630502,0.0
855,114337165.77567552,0.0
856,10615394.60080713,0.0
857,162649516.95276827,0.0
859,3620768.6371558905,0.0
861,397654889.786632,0.17935185506939888
862,214219236.1222834,0.0
863,72014626.9925884,0.0
864,125348165.9110749,0.0
865,3738352043.6778975,0.0
866,82674746.89491448,0.0
867,253627839.67467725,0.0
868,1722181860.9766624,0.0
869,314088129.89587414,0.0
870,1411470414.2015488,0.6941096279770136
871,96227645.72643556,0.0
872,66980334.02866791,0.0
873,49754600.69370538,0.0
874,64930349.14615579,0.06928463093936442
875,82143947.04390395,0.0
876,23642020.351537056,0.0
877,1874853.1184464144,0.0
878,81195662.34275192,0.0
880,154033160.81263888,0.0
881,85586517.25902107,0.0
882,16685005.19932317,0.0
883,121908410.08126035,0.0
884,224824541.6892339,0.0
885,34478361.04519304,0.0
886,137732394.07864326,0.0
887,84361433.41392487,0.0
888,129345850.13117328,0.0
889,57714825.68935227,0.0
890,961375499.9338976,0.0
892,2360997847.0176024,0.0
893,503969779.2064618,0.0
894,285518376.5423339,0.0
895,31947969.44077836,0.0
896,13775794.353224356,0.0
897,63891872.1284944,0.0
899,40570395.18926071,0.0
900,355610105.2881107,0.0
901,31127825.86354291,0.0
902,153610844.89957178,0.07439010590314865
903,76542754.83486941,0.0
904,419456819.5915484,0.0
905,287907002.4189495,0.0
906,84919910.65620035,0.0
907,294252403.8125285,0.0
908,60664924.64606321,0.0
909,93483541.63029948,0.0
910,45044921.33562913,0.0
911,36018971.4068331,0.0
913,50422292.05088376,0.0
914,36035899.41053549,0.1608303226530552
915,41735315.84571143,0.0
916,65900866.57888391,0.0
917,153907652.61143792,0.07665003836154938
918,94116399.34375653,0.0
919,92909116.31317168,0.049068855121731765
920,134654758.76365802,0.18229183927178386
921,755851623.9696107,0.02546034939587116
922,168726353.85524067,0.0
923,82693495.60993798,0.0
925,222566879.49842843,0.0
926,872631606.8345844,0.0
927,157921295.37215653,0.0
928,140016168.38730335,0.0
929,239244938.27085173,0.0
930,49263708.10140166,0.0
931,108249058.52669948,0.0
932,212836087.51551408,0.0
933,134050254.85633264,0.0
934,57430392.70082319,0.0
935,40935430.03781194,0.0
936,92106731.59674862,0.0
937,124553420.08415309,0.0
938,215905703.82350117,0.04972475953400135
939,50809940.06402519,0.0
941,188521359.3373229,0.0
942,25960619.392239854,0.0
943,72431843.98553066,0.0
945,61585899.60716698,0.0
946,80383137.94527134,0.0
947,101095088.41662818,0.0
948,49127824.30972434,0.0
949,307056514.10870373,0.0
950,139346957.39927796,0.0
951,84309238.06480932,0.0
952,22932016.622965086,0.0
953,52019844.86010541,0.044639883562922485
954,268386907.5366796,0.0
955,68078467.09500948,0.0991500448435545
956,70095242.50820348,0.0
957,167915264.03662062,0.0
959,22684561.92479981,0.0
960,10785962.091758933,0.0
961,27694429.60561397,0.0
962,7700674.551641799,0.0
963,120064279.38906378,0.0
964,6166319.715102717,0.0
965,98469246.91749114,0.0
966,29281171.14229443,0.0
967,233490779.50196412,0.0
968,100054636.99055976,0.0
970,218052281.92714283,0.0
972,45900892.26748958,0.0
974,43576354.80975511,0.06653156131505966
975,533114644.0663124,0.05719306506216526
976,168282270.1988265,0.0
977,8525740.14127304,0.0
978,49634988.01264249,0.0
979,202403232.08280703,0.0
980,21351459.1098498,0.0
981,96472296.99176805,0.0
982,1440227935.5087926,0.0
984,832348391.6461939,0.0
985,61790249.24767953,0.0
986,59700125.829100706,0.0
987,46963883.70518269,0.0
988,197694971.73248893,0.0
989,96249235.25970665,0.0
990,36900074.49413242,0.0
991,38917608.37341103,0.0
992,12149040.037520645,0.0
993,32320739.85124341,0.0
994,115740838.13601704,0.0
996,72001965.77640636,0.0
997,32756680.43868088,0.0
998,16313180.618369993,0.0
999,55924250.80883235,0.0
1000,96370452.91226754,0.0
1001,51214537.1164584,0.0
1002,11873522.208347972,0.0
1003,26778291.56464076,0.0
1004,141819336.72503892,0.04467980749905109
1005,5258172.1301906565,0.0
1006,12612774.697116245,0.0
1007,49079054.38497246,0.0
1008,19846097.676153798,0.0
1009,902475074.8955078,0.0
1010,21432977.358957093,0.0
1011,7995894.1050411975,0.0
1012,6969970.171838278,0.0
1013,25232528.564418525,0.0
1014,57833160.7713605,0.0
1015,23723118.566882946,0.0
1016,13637081.649033558,0.0
1017,159788927.20471045,0.0
1019,55819099.97966067,0.0
1020,144683037.89756978,0.0
1021,85878566.66485246,0.0
1023,27680758.24143217,0.0
1024,36067217.009366296,0.0
1025,49741622.403019704,0.0
1026,27324010.41483697,0.0
1027,100751959.39041558,0.0
1028,148878423.43448222,0.0
1029,44371508.10346104,0.0
1030,112439440.20139216,0.15126984752714634
1032,11158759.915285807,0.0
1033,6194309.750206224,0.0
1035,12390041.344467532,0.0
1036,48873466.97439893,0.0
1037,77757628.47077598,0.0
1038,25131199.563158236,0.0
1039,76581817.86055693,0.0
1040,50593759.920108296,0.0
1043,11654847.787966413,0.0
1044,52437610.24519,0.0
1045,1490948584.7086813,0.0
1046,55139796.46023847,0.0
1047,14825315.364109535,0.0
1048,36395517.52937065,0.0
1050,72873137.26614775,0.0
1051,113574993.89287314,0.0
1052,35080351.959850386,0.0
1053,29586473.80857077,0.0
1054,82961192.98632549,0.0
1056,33471974.48875197,0.0
1057,19670286.785117246,0.0
1060,13785630.271912813,0.0
1061,85235441.99948388,0.0
1062,39342980.243723735,0.0
1063,53569329.49814694,0.0
1065,53433316.16322148,0.0
1066,10945131.67333196,0.0
1067,817417648.5229198,0.0
1068,71803447.27376926,0.0
1069,27942235.14532119,0.0
1070,14293267.716980034,0.0
1071,25922465.67664306,0.0
1072,77291151.59536994,0.0
1073,71364198.86927313,0.0
1075,7334982.145402833,0.0
1076,57791514.21144661,0.0
1077,115987485.81539302,0.1252144929021597
1080,127985273.21192732,0.0
1081,66299755.72299206,0.0
1083,6649263.2545677135,0.0
1084,12221552.540310316,0.0
1085,185514531.70255008,0.0
1086,25658849.1072532,0.0
1087,7352262.517884001,0.0
1088,20230297.66518317,0.0
1089,168705541.3934909,0.02533664740622044
1090,104213871.77793272,0.0
1091,5284311.734951466,0.0
1092,29231671.728678774,0.0
1093,75763480.59162456,0.0
1094,42235369.12334752,0.0
1095,32547759.295014605,0.0
1096,20176646.802314594,0.0
1097,43588321.23052348,0.0
1098,61286846.04488382,0.0
1100,40666751.749101,0.0
1101,43036764.03255136,0.0
1103,5562101.891121507,0.0
1104,116211808.94772908,0.0
1105,352434995.4356525,0.026417957618832588
1106,6251943.425173491,0.0
1108,33178065.21727523,0.0
1109,66567277.47385816,0.0
1110,45537697.80979679,0.0
1111,10897195.371499157,0.0
1112,22424177.763891827,0.0
1113,8152269.064763099,0.0
1114,58842371.79286717,0.03201765939593315
1115,6986081.3891488435,0.0
1116,30098414.33904625,0.0
1117,412086906.7137977,0.0
1119,8342753.294746785,0.0
1120,15527429.115377,0.0
1121,858042825.2942003,0.0
1122,18128723.21623667,0.0
1123,18003275.329142198,0.0
1124,20119562.51638928,0.0
1127,9822826.227588672,0.0
1128,25109015.1493273,0.0
1129,12108974.399320535,0.0
1130,8927885.84434425,0.0
1131,29827407.16187049,0.0
1132,153336634.91881254,0.0
1133,118437010.33077629,0.0
1135,26562476.11145072,0.0
1136,11129458.305982336,0.0
1140,8903436.16908411,0.0
1141,7470802.437593989,0.0
1142,10899778.40224085,0.0
1143,7542107.023606854,0.0
1144,18970513.95895469,0.0
1145,52416188.70796936,0.0
1146,18088251.359894406,0.0
1147,30098610.42618451,0.0
1148,57106855.61568405,0.0
1150,52942522.29083462,0.0
1151,71649967.62276213,0.060734663158655174
1153,53305905.58548648,0.0
1154,8748185.309368279,0.0
1155,390023719.99422586,0.0867899265140295
1158,103260160.21359658,0.0
1159,18945922.97233145,0.0
1160,5733702.874978775,0.0
1162,521417787.9747688,0.0
1163,73038081.35364096,0.0
1165,247856918.568682,0.0
1167,75652900.72421499,0.0
1168,36457366.27055675,0.0
1169,10134697.791179046,0.0
1170,33800182.716660365,0.0
1172,95178522.48521984,0.0
1174,23145698.24436329,0.0
1176,60490873.30303045,0.0
1177,23832595.34973644,0.0
1178,23875365.932455424,0.0
1179,23785953.094124075,0.0
1181,31597497.64789287,0.0
1182,7765173.750236155,0.0
1184,54522270.61346342,0.0
1185,8203491.080677716,0.0
1187,8330911.805307029,0.0
1188,651229682.5752902,0.0
1189,42566322.86656921,0.0
1190,7273124.838264264,0.0
1191,8577653.367790503,0.0
1192,18144139.16150141,0.0
1193,484159733.43238115,0.0
1194,104615945.38535625,0.0
1195,26277029.86338664,0.0
1197,61519646.54323242,0.0
1198,66991392.4651885,0.0
1199,95065730.61834563,0.0
1202,18882920.85182763,0.0
1203,17714463.00748695,0.0
1204,40251665.6677395,0.0
1208,30397727.320125595,0.0
1210,13659401.728486193,0.0
1215,38474667.73795668,0.0
1216,29824873.73108158,0.0
1217,31207601.300476715,0.0
1218,7197238.810310363,0.0
1219,726690582.617341,0.0
1220,49187017.72648376,0.0
1221,250527166.31781787,0.0
1222,7430881.1148821525,0.0
1223,69450853.98555505,0.0
1224,31801224.21270424,0.0
1226,6760511.316617748,0.0
1229,175569735.02219665,0.0
1230,26248967.31642145,0.0
1232,18750722.34973325,0.0
1233,49777625.53756808,0.0
1235,16013250.190548025,0.0
1236,61897775.66855371,0.0
1238,6807393.23764455,0.0
1239,8267830.211426863,0.0
1241,50421330.74425322,0.0
1243,161373515.66641513,0.0
1244,89536152.08791737,0.0
1249,41471555.57844114,0.0
1251,236141273.9968959,0.0
1252,5428644.600159608,0.0
1254,5407795.511578651,0.0
1259,1439212.376267301,0.0
1260,34114371.635560125,0.0
1263,20244664.724337906,0.0
1266,12629490.8747497,0.0
1268,20309620.137101814,0.0
1269,208550506.40286818,0.0
1271,17273391.750181578,0.0
1272,29113481.656967673,0.0
1273,893938079.3813652,0.0
1276,6735981.144229108,0.0
1277,29156985.12203707,0.0
1278,83158619.43407723,0.04507457464933395
1279,6704333.232604482,0.0
1281,29106402.98478525,0.0
1283,6210580.172724937,0.0
1284,12889255.004360445,0.0
1285,5544911.35373112,0.0
1288,57962741.71037818,0.0
1291,44338171.14846876,0.0
1292,33561350.44850977,0.0
1294,10748038.173277102,0.0
1295,30057677.069083694,0.0
1296,30596505.677912246,0.0
1299,5958231.163890231,0.0
1301,66675943.29060257,0.0
1302,210742418.52770388,0.0
1303,36068796.72607344,0.0
1304,98754908.43545929,0.0
1305,7446927.177920292,0.0
1307,498698880.8803581,0.0
1308,47960420.97373912,0.0
1309,24298378.09432859,0.0
1310,5476033.479897225,0.0
1311,50117822.51411152,0.0
1314,15871644.681639548,0.0
1316,12991686.257748842,0.0
1317,199225862.07425418,0.0
1320,31488443.936491605,0.0
1321,6782208.850706369,0.0
1322,6590605.119209899,0.0
1323,7929856.831278186,0.0
1327,101143035.26142988,0.0
1331,6527936.872814767,0.0
1332,7326268.470540307,0.0
1333,451781133.68044025,0.0
1334,137393869.67816237,0.0
1335,11385070.764806895,0.0
1340,74123779.18785825,0.0
1341,11663339.446230344,0.0
1343,199419290.99137223,0.0
1345,8085256.594905885,0.0
1346,5942237.258506985,0.0
1347,11550292.356265515,0.0
1348,97804404.1288676,0.0
1350,108598273.64535303,0.0
1352,6764572.105065038,0.0
1353,221706476.19636703,0.0
1356,11495402.323648594,0.0
1357,72975675.35898241,0.0
1358,19730272.938484244,0.0
1360,10145926.247758428,0.0
1363,55603603.17855957,0.0
1364,5321659.77438475,0.0
1367,23156373.87813529,0.0
1368,34045692.28908685,0.0
1369,7720181.7293933425,0.0
1370,27591675.01772923,0.0
1372,7576487.13169707,0.0
1378,55625215.63716578,0.0
1381,8579519.929781917,0.0
1382,15617855.693232065,0.0
1385,7310901.816424424,0.0
1392,7084652.086585297,0.0
1393,10824079.442336548,0.0
1394,30874840.876373284,0.0
1395,113655400.81705862,0.0
1396,12345840.452437935,0.0
1397,6505445.289701862,0.0
1398,5591251.048624493,0.0
1399,10328070.606678907,0.0
1400,7741817.975971779,0.0
1401,103761976.84558056,0.0
1404,159459521.21027613,0.0
1405,8632741.430996496,0.0
1406,17278759.782860707,0.0
1409,7072955.563807317,0.0
1411,8327792.257948019,0.0
1412,5727097.9919373365,0.0
1415,9385121.1076492,0.0
1417,6844498.043635393,0.0
1418,20818169.617790088,0.0
1419,6310733.057299972,0.0
1420,12636243.419774165,0.0
1421,12820613.999922808,0.0
1423,43423177.70268413,0.0
1428,10296595.437286837,0.0
1429,5379228.070189778,0.0
1430,6461424.359874938,0.0
1432,18538631.11556056,0.0
1434,4780462.441384565,0.0
1436,5055975.245780267,0.0
1437,6742758.8164949985,0.0
1438,46661635.42863636,0.0
1439,7061146.693460828,0.0
1442,8799411.00407753,0.0
1443,7438535.229759736,0.0
1444,24763598.25522396,0.0
1445,22660735.67432357,0.0
1446,512842809.4296878,0.0
1447,43136443.53077316,0.0
1452,9696052.114890436,0.0
1453,13366083.383536395,0.0
1455,5094436.22799941,0.0
1456,1012927291.9713119,0.0
1457,5318850.551478295,0.0
1461,86076840.24233863,0.0
1462,9370035.0757471,0.0
1465,29566655.27925796,0.0
1467,9114993.994818162,0.0
1472,8405762.41704404,0.0
1473,15350207.077656247,0.0
1474,21315182.33474167,0.0
1475,9669467.785480168,0.0
1479,11973190.44529605,0.0
1483,6194755.115959489,0.0
1487,12367821.156372756,0.0
1488,4782146.768779179,0.0
1491,6276853.02025033,0.0
1492,528745389.6424972,0.0
1493,11410695.324893147,0.0
1495,11205559.268183852,0.0
1496,282031904.15935296,0.0
1497,6658948.8360912865,0.0
1500,8054828.314467978,0.0
1502,154585840.12353092,0.0
1504,9504434.12806477,0.0
1505,18386989.29435319,0.0
1506,60168100.97082111,0.0
1508,8646876.36358054,0.0
1509,55988061.28068155,0.0
1510,48369476.63799409,0.0
1511,254428160.2180904,0.0
1514,14358714.728815855,0.0
1516,8444148.01418233,0.0
1518,1019739.8827852235,0.0
1519,34276291.17653778,0.0
1521,24380191.31831923,0.0
1526,71693425.5795308,0.0
1528,29115891.26073767,0.0
1529,113145138.42111637,0.0
1530,127968141.21302085,0.0
1534,46679776.23627338,0.0
1535,7930729.437336719,0.0
1536,7110845.98041943,0.0
1537,5975642.123511097,0.0
1540,16270139.620749695,0.0
1541,23452918.81464077,0.0
1543,5148195.662301495,0.0
1548,4674747.061569338,0.0
1550,15982156.7330211,0.0
1552,57561207.47600832,0.07679060846567154
1553,99587220.87122127,0.0
1555,476292366.7951807,0.0
1556,19992393.339412533,0.0
1559,54572052.94518293,0.0
1561,40152955.62924328,0.0
1567,19084860.12663006,0.0
1568,6132081.905205544,0.0
1571,7820306.767909748,0.0
1578,84390483.72396155,0.0
1581,102770298.19063067,0.0
1584,5863242.242945816,0.0
1589,8709381.695763813,0.0
1590,5447426.531744847,0.0
1600,5368064.01936895,0.0
1603,36235065.803954706,0.0
1604,41852163.026476294,0.0
1607,20089040.708639696,0.0
1615,10909154.401112612,0.0
1617,19970005.725883286,0.0
1618,9359371.43833642,0.0
1619,13425876.863391172,0.0
1621,72089612.59863421,0.0
1624,6879296.003720125,0.0
1625,7443884.458964848,0.0
1626,44073067.84927656,0.0
1631,6774423.45723681,0.0
1639,12079275.362717185,0.0
1642,5224062.678674387,0.0
1645,7220338.693527775,0.0
1647,14087223.424280627,0.0
1648,116579229.21264696,0.0
1653,7665391.896938208,0.0
1655,562793883.8405366,0.0
1658,26395193.78746073,0.0
1661,9622618.06733264,0.0
1667,38844492.645642295,0.0
1670,7122174.9090423165,0.0
1675,6853387.414507179,0.0
1677,7994917.771071649,0.0
1684,140806538.3484301,0.0
1685,16141857.712450655,0.0
1689,9720260.332330726,0.0
1690,12547546.956209298,0.0
1692,10527189.820228294,0.0
1697,6770255.6413756525,0.0
1698,73921178.96188143,0.0
1700,39539034.145282395,0.0
1708,13344144.74406719,0.0
1715,25630596.54181826,0.0
1717,28421731.610581856,0.0
1718,5522586.5012438465,0.0
1720,5205599.073591335,0.0
1725,4610630.58852259,0.0
1734,19061776.187093753,0.0
1741,11233019.64748777,0.0
1751,22731521.402604666,0.0
1752,8902429.357509408,0.0
1753,12401708.792684294,0.0
1769,18755005.81937889,0.0
1770,34461649.794996195,0.0
1772,8907956.33022809,0.0
1778,32667391.35016746,0.0
1782,137521295.30337575,0.0
1787,19104433.187028512,0.0
1790,14345142.0778378,0.0
1795,8980930.528457046,0.0
1798,5679781.838881529,0.0
1799,49019043.07751152,0.0
1801,5909325.164015781,0.0
1803,7715003.060653895,0.0
1806,10384051.10652617,0.0
1808,57076614.12805745,0.0
1810,35796243.66971671,0.0
1816,12935402.14657792,0.0
1821,4576658.155323495,0.0
1824,7617201.429332565,0.0
1825,9873166.984221622,0.0
1837,17407254.530911148,0.0
1842,6791658.814832221,0.0
1858,4791858.659054861,0.0
1865,12769681.343359224,0.0
1882,277351143.78572947,0.0
1883,339824254.1117109,0.0
1886,5078309.882652895,0.0
1891,15550975.28404634,0.0
1892,16368641.038696025,0.0
1893,17207191.011730142,0.0
1901,103546569.919849,0.0
1904,9691309.296044054,0.0
1906,271351628.1278189,0.0
1915,13783327.155149803,0.0
1916,30270293.001410283,0.0
1917,46247394.07035256,0.0
1920,18500928.64641793,0.0
1921,9630920.39522254,0.0
1942,3625912.7064290494,0.0
1948,8594177.304908553,0.0
1949,5356982.157385103,0.0
1950,22317964.612282667,0.0
1953,12136626.257199734,0.0
1957,5872253.725632079,0.0
1968,12980752.886819433,0.0
1969,854713684.3340492,0.0
1974,5268759.815261092,0.0
1995,6812653.383629315,0.0
1996,4783690.932755737,0.0
2000,17723246.09274561,0.0
2001,10497929.500024047,0.0
2011,19669830.295709413,0.0
2022,51299020.13502506,0.0
2028,14751974.091992974,0.0
2033,7982350.384292083,0.0
2042,12898841.634364204,0.0
2044,7618671.88986706,0.0
2054,10718828.879565537,0.0
2074,9345915.911318073,0.0
2084,10039112.87865194,0.0
2086,7451125.934592498,0.0
2092,21776244.85687927,0.0
2096,16229120.993485747,0.0
2112,14276724.55346085,0.0
2133,5917393.495728591,0.0
2146,9736563.555197187,0.0
2153,5312369.760624352,0.0
2162,21382446.875875507,0.0
2163,15322991.96587282,0.0
2166,4625415.633934421,0.0
2168,178877732.9795577,0.0
2174,8199260.725307837,0.0
2179,130621611.03045064,0.0
2181,126176257.80941802,0.0
2184,23881093.718355104,0.0
2186,113641043.89137194,0.0
2204,35601646.24188849,0.0
2212,17374558.18295615,0.0
2214,10197388.623896323,0.0
2215,35420622.07928963,0.0
2230,10114271.878103817,0.0
2234,32446791.90986813,0.0
2239,536856695.6479208,0.0
2265,12687451.45895444,0.0
2280,9855310.78639694,0.0
2281,28185258.067397416,0.0
2283,172525312.53645045,0.0
2290,46935166.65835998,0.0
2294,11614839.449677926,0.0
2303,40262786.88208489,0.0
2323,34621217.47853856,0.0
2324,6599563.101615488,0.0
2325,12751653.030979535,0.0
2327,37100158.250040464,0.0
2339,166334407.07096505,0.0
2345,46436531.02236028,0.0
2361,228427360.61132315,0.0
2368,66836480.04786557,0.0
2374,167991513.8288896,0.0
2387,81340954.16499549,0.0
2388,37441728.07151124,0.0
2405,46891150.59219493,0.0
2406,586203659.4333867,0.0
2414,13928363.861712793,0.0
2429,12799759.305879228,0.0
2438,221532966.7169588,0.0
2452,26986206.366651364,0.0
2454,6951255.0493117375,0.0
2466,22531146.31368569,0.0
2468,12820106.312837508,0.0
2497,6555052.79140574,0.0
2521,14772376.270801025,0.0
2531,25898994.16132352,0.0
2544,11282731.565198375,0.0
2550,195863900.74444863,0.0
2554,52668708.55922113,0.0
2561,8560805.683318693,0.0
2576,7816171.957146768,0.0
2585,15853137.390870254,0.0
2605,43317495.21048732,0.0
2606,10512849.580023464,0.0
2629,91350685.44405667,0.0
2645,5050657.276259824,0.0
2646,17110517.901010253,0.0
2649,5517077.593555001,0.0
2661,33700959.80854335,0.0
2665,5896019.4841039125,0.0
2676,22062514.33593892,0.0
2677,57627668.33477791,0.0
2694,57527827.05350648,0.0
2723,9625816.013967367,0.0
2727,6363121.781449713,0.0
2728,91968645.23083964,0.0
2731,78074966.69969168,0.0
2739,74314050.60829961,0.0
2755,25797332.826617613,0.0
2768,240783258.56605133,0.0
2776,7512816.779630585,0.0
2783,4816869.3303568065,0.0
2796,15208849.88402878,0.0
2823,10025406.176559675,0.0
2852,21300012.469286013,0.0
2855,8619780.940172061,0.0
2862,30629358.079261374,0.0
2884,23348589.96782268,0.0
2908,15228312.385907575,0.0
2909,4830680.6699890485,0.0
2920,21011714.819726672,0.0
2931,132144553.2055102,0.0
2951,5236064.168828066,0.0
2957,10463328.006369352,0.0
2964,13981332.979490254,0.0
2982,21656887.177373774,0.0
3000,9659096.018130723,0.0
3005,8873743.842253085,0.0
3018,9602815.10240915,0.0
3036,32623519.57263817,0.0
3039,5413068.3722295305,0.0
3043,9736300.205864036,0.0
3061,790981661.1356318,0.0
3085,25195152.65878723,0.0
3094,670007177.349592,0.0
3109,33096579.590617765,0.0
3117,179425966.98069283,0.0
3122,38087650.362856135,0.0
3139,13345627.546689145,0.0
3142,44284128.02069643,0.0
3176,6857057.90835404,0.0
3179,8399982.322444063,0.0
3208,6794209.642694643,0.0
3209,27832235.39630105,0.0
3218,5518949.797931244,0.0
3238,15968221.079668105,0.0
3243,5068487.796366512,0.0
3270,11474889.707157208,0.0
3274,9485443.831028538,0.0
3299,24916981.277453884,0.0
3304,7283740.302262043,0.0
3307,149765885.11355034,0.0
3332,5213702.17595522,0.0
3349,5661655.716213943,0.0
3380,10508774.448976304,0.0
3392,18938918.644694906,0.0
3427,7043505.218420197,0.0
3429,10932865.756387938,0.0
3452,166017805.62808418,0.0
3454,76798314.92457551,0.0
3468,38241259.875985056,0.0
3484,36604262.96695797,0.0
3488,24940377.629225824,0.0
3503,226225929.03476447,0.0
3521,21616006.14239952,0.0
3526,23515410.17344627,0.0
3538,8197291.949215975,0.0
3600,21256740.493040066,0.0
3635,9700700.62434563,0.0
3659,263930421.71583492,0.0
3667,4572429.911232651,0.0
3676,11817660.171729635,0.0
3681,7395651.289146348,0.0
3683,10101334.614705332,0.0
3698,6322211.369823441,0.0
3726,5990343.842210607,0.0
3772,16815346.13837541,0.0
3792,152745409.58042806,0.0
3793,8701030.006237198,0.0
3815,37837845.418406494,0.0
3828,10826144.088622063,0.0
3855,26612845.10686034,0.0
3860,18368481.69813653,0.0
3888,5228500.473083477,0.0
3908,7288882.179698617,0.0
3919,23960033.954784546,0.0
3928,59939889.91981975,0.0
3934,5456831.259451686,0.0
3948,5777493.181975878,0.0
4031,13136387.24744926,0.0
4036,44008026.58902043,0.0
4045,19716494.12060489,0.0
4063,14540412.305512875,0.0
4077,7456758.56524675,0.0
4091,45844996.16509871,0.0
4114,4956511.373258368,0.0
4120,46617941.99880225,0.0
4126,5248692.900179414,0.0
4199,240666430.40022403,0.0
4297,9109460.27876151,0.0
4302,26185259.50845233,0.0
4334,16227654.953546628,0.0
4363,11743966.38314546,0.0
4382,7032614.677253097,0.0
4392,47372941.25582688,0.0
4416,21946370.771639068,0.0
4468,6459781.016132186,0.0
4513,60073174.09932701,0.0
4530,19536883.793298364,0.0
4549,8025141.358140063,0.0
4559,48693386.03997451,0.0
4645,13286512.38151662,0.0
4661,145005390.91432247,0.0
4666,5949249.148483222,0.0
4672,17928566.97196289,0.0
4707,11965588.286679495,0.0
4734,14145376.42689869,0.0
4739,196580323.32854745,0.0
4749,11979655.876511095,0.0
4787,7075203.753749765,0.0
4790,6757478.563302135,0.0
4796,18383601.34603153,0.0
4805,13621757.210428687,0.0
4899,137537856.07207543,0.0
5077,6537798.099999133,0.0
5320,36584286.44751334,0.0
5404,37973095.67868437,0.0
5478,27336536.391680986,0.0
5632,32976723.69289527,0.0
5665,51956747.99050047,0.0
5674,8430486.226278896,0.0
5701,5484025.825704149,0.0
5718,13238496.354565134,0.0
5818,9898990.890670206,0.0
5912,14830174.10526556,0.0
6019,4739545.417326339,0.0
6107,694334456.3868395,0.0
6110,4699750.422273919,0.0
6211,4934981.99969183,0.0
6272,12219097.106009396,0.0
6278,9262369.636043347,0.0
6387,6310275.517287468,0.0
6438,5721583.515708079,0.0
6466,76397550.27323169,0.0
6495,8215370.522791644,0.0
6497,5176363.857132563,0.0
6499,9253319.740833586,0.0
6524,26595695.67060157,0.0
6591,63361626.77521689,0.0
6635,12530264.811462102,0.0
6815,18610529.38048322,0.0
6871,10681547.45451021,0.0
7019,16616841.263389973,0.0
7052,14115357.71445425,0.0
7166,4936088.554935552,0.0
7254,20324194.61515637,0.0
7274,352011135.64056027,0.0
7299,12614117.977423953,0.0
7368,7680983.695970744,0.0
7465,38618693.42381317,0.0
7468,10675126.585044723,0.0
7537,11621003.635947242,0.0
7689,17729498.704348642,0.0
8129,13499826.590014208,0.0
8196,8728890.249706779,0.0
8269,9216935.310634043,0.0
8353,29059907.46474413,0.0
8544,61230647.63351628,0.0
8546,10489510.0045391,0.0
8604,15324964.333488638,0.0
8685,9579506.195854107,0.0
8705,14414625.257720714,0.0
8710,10158693.830111137,0.0
8723,14048202.916194916,0.0
8968,5046011.3983511515,0.0
9084,6131000.591326443,0.0
9224,5315254.244418777,0.0
9244,58259804.48757641,0.0
9293,5516319.255019839,0.0
9378,5405820.928630298,0.0
9973,22080018.816158324,0.0
10159,5700161.733458232,0.0
10201,5141094.323239387,0.0
10280,12592411.25977501,0.0
10454,79277375.09243128,0.0
10459,6402028.881292556,0.0
10473,6614945.15564904,0.0
10640,4520035.695743477,0.0
10691,5485390.326212271,0.0
10928,262251697.68934733,0.0
11010,4784605.593210188,0.0
11061,5781951.958269305,0.0
11272,10665926.61112554,0.0
11441,5259307.454548227,0.0
11777,6709131.179665295,0.0
11869,28133699.73043863,0.0
12140,16975016.066227302,0.0
12208,18966243.250967067,0.0
12631,7083219.541802768,0.0
12654,9385192.99854646,0.0
12682,7727490.712245093,0.0
12738,9832956.85934845,0.0
13249,6937585.967593762,0.0
13299,5772055.121292752,0.0
13377,5643760.652729563,0.0
13514,5950644.693855887,0.0
13781,5075834.976921633,0.0
13807,13485552.396927945,0.0
14240,13786757.342478415,0.0
14442,31778195.894797336,0.0
14650,6013247.843040192,0.0
15000,6259396.03206124,0.0
15492,13851958.81155546,0.0
15529,10509995.026714187,0.0
15840,19654346.63847014,0.0
15909,22150693.411947247,0.0
17026,8332023.764619506,0.0
17588,8352427.423672472,0.0
17633,5649729.778969337,0.0
17795,16948750.073388908,0.0
18379,13818029.644472053,0.0
18862,7383683.284079563,0.0
19129,4723019.288371708,0.0
19715,5421561.984013969,0.0
20157,6719934.722038569,0.0
20512,5649756.581136424,0.0
20747,6331120.514216367,0.0
22246,8271425.877382573,0.0
23231,9162409.485398693,0.0
25513,5412891.773304434,0.0
28102,5212742.520754394,0.0
28823,13793236.18652498,0.0
29309,6470287.049415957,0.0
30409,8511034.676647615,0.0
31281,7511145.6603170615,0.0
35974,5970083.9985178085,0.0
46322,10175091.211323382,0.0
49407,9181471.310823232,0.0
